row_id,query_company,query_city,query_state,severity,issue_codes,narrative
7878957,Visit Salt Lake,San Francisco,CA,info,,No automated issues flagged; still spot-check for domain edge cases.
7879015,"Servant Keeper, LLC",Elizabethtown,KY,med,DUPLICATE_ROUNDED_SCORES_IN_TOP5,Two or more top-5 rows of DIFFERENT entities share the same score to 4 decimals; ordering looks arbitrary without exposed tie-breakers.
7879342,NWACUHO - Northwest Association of College & University Housing Officers,Fairbanks,AK,info,,No automated issues flagged; still spot-check for domain edge cases.
7879999,meeting Source Prestige Global,Arlington Heights,IL,med,STRONG_SCORE_NON_EXACT_NAME;HYBRID_SEMANTIC_LED_AT_CEILING,Top-1 is a related but non-identical name (token_subset_mismatch) at 0.9667; rationale should justify suffix/token gaps. Hybrid (semantic-led) at a ceiling score with non-exact name overlap — defensibility risk for SMEs.
7880589,Women of Power Conference,,,med,DUPLICATE_ROUNDED_SCORES_IN_TOP5,Two or more top-5 rows of DIFFERENT entities share the same score to 4 decimals; ordering looks arbitrary without exposed tie-breakers.
7880640,Corporation Of Hamilton,Hamilton,Bermuda,med,STRONG_SCORE_NON_EXACT_NAME;HYBRID_SEMANTIC_LED_AT_CEILING,Top-1 is a related but non-identical name (query_and_top1_names_related_non_equal) at 0.9660; rationale should justify suffix/token gaps. Hybrid (semantic-led) at a ceiling score with non-exact name overlap — defensibility risk for SMEs.
7880903,Corporation of Hamilton,,,info,DUPLICATE_ROUNDED_SCORES_IN_TOP5,"Top-5 score ties are all the same entity (multi-office); expected, not a ranking defect (info only)."
7880904,Corporation Of Hamilton,Pembroke,Bermuda,med,STRONG_SCORE_NON_EXACT_NAME;HYBRID_SEMANTIC_LED_AT_CEILING,Top-1 is a related but non-identical name (query_and_top1_names_related_non_equal) at 0.9716; rationale should justify suffix/token gaps. Hybrid (semantic-led) at a ceiling score with non-exact name overlap — defensibility risk for SMEs.
7880905,Corporation Of Hamilton,Pembroke,Bermuda,med,STRONG_SCORE_NON_EXACT_NAME;HYBRID_SEMANTIC_LED_AT_CEILING,Top-1 is a related but non-identical name (query_and_top1_names_related_non_equal) at 0.9716; rationale should justify suffix/token gaps. Hybrid (semantic-led) at a ceiling score with non-exact name overlap — defensibility risk for SMEs.
7880906,Corporation Of Hamilton,,Bermuda,med,DUPLICATE_ROUNDED_SCORES_IN_TOP5,Two or more top-5 rows of DIFFERENT entities share the same score to 4 decimals; ordering looks arbitrary without exposed tie-breakers.
7881526,ALM Global (EMEA) Ltd,,,info,,No automated issues flagged; still spot-check for domain edge cases.
7882317,Supreme Court,Hamilton,Bermuda,info,DUPLICATE_ROUNDED_SCORES_IN_TOP5,"Top-5 score ties are all the same entity (multi-office); expected, not a ranking defect (info only)."
7882747,Supreme Court,Hamilton,Bermuda,info,DUPLICATE_ROUNDED_SCORES_IN_TOP5,"Top-5 score ties are all the same entity (multi-office); expected, not a ranking defect (info only)."
7883989,Sacred Heart School,Saint Charles,MO,med,STRONG_SCORE_NON_EXACT_NAME;HYBRID_SEMANTIC_LED_AT_CEILING,Top-1 is a related but non-identical name (query_and_top1_names_related_non_equal) at 0.9663; rationale should justify suffix/token gaps. Hybrid (semantic-led) at a ceiling score with non-exact name overlap — defensibility risk for SMEs.
7890224,Blood Cancer United Inc - United States,Rye Brook,NY,med,DUPLICATE_ROUNDED_SCORES_IN_TOP5,Two or more top-5 rows of DIFFERENT entities share the same score to 4 decimals; ordering looks arbitrary without exposed tie-breakers.
7893800,Perfect Planning Events,Woodbridge,VA,info,,No automated issues flagged; still spot-check for domain edge cases.
7894018,"CU Cooperative Systems, Inc. dba CO-OP Solutions",Rancho Cucamonga,CA,info,,No automated issues flagged; still spot-check for domain edge cases.
7894031,"CU Cooperative Systems, Inc. dba CO-OP Solutions",Durham,CT,med,DUPLICATE_ROUNDED_SCORES_IN_TOP5,Two or more top-5 rows of DIFFERENT entities share the same score to 4 decimals; ordering looks arbitrary without exposed tie-breakers.
7895262,USSD,Denver,CO,info,,No automated issues flagged; still spot-check for domain edge cases.
7895819,Lanthrop Gpm,Columbia,SC,info,,No automated issues flagged; still spot-check for domain edge cases.
7896046,Emergency Medical Services/DSHS,Austin,TX,info,,No automated issues flagged; still spot-check for domain edge cases.
7898313,"Roy H. Long Realty Company, Inc. dba Long Realty",Tucson,AZ,info,,No automated issues flagged; still spot-check for domain edge cases.
7899551,First Alliance Church,Lexington,KY,info,,No automated issues flagged; still spot-check for domain edge cases.
7904800,First Baptist Church,CORSICANA,TX,info,,No automated issues flagged; still spot-check for domain edge cases.
7904949,FIRST Global Agency on behalf of Nick West,New York,NY,med,STRONG_SCORE_NON_EXACT_NAME;HYBRID_SEMANTIC_LED_AT_CEILING,Top-1 is a related but non-identical name (query_and_top1_names_related_non_equal) at 0.9662; rationale should justify suffix/token gaps. Hybrid (semantic-led) at a ceiling score with non-exact name overlap — defensibility risk for SMEs.
7913800,HB,Buffalo,NY,info,,No automated issues flagged; still spot-check for domain edge cases.
7918771,X-Camp Academy,Saratoga,CA,med,DUPLICATE_ROUNDED_SCORES_IN_TOP5,Two or more top-5 rows of DIFFERENT entities share the same score to 4 decimals; ordering looks arbitrary without exposed tie-breakers.
7918774,WAHUPA Educational Services,,,info,NO_QUERY_GEO_RANK1_HAS_LOCATION,"Query omits city/state and rank-1 carries an address, but no same-name bare row ties it — acceptable when rank-1 is the best/only-named match (info only)."
7918779,Southern University Upward Bound,Baton Rouge,LA,info,,No automated issues flagged; still spot-check for domain edge cases.
7918783,Washington School for Girls,Washington,DC,info,,No automated issues flagged; still spot-check for domain edge cases.
7918787,Saint Joseph High School,Metuchen,NJ,info,,No automated issues flagged; still spot-check for domain edge cases.
7918803,Wisconsin Evangelical Lutheran Church,Waukesha,WI,info,,No automated issues flagged; still spot-check for domain edge cases.
7918805,Soluz LLC,Dorado,PR,med,DUPLICATE_ROUNDED_SCORES_IN_TOP5,Two or more top-5 rows of DIFFERENT entities share the same score to 4 decimals; ordering looks arbitrary without exposed tie-breakers.
7918806,She's Still Missing,Bedford,TX,med,DUPLICATE_ROUNDED_SCORES_IN_TOP5,Two or more top-5 rows of DIFFERENT entities share the same score to 4 decimals; ordering looks arbitrary without exposed tie-breakers.
7918807,Work N Roll,,,info,NO_QUERY_GEO_RANK1_HAS_LOCATION;DUPLICATE_ROUNDED_SCORES_IN_TOP5,"Query omits city/state and rank-1 carries an address, but no same-name bare row ties it — acceptable when rank-1 is the best/only-named match (info only). Top-5 score ties are all the same entity (multi-office); expected, not a ranking defect (info only)."
7918809,Quadcode,Kato Polemidia,Cyprus,info,DUPLICATE_ROUNDED_SCORES_IN_TOP5,"Top-5 score ties are all the same entity (multi-office); expected, not a ranking defect (info only)."
7918810,Worldwide Elections,,,info,DUPLICATE_ROUNDED_SCORES_IN_TOP5,"Top-5 score ties are all the same entity (multi-office); expected, not a ranking defect (info only)."
7918811,Universidad de Georgetown,,,info,NO_QUERY_GEO_RANK1_HAS_LOCATION;DUPLICATE_ROUNDED_SCORES_IN_TOP5,"Query omits city/state and rank-1 carries an address, but no same-name bare row ties it — acceptable when rank-1 is the best/only-named match (info only). Top-5 score ties are all the same entity (multi-office); expected, not a ranking defect (info only)."
7918827,Relaunch to Rich,,,info,DUPLICATE_ROUNDED_SCORES_IN_TOP5,"Top-5 score ties are all the same entity (multi-office); expected, not a ranking defect (info only)."
7918830,"Greenlight Tour & Travel, Inc.  d/b/a GL Travel",Huntington Beach,CA,info,,No automated issues flagged; still spot-check for domain edge cases.
7918831,"Greenlight Tour & Travel, Inc.  d/b/a GL Travel",Granite Bay,CA,med,DUPLICATE_ROUNDED_SCORES_IN_TOP5,Two or more top-5 rows of DIFFERENT entities share the same score to 4 decimals; ordering looks arbitrary without exposed tie-breakers.
7918832,"Greenlight Tour & Travel, Inc.  d/b/a GL Travel",Addison,TX,med,DUPLICATE_ROUNDED_SCORES_IN_TOP5,Two or more top-5 rows of DIFFERENT entities share the same score to 4 decimals; ordering looks arbitrary without exposed tie-breakers.
7918845,SCFP - Syndicat canadien de la fonction publique,Quebec City,QC,info,,No automated issues flagged; still spot-check for domain edge cases.
7918850,Social Fresh,Naucalpan,Estado de Mexico,info,DUPLICATE_ROUNDED_SCORES_IN_TOP5,"Top-5 score ties are all the same entity (multi-office); expected, not a ranking defect (info only)."
7918851,"The Inner Circle of NY Political Journalists, Inc.",New York,NY,info,,No automated issues flagged; still spot-check for domain edge cases.
7918858,Stout Real Estate,,,high,GATE_A_TOP5_TIE_CLUSTER,No automated issues flagged; still spot-check for domain edge cases.
7918860,Rayna Properties,,,info,NO_QUERY_GEO_RANK1_HAS_LOCATION,"Query omits city/state and rank-1 carries an address, but no same-name bare row ties it — acceptable when rank-1 is the best/only-named match (info only)."
7918896,SNAMO - AVEO Table + Bar,Springfield,MA,info,DUPLICATE_ROUNDED_SCORES_IN_TOP5,"Top-5 score ties are all the same entity (multi-office); expected, not a ranking defect (info only)."
7918897,SNAMO - AVEO Table + Bar,Princeton,NJ,info,DUPLICATE_ROUNDED_SCORES_IN_TOP5,"Top-5 score ties are all the same entity (multi-office); expected, not a ranking defect (info only)."
7918909,North End Teleservices,Omaha,NE,med,DUPLICATE_ROUNDED_SCORES_IN_TOP5,Two or more top-5 rows of DIFFERENT entities share the same score to 4 decimals; ordering looks arbitrary without exposed tie-breakers.
7918915,Pimcore,SALZBURG,,info,,No automated issues flagged; still spot-check for domain edge cases.
7918916,Prosper Capital,,,info,DUPLICATE_ROUNDED_SCORES_IN_TOP5,"Top-5 score ties are all the same entity (multi-office); expected, not a ranking defect (info only)."
7918920,"WarnerMedia, LLC",Chicago,IL,info,,No automated issues flagged; still spot-check for domain edge cases.
7918921,NPB Technologies,,,info,,No automated issues flagged; still spot-check for domain edge cases.
7918928,WACO Theater Center,Brooklyn,NY,info,,No automated issues flagged; still spot-check for domain edge cases.
7918954,Rensenhouse Industrial Solutions KC,Kansas City,MO,info,,No automated issues flagged; still spot-check for domain edge cases.
7918984,CSI TEXAS DMC,Dallas,TX,info,,No automated issues flagged; still spot-check for domain edge cases.
7919032,Kingdom Alliance Repour and Relaxation,Leesburg,FL,info,DUPLICATE_ROUNDED_SCORES_IN_TOP5,"Top-5 score ties are all the same entity (multi-office); expected, not a ranking defect (info only)."
7919049,DLM Governance July 2026,Fairport,NY,info,,No automated issues flagged; still spot-check for domain edge cases.
7919062,BCD/Austin,,,info,NO_QUERY_GEO_RANK1_HAS_LOCATION;DUPLICATE_ROUNDED_SCORES_IN_TOP5,"Query omits city/state and rank-1 carries an address, but no same-name bare row ties it — acceptable when rank-1 is the best/only-named match (info only). Top-5 score ties are all the same entity (multi-office); expected, not a ranking defect (info only)."
7919066,ACI Cartels & TCOs and Global AI & Trade Tech,New York,NY,info,,No automated issues flagged; still spot-check for domain edge cases.
7919089,Atlantic (USA) LC.,New York City,NY,info,,No automated issues flagged; still spot-check for domain edge cases.
7919131,Davidson - Investor Conference 2026,Denver,CO,info,,No automated issues flagged; still spot-check for domain edge cases.
7919141,Bschool / 2610-mit-sfo-mba – San Francisco,,,info,DUPLICATE_ROUNDED_SCORES_IN_TOP5,"Top-5 score ties are all the same entity (multi-office); expected, not a ranking defect (info only)."
7919153,Convención ORO AVLA 2027 Colombia Opcion 2,,,info,NO_QUERY_GEO_RANK1_HAS_LOCATION,"Query omits city/state and rank-1 carries an address, but no same-name bare row ties it — acceptable when rank-1 is the best/only-named match (info only)."
7919156,ACCA Member Recognition,,,info,,No automated issues flagged; still spot-check for domain edge cases.
7919293,Pro-ven/129389/US,,,info,DUPLICATE_ROUNDED_SCORES_IN_TOP5,"Top-5 score ties are all the same entity (multi-office); expected, not a ranking defect (info only)."
7919295,Relay Resources,Portland,OR,med,DUPLICATE_ROUNDED_SCORES_IN_TOP5,Two or more top-5 rows of DIFFERENT entities share the same score to 4 decimals; ordering looks arbitrary without exposed tie-breakers.
7919297,WallachBeth,Boca Raton,FL,info,,No automated issues flagged; still spot-check for domain edge cases.
7919298,Superior Environmental Solutions,CRESCENT,IA,med,DUPLICATE_ROUNDED_SCORES_IN_TOP5,Two or more top-5 rows of DIFFERENT entities share the same score to 4 decimals; ordering looks arbitrary without exposed tie-breakers.
7919301,System of Care Convening,Portland,OR,med,DUPLICATE_ROUNDED_SCORES_IN_TOP5,Two or more top-5 rows of DIFFERENT entities share the same score to 4 decimals; ordering looks arbitrary without exposed tie-breakers.
7919302,Portland Bottling Company,,,info,NO_QUERY_GEO_RANK1_HAS_LOCATION,"Query omits city/state and rank-1 carries an address, but no same-name bare row ties it — acceptable when rank-1 is the best/only-named match (info only)."
7919307,RHM Meeting,Markham,ON,info,,No automated issues flagged; still spot-check for domain edge cases.
7919309,So&Co/Conference/Toronto,Ramat Hasharon,Tel Aviv,med,DUPLICATE_ROUNDED_SCORES_IN_TOP5,Two or more top-5 rows of DIFFERENT entities share the same score to 4 decimals; ordering looks arbitrary without exposed tie-breakers.
7919311,SAFTE-FAST User Conference,Waterdown,ON,info,,No automated issues flagged; still spot-check for domain edge cases.
7919312,Shoppa,Fort Worth,TX,med,STRONG_SCORE_NON_EXACT_NAME;DUPLICATE_ROUNDED_SCORES_IN_TOP5;HYBRID_SEMANTIC_LED_AT_CEILING,Top-1 is a related but non-identical name (query_and_top1_names_related_non_equal) at 0.9657; rationale should justify suffix/token gaps. Two or more top-5 rows of DIFFERENT entities share the same score to 4 decimals; ordering looks arbitrary without exposed tie-breakers. Hybrid (semantic-led) at a ceiling score with non-exact name overlap — defensibility risk for SMEs.
7919313,Sacred Souls,Detroit,MI,info,,No automated issues flagged; still spot-check for domain edge cases.
7919314,Ontario Skate League Championships,,,info,NO_QUERY_GEO_RANK1_HAS_LOCATION;DUPLICATE_ROUNDED_SCORES_IN_TOP5,"Query omits city/state and rank-1 carries an address, but no same-name bare row ties it — acceptable when rank-1 is the best/only-named match (info only). Top-5 score ties are all the same entity (multi-office); expected, not a ranking defect (info only)."
7919320,Pyramid Systems Annual Excellence Awards,Fairfax,VA,info,,No automated issues flagged; still spot-check for domain edge cases.
7919333,RDB Hospitality -Rick Marino Group-  - Toronto,,,info,,No automated issues flagged; still spot-check for domain edge cases.
7919334,September Group,,,info,NO_QUERY_GEO_RANK1_HAS_LOCATION,"Query omits city/state and rank-1 carries an address, but no same-name bare row ties it — acceptable when rank-1 is the best/only-named match (info only)."
7919430,241060/BCD M&E – UK/New York,,,info,NO_QUERY_GEO_RANK1_HAS_LOCATION;DUPLICATE_ROUNDED_SCORES_IN_TOP5,"Query omits city/state and rank-1 carries an address, but no same-name bare row ties it — acceptable when rank-1 is the best/only-named match (info only). Top-5 score ties are all the same entity (multi-office); expected, not a ranking defect (info only)."
7919432,Niobrara Capital,New York,NY,info,,No automated issues flagged; still spot-check for domain edge cases.
7919434,Panorama Chicago Meetup,Boston,MA,info,,No automated issues flagged; still spot-check for domain edge cases.
7919436,Niantic-2026 Jun-Staff/Production Room Block,,,info,,No automated issues flagged; still spot-check for domain edge cases.
7919441,Parthenon Meetings Group,Brentwood,TN,info,,No automated issues flagged; still spot-check for domain edge cases.
7919442,See Agency and Agent,Cedar Falls,IA,info,DUPLICATE_ROUNDED_SCORES_IN_TOP5,"Top-5 score ties are all the same entity (multi-office); expected, not a ranking defect (info only)."
7919444,SAEOPP 2028 Annual Conference,,,info,,No automated issues flagged; still spot-check for domain edge cases.
7919451,The Washington Institute,,,med,DUPLICATE_ROUNDED_SCORES_IN_TOP5,Two or more top-5 rows of DIFFERENT entities share the same score to 4 decimals; ordering looks arbitrary without exposed tie-breakers.
7919452,SEDG Society for Experiential Graphic Design,Washington,DC,info,,No automated issues flagged; still spot-check for domain edge cases.
7919453,SAS WIRE 2026,,,info,NO_QUERY_GEO_RANK1_HAS_LOCATION;DUPLICATE_ROUNDED_SCORES_IN_TOP5,"Query omits city/state and rank-1 carries an address, but no same-name bare row ties it — acceptable when rank-1 is the best/only-named match (info only). Top-5 score ties are all the same entity (multi-office); expected, not a ranking defect (info only)."
7919455,NOSAC Spring Meetin,Austin,TX,info,,No automated issues flagged; still spot-check for domain edge cases.
7919457,WASCC Conv/Assoc,New York,NY,info,,No automated issues flagged; still spot-check for domain edge cases.
7919459,Stumm Executive Sales Trip,,,info,DUPLICATE_ROUNDED_SCORES_IN_TOP5,"Top-5 score ties are all the same entity (multi-office); expected, not a ranking defect (info only)."
7919461,"Waldorf Astoria Buckhead, GA - Room Blocks Feb 2026",,,info,DUPLICATE_ROUNDED_SCORES_IN_TOP5,"Top-5 score ties are all the same entity (multi-office); expected, not a ranking defect (info only)."
7919476,Record Vacations Grupo Domomania,Zapopan,Jalisco,med,DUPLICATE_ROUNDED_SCORES_IN_TOP5,Two or more top-5 rows of DIFFERENT entities share the same score to 4 decimals; ordering looks arbitrary without exposed tie-breakers.
7919487,Sonic Travel & Tour,Monterey Park,CA,info,,No automated issues flagged; still spot-check for domain edge cases.
7919495,Shackman NY,New York,NY,info,,No automated issues flagged; still spot-check for domain edge cases.
7919498,Trinity Travel Tours,Orlando,FL,info,,No automated issues flagged; still spot-check for domain edge cases.
7919525,4Minds / Padrao - ID 180299 - INNOVATION SUMMIT - Orlando,Mexico City,Col. Juarez,info,DUPLICATE_ROUNDED_SCORES_IN_TOP5,"Top-5 score ties are all the same entity (multi-office); expected, not a ranking defect (info only)."
7919614,2029 International Lion of Judah Conference,,,info,DUPLICATE_ROUNDED_SCORES_IN_TOP5,"Top-5 score ties are all the same entity (multi-office); expected, not a ranking defect (info only)."
7919615,AXIS Annual April 2027,,,info,,No automated issues flagged; still spot-check for domain edge cases.
7919647,CRLA 2026 Retreat,Arlington,VA,med,DUPLICATE_ROUNDED_SCORES_IN_TOP5,Two or more top-5 rows of DIFFERENT entities share the same score to 4 decimals; ordering looks arbitrary without exposed tie-breakers.
7919659,PFI Swiss Emerald Azura,Miami,FL,info,,No automated issues flagged; still spot-check for domain edge cases.
7919660,Virtual Learning Leadership Alliance,Peoria,IL,info,,No automated issues flagged; still spot-check for domain edge cases.
7919661,Texas Chapter of the International Association of Electrical Inspectors,Richardson,TX,med,DUPLICATE_ROUNDED_SCORES_IN_TOP5,Two or more top-5 rows of DIFFERENT entities share the same score to 4 decimals; ordering looks arbitrary without exposed tie-breakers.
7919662,WynnLuxe Curations,Syracuse,CT,info,,No automated issues flagged; still spot-check for domain edge cases.
7919668,SLSA (Student Loan Servicing Alliance),Glendale,AZ,info,,No automated issues flagged; still spot-check for domain edge cases.
7919671,Samvid Scholars,New York,NY,info,,No automated issues flagged; still spot-check for domain edge cases.
7919672,Pearl Behavioral Health Services,Huntsville,AL,info,DUPLICATE_ROUNDED_SCORES_IN_TOP5,"Top-5 score ties are all the same entity (multi-office); expected, not a ranking defect (info only)."
7919683,Annual Meeting of the Joint Society ASSCT,Clewiston,FL,info,,No automated issues flagged; still spot-check for domain edge cases.
7919688,2027 SCABB ANNUAL MEETING,,,info,NO_QUERY_GEO_RANK1_HAS_LOCATION;DUPLICATE_ROUNDED_SCORES_IN_TOP5,"Query omits city/state and rank-1 carries an address, but no same-name bare row ties it — acceptable when rank-1 is the best/only-named match (info only). Top-5 score ties are all the same entity (multi-office); expected, not a ranking defect (info only)."
7919700,"SEW, Inc.",Irvine,CA,med,DUPLICATE_ROUNDED_SCORES_IN_TOP5,Two or more top-5 rows of DIFFERENT entities share the same score to 4 decimals; ordering looks arbitrary without exposed tie-breakers.
7919701,Sigma Phi Society,Highland Park,IL,med,DUPLICATE_ROUNDED_SCORES_IN_TOP5,Two or more top-5 rows of DIFFERENT entities share the same score to 4 decimals; ordering looks arbitrary without exposed tie-breakers.
7919702,VOQAL,Boulder,CO,info,,No automated issues flagged; still spot-check for domain edge cases.
7919704,OALA Training,Kettle and Stony Point,ON,info,,No automated issues flagged; still spot-check for domain edge cases.
7919706,SBCI Conferance,Markham,ON,info,,No automated issues flagged; still spot-check for domain edge cases.
7919707,Sites Unlimited Canada,Any Town,ON,info,,No automated issues flagged; still spot-check for domain edge cases.
7919716,Cruise SCJ Feb 2026,,,info,NO_QUERY_GEO_RANK1_HAS_LOCATION;DUPLICATE_ROUNDED_SCORES_IN_TOP5,"Query omits city/state and rank-1 carries an address, but no same-name bare row ties it — acceptable when rank-1 is the best/only-named match (info only). Top-5 score ties are all the same entity (multi-office); expected, not a ranking defect (info only)."
7919727,OMACV Meetings,Atlanta,GA,info,,No automated issues flagged; still spot-check for domain edge cases.
7919737,Société Makivik,Ville Saint Laurent,QC,info,,No automated issues flagged; still spot-check for domain edge cases.
7919738,See Agency and Agent,Arlington,VA,info,,No automated issues flagged; still spot-check for domain edge cases.
7919755,Schattastrum Industries,Buffalo,NY,info,,No automated issues flagged; still spot-check for domain edge cases.
7919760,University of Maryland Orthopaedic Assoc.,BALTIMORE,MD,info,,No automated issues flagged; still spot-check for domain edge cases.
7919762,RFP 93: TD Bank-2026 May-Spring Management Conference (SMC),,,info,,No automated issues flagged; still spot-check for domain edge cases.
7919764,Secretary of Economic Development of Puerto Rico,,,info,NO_QUERY_GEO_RANK1_HAS_LOCATION,"Query omits city/state and rank-1 carries an address, but no same-name bare row ties it — acceptable when rank-1 is the best/only-named match (info only)."
7919765,Snap Inc,Media City,Dubai,med,DUPLICATE_ROUNDED_SCORES_IN_TOP5,Two or more top-5 rows of DIFFERENT entities share the same score to 4 decimals; ordering looks arbitrary without exposed tie-breakers.
7919767,SWM/Pharma US/Southern USA,,,info,NO_QUERY_GEO_RANK1_HAS_LOCATION,"Query omits city/state and rank-1 carries an address, but no same-name bare row ties it — acceptable when rank-1 is the best/only-named match (info only)."
7919771,SAT Mexico | TRAXION CEO Summit 2026,,,info,,No automated issues flagged; still spot-check for domain edge cases.
7919773,PULSE May 26,Saint George,UT,info,DUPLICATE_ROUNDED_SCORES_IN_TOP5,"Top-5 score ties are all the same entity (multi-office); expected, not a ranking defect (info only)."
7919787,Southern Ute Indian Tribe Growth Fund,Littleton,CO,info,,No automated issues flagged; still spot-check for domain edge cases.
7919789,RFP#117 Grindr-2026 July-Summer All Team Offsite (SoCal),,,info,,No automated issues flagged; still spot-check for domain edge cases.
7919790,Q. Digital,,,info,NO_QUERY_GEO_RANK1_HAS_LOCATION;DUPLICATE_ROUNDED_SCORES_IN_TOP5,"Query omits city/state and rank-1 carries an address, but no same-name bare row ties it — acceptable when rank-1 is the best/only-named match (info only). Top-5 score ties are all the same entity (multi-office); expected, not a ranking defect (info only)."
7919791,POP MART,Beijing,Beijing,med,DUPLICATE_ROUNDED_SCORES_IN_TOP5,Two or more top-5 rows of DIFFERENT entities share the same score to 4 decimals; ordering looks arbitrary without exposed tie-breakers.
7919792,Shanghai meiyin/Galaxy bu meeting/San Diego,,,info,,No automated issues flagged; still spot-check for domain edge cases.
7919794,Windhorse Integrative Mental Health,,,info,NO_QUERY_GEO_RANK1_HAS_LOCATION;DUPLICATE_ROUNDED_SCORES_IN_TOP5,"Query omits city/state and rank-1 carries an address, but no same-name bare row ties it — acceptable when rank-1 is the best/only-named match (info only). Top-5 score ties are all the same entity (multi-office); expected, not a ranking defect (info only)."
7919797,PR6055184 - Labor Summit 2026 - PepsiCo,,,info,,No automated issues flagged; still spot-check for domain edge cases.
7919801,U GLOW Group | Reconocimiento a Proveedores NAR 2026 OB | Hilton,,,info,DUPLICATE_ROUNDED_SCORES_IN_TOP5,"Top-5 score ties are all the same entity (multi-office); expected, not a ranking defect (info only)."
7919804,Spring 2026 District Meeting,Missouri City,TX,info,,No automated issues flagged; still spot-check for domain edge cases.
7919805,Resort Lovers International,Houston,TX,info,,No automated issues flagged; still spot-check for domain edge cases.
7919808,smorgasbord,,,info,NO_QUERY_GEO_RANK1_HAS_LOCATION;DUPLICATE_ROUNDED_SCORES_IN_TOP5,"Query omits city/state and rank-1 carries an address, but no same-name bare row ties it — acceptable when rank-1 is the best/only-named match (info only). Top-5 score ties are all the same entity (multi-office); expected, not a ranking defect (info only)."
7919809,Speakpreneur,Naples,FL,info,,No automated issues flagged; still spot-check for domain edge cases.
7919810,VICTORY PACKAGING,Annapolis,MD,med,DUPLICATE_ROUNDED_SCORES_IN_TOP5,Two or more top-5 rows of DIFFERENT entities share the same score to 4 decimals; ordering looks arbitrary without exposed tie-breakers.
7919821,Radicle Loyalty,Toronto,ON,info,,No automated issues flagged; still spot-check for domain edge cases.
7919824,WedgewoodUSA,New York,NY,info,,No automated issues flagged; still spot-check for domain edge cases.
7919828,Yahoo Holdings Inc,Centreville,VA,med,DUPLICATE_ROUNDED_SCORES_IN_TOP5,Two or more top-5 rows of DIFFERENT entities share the same score to 4 decimals; ordering looks arbitrary without exposed tie-breakers.
7919829,PACS Healthcare Elevated,Salt Lake City,UT,info,,No automated issues flagged; still spot-check for domain edge cases.
7919832,Virtual Cantina Network,Rockland,MA,med,DUPLICATE_ROUNDED_SCORES_IN_TOP5,Two or more top-5 rows of DIFFERENT entities share the same score to 4 decimals; ordering looks arbitrary without exposed tie-breakers.
7919833,Varian Inc.,Jundiai,Sao Paulo,med,DUPLICATE_ROUNDED_SCORES_IN_TOP5,Two or more top-5 rows of DIFFERENT entities share the same score to 4 decimals; ordering looks arbitrary without exposed tie-breakers.
7919836,Southern Power Company,Thomaston,GA,info,,No automated issues flagged; still spot-check for domain edge cases.
7919839,Washington Surveying and Rating Bureau Board Meeting,Seattle,WA,info,,No automated issues flagged; still spot-check for domain edge cases.
7919840,"VNGR Beverage, LLC. (poppi)",Austin,TX,info,,No automated issues flagged; still spot-check for domain edge cases.
7919841,Niagara TEM Summit,Temple,TX,med,DUPLICATE_ROUNDED_SCORES_IN_TOP5,Two or more top-5 rows of DIFFERENT entities share the same score to 4 decimals; ordering looks arbitrary without exposed tie-breakers.
7919843,Peloton,Chicago,IL,info,,No automated issues flagged; still spot-check for domain edge cases.
7919849,WPBF Media,,,info,NO_QUERY_GEO_RANK1_HAS_LOCATION;DUPLICATE_ROUNDED_SCORES_IN_TOP5,"Query omits city/state and rank-1 carries an address, but no same-name bare row ties it — acceptable when rank-1 is the best/only-named match (info only). Top-5 score ties are all the same entity (multi-office); expected, not a ranking defect (info only)."
7919850,Skoll Foundation,,,info,NO_QUERY_GEO_RANK1_HAS_LOCATION;DUPLICATE_ROUNDED_SCORES_IN_TOP5,"Query omits city/state and rank-1 carries an address, but no same-name bare row ties it — acceptable when rank-1 is the best/only-named match (info only). Top-5 score ties are all the same entity (multi-office); expected, not a ranking defect (info only)."
7919852,"The Western Reserve Chapter of The Links, Incorporated",Washington,DC,info,,No automated issues flagged; still spot-check for domain edge cases.
7919855,Southwest Mississippi Community College Band,HATTIESBURG,MS,info,,No automated issues flagged; still spot-check for domain edge cases.
7919859,PANAMORL - RIO DE JANEIRO - JUN 2026 - NOVO GRO,,,info,DUPLICATE_ROUNDED_SCORES_IN_TOP5,"Top-5 score ties are all the same entity (multi-office); expected, not a ranking defect (info only)."
7919861,RevOps & CTO 2026 Offsite (XQ7VA4),,,info,NO_QUERY_GEO_RANK1_HAS_LOCATION,"Query omits city/state and rank-1 carries an address, but no same-name bare row ties it — acceptable when rank-1 is the best/only-named match (info only)."
7919863,Restaurant Strategy,Jenkintown,PA,info,,No automated issues flagged; still spot-check for domain edge cases.
7919866,Notre Dame International Alumni Association,WARREN,,info,DUPLICATE_ROUNDED_SCORES_IN_TOP5,"Top-5 score ties are all the same entity (multi-office); expected, not a ranking defect (info only)."
7919874,SWM/Pharmaceutical Investigator Meeting/San Francisco,,,info,DUPLICATE_ROUNDED_SCORES_IN_TOP5,"Top-5 score ties are all the same entity (multi-office); expected, not a ranking defect (info only)."
7919875,San Lorenzo Unified School District,San Lorenzo,CA,info,,No automated issues flagged; still spot-check for domain edge cases.
7919876,Sparks a Freeman Company,Elk Grove,CA,info,,No automated issues flagged; still spot-check for domain edge cases.
7919877,Shanghai Meiyin International Travel Service Co Ltd/APA/San Francisco,,,info,DUPLICATE_ROUNDED_SCORES_IN_TOP5,"Top-5 score ties are all the same entity (multi-office); expected, not a ranking defect (info only)."
7919882,Zhejiang CYTS MICE Co Ltd/Corporate Visiting Group/Apr 17-20/Buenos Aires,,,info,DUPLICATE_ROUNDED_SCORES_IN_TOP5,"Top-5 score ties are all the same entity (multi-office); expected, not a ranking defect (info only)."
7919886,Sintec Tur | Adium - Lanzamiento Bunatril + Cenotem FFVV | Buenos Aires,Buenos Aires,"Buenos Aires, CF",info,,No automated issues flagged; still spot-check for domain edge cases.
7919889,OhioHealth Grant Family Medicine,Columbus,OH,info,,No automated issues flagged; still spot-check for domain edge cases.
7919895,Wiz.io,Anaheim Hills,CA,info,,No automated issues flagged; still spot-check for domain edge cases.
7919896,NUTESA,San Isidro,Lima,info,DUPLICATE_ROUNDED_SCORES_IN_TOP5,"Top-5 score ties are all the same entity (multi-office); expected, not a ranking defect (info only)."
7919897,Ziegler Companies,Minneapolis,MN,info,,No automated issues flagged; still spot-check for domain edge cases.
7919899,"Shaw, Yoder, Anwih, Schmelzer & Lange",SACRAMENTO,CA,info,,No automated issues flagged; still spot-check for domain edge cases.
7919902,Wilder Retreats Quote Request | Nooks | October 2026,,,info,DUPLICATE_ROUNDED_SCORES_IN_TOP5,"Top-5 score ties are all the same entity (multi-office); expected, not a ranking defect (info only)."
7919907,Wayz / Embracon – Orlando,,,info,NO_QUERY_GEO_RANK1_HAS_LOCATION;DUPLICATE_ROUNDED_SCORES_IN_TOP5,"Query omits city/state and rank-1 carries an address, but no same-name bare row ties it — acceptable when rank-1 is the best/only-named match (info only). Top-5 score ties are all the same entity (multi-office); expected, not a ranking defect (info only)."
7919910,TruMerit Dinner,Philadelphia,PA,info,,No automated issues flagged; still spot-check for domain edge cases.
7919911,VistaJet Ltd.,Luqa,LQA,info,,No automated issues flagged; still spot-check for domain edge cases.
7919912,"Portside Realty, LLC",Cary,NC,info,,No automated issues flagged; still spot-check for domain edge cases.
7919914,VeloSano,Brunswick,OH,med,DUPLICATE_ROUNDED_SCORES_IN_TOP5,Two or more top-5 rows of DIFFERENT entities share the same score to 4 decimals; ordering looks arbitrary without exposed tie-breakers.
7919915,Rinderknecht Associates,MARION,IA,info,,No automated issues flagged; still spot-check for domain edge cases.
7919963,Waitwhile,Roswell,GA,info,DUPLICATE_ROUNDED_SCORES_IN_TOP5,"Top-5 score ties are all the same entity (multi-office); expected, not a ranking defect (info only)."
7919966,Shine The Light Conference,Vancouver,WA,med,DUPLICATE_ROUNDED_SCORES_IN_TOP5,Two or more top-5 rows of DIFFERENT entities share the same score to 4 decimals; ordering looks arbitrary without exposed tie-breakers.
7919971,"RSS Travel, Luis Soto Party, May 05, Orlando",Addison,TX,info,,No automated issues flagged; still spot-check for domain edge cases.
7919976,Western Weather Group,Chico,CA,info,,No automated issues flagged; still spot-check for domain edge cases.
7919977,WP2030,Buenos Aires,"Buenos Aires, CF",info,DUPLICATE_ROUNDED_SCORES_IN_TOP5,"Top-5 score ties are all the same entity (multi-office); expected, not a ranking defect (info only)."
7919996,Rodan Energy Sales Kick Off,Toronto,ON,med,DUPLICATE_ROUNDED_SCORES_IN_TOP5,Two or more top-5 rows of DIFFERENT entities share the same score to 4 decimals; ordering looks arbitrary without exposed tie-breakers.
7919997,Sexton Group Sales Training,"St. Marys, Ontario",ON,med,DUPLICATE_ROUNDED_SCORES_IN_TOP5,Two or more top-5 rows of DIFFERENT entities share the same score to 4 decimals; ordering looks arbitrary without exposed tie-breakers.
7919998,Ontario Federation of 4 Wheel Drive (OF4WD),MILTON,ON,med,DUPLICATE_ROUNDED_SCORES_IN_TOP5,Two or more top-5 rows of DIFFERENT entities share the same score to 4 decimals; ordering looks arbitrary without exposed tie-breakers.
7920000,Siemens Mobility Limited,Oakville,ON,info,,No automated issues flagged; still spot-check for domain edge cases.
7920010,REI-Recreational Equipment Incorporated,Kent,WA,info,,No automated issues flagged; still spot-check for domain edge cases.
7920012,Whelan Mellen,Charleston,SC,med,DUPLICATE_ROUNDED_SCORES_IN_TOP5,Two or more top-5 rows of DIFFERENT entities share the same score to 4 decimals; ordering looks arbitrary without exposed tie-breakers.
7920014,Pro-ven/128971/Miami,,,info,NO_QUERY_GEO_RANK1_HAS_LOCATION,"Query omits city/state and rank-1 carries an address, but no same-name bare row ties it — acceptable when rank-1 is the best/only-named match (info only)."
7920015,Oceandusk/World Cup 2026/3-4 star/21 June/Atlanta,,,info,DUPLICATE_ROUNDED_SCORES_IN_TOP5,"Top-5 score ties are all the same entity (multi-office); expected, not a ranking defect (info only)."
7920016,Pro-ven/128970/Miami,,,info,NO_QUERY_GEO_RANK1_HAS_LOCATION,"Query omits city/state and rank-1 carries an address, but no same-name bare row ties it — acceptable when rank-1 is the best/only-named match (info only)."
7920017,Put Progress First,Detroit,MI,info,DUPLICATE_ROUNDED_SCORES_IN_TOP5,"Top-5 score ties are all the same entity (multi-office); expected, not a ranking defect (info only)."
7920020,Night Out LA,,,info,,No automated issues flagged; still spot-check for domain edge cases.
7920021,Redwood Children's Services,,,info,NO_QUERY_GEO_RANK1_HAS_LOCATION;DUPLICATE_ROUNDED_SCORES_IN_TOP5,"Query omits city/state and rank-1 carries an address, but no same-name bare row ties it — acceptable when rank-1 is the best/only-named match (info only). Top-5 score ties are all the same entity (multi-office); expected, not a ranking defect (info only)."
7920022,Pet Business Marketing Ltd,Sunderland,DUR,info,,No automated issues flagged; still spot-check for domain edge cases.
7920025,PAD Enterprises,CUMMING,GA,med,DUPLICATE_ROUNDED_SCORES_IN_TOP5,Two or more top-5 rows of DIFFERENT entities share the same score to 4 decimals; ordering looks arbitrary without exposed tie-breakers.
7920026,Omega - Annual Client Appreciation,Webster,TX,info,,No automated issues flagged; still spot-check for domain edge cases.
7920030,Voyage Tours – US Group,,,info,NO_QUERY_GEO_RANK1_HAS_LOCATION;DUPLICATE_ROUNDED_SCORES_IN_TOP5,"Query omits city/state and rank-1 carries an address, but no same-name bare row ties it — acceptable when rank-1 is the best/only-named match (info only). Top-5 score ties are all the same entity (multi-office); expected, not a ranking defect (info only)."
7920034,ResFrac Symposium,Houston,TX,info,,No automated issues flagged; still spot-check for domain edge cases.
7920037,Rizes Grupo Senosiain - Chicago,,,info,NO_QUERY_GEO_RANK1_HAS_LOCATION,"Query omits city/state and rank-1 carries an address, but no same-name bare row ties it — acceptable when rank-1 is the best/only-named match (info only)."
7920042,SAMPS,Ann Arbor,MI,info,DUPLICATE_ROUNDED_SCORES_IN_TOP5,"Top-5 score ties are all the same entity (multi-office); expected, not a ranking defect (info only)."
7920043,Xylix Secure Group,,,med,DUPLICATE_ROUNDED_SCORES_IN_TOP5,Two or more top-5 rows of DIFFERENT entities share the same score to 4 decimals; ordering looks arbitrary without exposed tie-breakers.
7920049,See Agency and Agent,Purcellville,VA,info,,No automated issues flagged; still spot-check for domain edge cases.
7920051,SEIUL Local 2015,Los Angeles,CA,info,,No automated issues flagged; still spot-check for domain edge cases.
7920059,RPAG,Trabuco Canyon,CA,info,,No automated issues flagged; still spot-check for domain edge cases.
7920066,"The Washington Tattoo, Inc.",Leesburg,VA,med,DUPLICATE_ROUNDED_SCORES_IN_TOP5,Two or more top-5 rows of DIFFERENT entities share the same score to 4 decimals; ordering looks arbitrary without exposed tie-breakers.
7920068,Shanghai meiyin/Galaxy bu meeting/Boston,,,info,DUPLICATE_ROUNDED_SCORES_IN_TOP5,"Top-5 score ties are all the same entity (multi-office); expected, not a ranking defect (info only)."
7920072,See Agency and Agent,Kansas City,MO,info,,No automated issues flagged; still spot-check for domain edge cases.
7920082,World Wide Express Group,,,info,DUPLICATE_ROUNDED_SCORES_IN_TOP5,"Top-5 score ties are all the same entity (multi-office); expected, not a ranking defect (info only)."
7920083,Schneider Electirc,,TN,info,,No automated issues flagged; still spot-check for domain edge cases.
7920114,Safti First,Los Angeles,CA,info,,No automated issues flagged; still spot-check for domain edge cases.
7920120,"RSC MECHANICAL, INC.",clinton township,MI,med,DUPLICATE_ROUNDED_SCORES_IN_TOP5,Two or more top-5 rows of DIFFERENT entities share the same score to 4 decimals; ordering looks arbitrary without exposed tie-breakers.
7920121,United event/Attending ASGCT/Boston,,,info,NO_QUERY_GEO_RANK1_HAS_LOCATION;DUPLICATE_ROUNDED_SCORES_IN_TOP5,"Query omits city/state and rank-1 carries an address, but no same-name bare row ties it — acceptable when rank-1 is the best/only-named match (info only). Top-5 score ties are all the same entity (multi-office); expected, not a ranking defect (info only)."
7920123,Republic Services Off Site Meeting,Portland,ME,med,DUPLICATE_ROUNDED_SCORES_IN_TOP5,Two or more top-5 rows of DIFFERENT entities share the same score to 4 decimals; ordering looks arbitrary without exposed tie-breakers.
7920124,RG Events/Function-4,Sugar Land,TX,med,DUPLICATE_ROUNDED_SCORES_IN_TOP5,Two or more top-5 rows of DIFFERENT entities share the same score to 4 decimals; ordering looks arbitrary without exposed tie-breakers.
7920128,Whitmore Manufacturing LLC,Texas,TX,med,DUPLICATE_ROUNDED_SCORES_IN_TOP5,Two or more top-5 rows of DIFFERENT entities share the same score to 4 decimals; ordering looks arbitrary without exposed tie-breakers.
7920131,Preservation Management Regional Meeting,South Portland,ME,info,,No automated issues flagged; still spot-check for domain edge cases.
7920132,Smarter Technologies,New York,NY,info,,No automated issues flagged; still spot-check for domain edge cases.
7920133,Plan-It Meetings / Events,Raleigh,NC,info,,No automated issues flagged; still spot-check for domain edge cases.
7920139,Oceandusk/World Cup 2026/3-4 Star/16 June/Miami,,,info,NO_QUERY_GEO_RANK1_HAS_LOCATION,"Query omits city/state and rank-1 carries an address, but no same-name bare row ties it — acceptable when rank-1 is the best/only-named match (info only)."
7920141,Rosemore Capital Strategies LLC,Baltimore,MD,info,,No automated issues flagged; still spot-check for domain edge cases.
7920142,Wayz / Embracon – Miami,,,info,,No automated issues flagged; still spot-check for domain edge cases.
7920145,Reb3l Fitness,Carrollton,TX,med,DUPLICATE_ROUNDED_SCORES_IN_TOP5,Two or more top-5 rows of DIFFERENT entities share the same score to 4 decimals; ordering looks arbitrary without exposed tie-breakers.
7920148,Yo Planner/INFINIA 2026,,,info,,No automated issues flagged; still spot-check for domain edge cases.
7920150,Omni Invictus LLC,Georgetown,TX,med,DUPLICATE_ROUNDED_SCORES_IN_TOP5,Two or more top-5 rows of DIFFERENT entities share the same score to 4 decimals; ordering looks arbitrary without exposed tie-breakers.
7920154,OLR Mayorista_Hilton Cancun All Inclusive_Marzo 2026,,,info,,No automated issues flagged; still spot-check for domain edge cases.
7920158,Reunião de Liderança JAN - SP,,,info,,No automated issues flagged; still spot-check for domain edge cases.
7920160,RENASE / EV 0037/26 Super Rodada -Somos Educação / Hilton São Paulo Morumbi,,,info,NO_QUERY_GEO_RANK1_HAS_LOCATION;DUPLICATE_ROUNDED_SCORES_IN_TOP5,"Query omits city/state and rank-1 carries an address, but no same-name bare row ties it — acceptable when rank-1 is the best/only-named match (info only). Top-5 score ties are all the same entity (multi-office); expected, not a ranking defect (info only)."
7920164,Scotts Flowers,Oklahoma City,OK,med,DUPLICATE_ROUNDED_SCORES_IN_TOP5,Two or more top-5 rows of DIFFERENT entities share the same score to 4 decimals; ordering looks arbitrary without exposed tie-breakers.
7920166,See Agency and Agent,Leatherhead,Surrey,info,DUPLICATE_ROUNDED_SCORES_IN_TOP5,"Top-5 score ties are all the same entity (multi-office); expected, not a ranking defect (info only)."
7920167,W2M/ICARION CT/NY/WA. Roadshow 40-50 PAX. OCTUBRE 2026/US,,,info,NO_QUERY_GEO_RANK1_HAS_LOCATION;DUPLICATE_ROUNDED_SCORES_IN_TOP5,"Query omits city/state and rank-1 carries an address, but no same-name bare row ties it — acceptable when rank-1 is the best/only-named match (info only). Top-5 score ties are all the same entity (multi-office); expected, not a ranking defect (info only)."
7920175,Volunteer Benefits Association,,,info,DUPLICATE_ROUNDED_SCORES_IN_TOP5,"Top-5 score ties are all the same entity (multi-office); expected, not a ranking defect (info only)."
7920176,Penn Medicine 2nd Annual HR Summit,Philadelphia,PA,info,,No automated issues flagged; still spot-check for domain edge cases.
7920179,Pierre Accounting Conference,Los Angeles,CA,med,DUPLICATE_ROUNDED_SCORES_IN_TOP5,Two or more top-5 rows of DIFFERENT entities share the same score to 4 decimals; ordering looks arbitrary without exposed tie-breakers.
7920185,RevMed,Redwood City,CA,info,,No automated issues flagged; still spot-check for domain edge cases.
7920186,SJCSH Online Bookings,TREASURE ISLAND,FL,med,DUPLICATE_ROUNDED_SCORES_IN_TOP5,Two or more top-5 rows of DIFFERENT entities share the same score to 4 decimals; ordering looks arbitrary without exposed tie-breakers.
7920187,SJCSH Online Bookings,Zephyr Cove,NV,info,,No automated issues flagged; still spot-check for domain edge cases.
7920188,William Choy,,,info,NO_QUERY_GEO_RANK1_HAS_LOCATION,"Query omits city/state and rank-1 carries an address, but no same-name bare row ties it — acceptable when rank-1 is the best/only-named match (info only)."
7920189,See Agency and Agent,Litchfield Park,AZ,info,,No automated issues flagged; still spot-check for domain edge cases.
7920190,Senosian DDW Chicago May 2026,,,info,,No automated issues flagged; still spot-check for domain edge cases.
7920192,U GLOW | AHERN Marzo 2026 |,,,info,,No automated issues flagged; still spot-check for domain edge cases.
7920196,Red Carpet Award Ceremony,,,info,NO_QUERY_GEO_RANK1_HAS_LOCATION;DUPLICATE_ROUNDED_SCORES_IN_TOP5,"Query omits city/state and rank-1 carries an address, but no same-name bare row ties it — acceptable when rank-1 is the best/only-named match (info only). Top-5 score ties are all the same entity (multi-office); expected, not a ranking defect (info only)."
7920198,"ServiceNow, Inc.",Bay Area,CA,info,,No automated issues flagged; still spot-check for domain edge cases.
7920199,Speedway Motorsports Inc SMI,Charlotte,NC,info,,No automated issues flagged; still spot-check for domain edge cases.
7920202,Pacific West Builders,Eagle,ID,info,,No automated issues flagged; still spot-check for domain edge cases.
7920203,UL LLC,Caladonia,WI,info,DUPLICATE_ROUNDED_SCORES_IN_TOP5,"Top-5 score ties are all the same entity (multi-office); expected, not a ranking defect (info only)."
7920206,Watco Companies,Raymore,MO,med,DUPLICATE_ROUNDED_SCORES_IN_TOP5,Two or more top-5 rows of DIFFERENT entities share the same score to 4 decimals; ordering looks arbitrary without exposed tie-breakers.
7920212,OAP Community Meeting,Silver Spring,MD,info,,No automated issues flagged; still spot-check for domain edge cases.
7920219,SAT Mexico | Pinguim 2026 | Hilton Reforma | G2,,,info,,No automated issues flagged; still spot-check for domain edge cases.
7920220,SAT Mexico | Pinguim 2026 | Hilton Reforma | G1,,,info,,No automated issues flagged; still spot-check for domain edge cases.
7920221,Western Orchard Group,Spokane,WA,med,DUPLICATE_ROUNDED_SCORES_IN_TOP5,Two or more top-5 rows of DIFFERENT entities share the same score to 4 decimals; ordering looks arbitrary without exposed tie-breakers.
7920225,Spectrum/Charter Communications,Cincinnati,OH,med,DUPLICATE_ROUNDED_SCORES_IN_TOP5,Two or more top-5 rows of DIFFERENT entities share the same score to 4 decimals; ordering looks arbitrary without exposed tie-breakers.
7920344,Online Meetings-LAXAV,Chino Hills,CA,info,,No automated issues flagged; still spot-check for domain edge cases.
7920346,See Agency and Agent,Farmington Hills,MI,med,DUPLICATE_ROUNDED_SCORES_IN_TOP5,Two or more top-5 rows of DIFFERENT entities share the same score to 4 decimals; ordering looks arbitrary without exposed tie-breakers.
7920350,Precision Neuroscience Corp,New York,NY,info,,No automated issues flagged; still spot-check for domain edge cases.
7920355,Zhejiang Bonart Tourism & Event Co Ltd/Delegation Group/San Jose,,,info,DUPLICATE_ROUNDED_SCORES_IN_TOP5,"Top-5 score ties are all the same entity (multi-office); expected, not a ranking defect (info only)."
7920365,Xeris Pharmaceuticals,Schaumburg,IL,info,,No automated issues flagged; still spot-check for domain edge cases.
7920367,"SPARTAN INSURANCE, LTD",Schaumburg,IL,info,,No automated issues flagged; still spot-check for domain edge cases.
7920368,OLR Mayorista_Hilton Tulum_Agosto 2026,,,info,NO_QUERY_GEO_RANK1_HAS_LOCATION;DUPLICATE_ROUNDED_SCORES_IN_TOP5,"Query omits city/state and rank-1 carries an address, but no same-name bare row ties it — acceptable when rank-1 is the best/only-named match (info only). Top-5 score ties are all the same entity (multi-office); expected, not a ranking defect (info only)."
7920371,Vietentours&Jungemann/FWC26Accommodation/Manhattan,,,info,,No automated issues flagged; still spot-check for domain edge cases.
7920373,ONE VISION TALMA GROUP | Cancun | Jan 2026,,,info,NO_QUERY_GEO_RANK1_HAS_LOCATION,"Query omits city/state and rank-1 carries an address, but no same-name bare row ties it — acceptable when rank-1 is the best/only-named match (info only)."
7920377,Solicitud grupo Loft // Conrad,,,info,NO_QUERY_GEO_RANK1_HAS_LOCATION;DUPLICATE_ROUNDED_SCORES_IN_TOP5,"Query omits city/state and rank-1 carries an address, but no same-name bare row ties it — acceptable when rank-1 is the best/only-named match (info only). Top-5 score ties are all the same entity (multi-office); expected, not a ranking defect (info only)."
7920422,ACIU North America 2025 National Convention,Saint Cloud,FL,info,,No automated issues flagged; still spot-check for domain edge cases.
7920475,American Ramallah Club of DC,South Riding,VA,info,,No automated issues flagged; still spot-check for domain edge cases.
7920486,Texas District of the LWML,Austin,TX,info,,No automated issues flagged; still spot-check for domain edge cases.
7920487,United Videogame Workers-CWA,DECATUR,GA,med,DUPLICATE_ROUNDED_SCORES_IN_TOP5,Two or more top-5 rows of DIFFERENT entities share the same score to 4 decimals; ordering looks arbitrary without exposed tie-breakers.
7920490,Under Armour Championship,Jaipur,Rajasthan,med,DUPLICATE_ROUNDED_SCORES_IN_TOP5,Two or more top-5 rows of DIFFERENT entities share the same score to 4 decimals; ordering looks arbitrary without exposed tie-breakers.
7920494,DFWAN - 2024/25 Solicitation (Maria Montes),Philadelphia,PA,info,,No automated issues flagged; still spot-check for domain edge cases.
7920496,Southwest Power Pool Board Retreat,Little Rock,AR,info,,No automated issues flagged; still spot-check for domain edge cases.
7920497,Special Event for Suraj Pullapantula,Westbrook,ME,info,DUPLICATE_ROUNDED_SCORES_IN_TOP5,"Top-5 score ties are all the same entity (multi-office); expected, not a ranking defect (info only)."
7920498,Point Lisas Nitrogen Limited BOD Meeting,Couva,,info,,No automated issues flagged; still spot-check for domain edge cases.
7920499,WNFC Utah at San Diego - Week 8- 2026,,,med,NO_QUERY_GEO_RANK1_HAS_LOCATION;DUPLICATE_ROUNDED_SCORES_IN_TOP5,"Query omits city/state and rank-1 carries an address, but no same-name bare row ties it — acceptable when rank-1 is the best/only-named match (info only). Two or more top-5 rows of DIFFERENT entities share the same score to 4 decimals; ordering looks arbitrary without exposed tie-breakers."
7920500,"RSS Travel, Shak Larson Group, San Jose, Jun 07",Addison,TX,info,,No automated issues flagged; still spot-check for domain edge cases.
7920501,WSHA Symposium 2027,Seattle,WA,info,,No automated issues flagged; still spot-check for domain edge cases.
7920502,WOCON,Myrtle Beach,SC,info,DUPLICATE_ROUNDED_SCORES_IN_TOP5,"Top-5 score ties are all the same entity (multi-office); expected, not a ranking defect (info only)."
7920503,"RSS Travel, Shak Larson Group, Dallas, Jun 20",Addison,TX,info,,No automated issues flagged; still spot-check for domain edge cases.
7920504,Zenith Risk Strategies,Austin,TX,info,,No automated issues flagged; still spot-check for domain edge cases.
7920506,TEES - Energy Systems Laboratory,College Station,TX,info,,No automated issues flagged; still spot-check for domain edge cases.
7920509,Orion Financial,,,med,NO_QUERY_GEO_RANK1_HAS_LOCATION;DUPLICATE_ROUNDED_SCORES_IN_TOP5,"Query omits city/state and rank-1 carries an address, but no same-name bare row ties it — acceptable when rank-1 is the best/only-named match (info only). Two or more top-5 rows of DIFFERENT entities share the same score to 4 decimals; ordering looks arbitrary without exposed tie-breakers."
7920510,Wahlstrom / Gillis,Salt Lake City,UT,info,,No automated issues flagged; still spot-check for domain edge cases.
7920514,Wise Snacks,West Chester,PA,med,DUPLICATE_ROUNDED_SCORES_IN_TOP5,Two or more top-5 rows of DIFFERENT entities share the same score to 4 decimals; ordering looks arbitrary without exposed tie-breakers.
7920515,Vega,Burnaby,BC,info,,No automated issues flagged; still spot-check for domain edge cases.
7920518,"Procore Technologies, Inc. - Carpinteria, CA",Cincinnati,OH,med,DUPLICATE_ROUNDED_SCORES_IN_TOP5,Two or more top-5 rows of DIFFERENT entities share the same score to 4 decimals; ordering looks arbitrary without exposed tie-breakers.
7920519,SeaMeets Global Holdings Inaugural Black Tie Gala,Scottsdale,AZ,med,DUPLICATE_ROUNDED_SCORES_IN_TOP5,Two or more top-5 rows of DIFFERENT entities share the same score to 4 decimals; ordering looks arbitrary without exposed tie-breakers.
7920520,TOVC,,,info,DUPLICATE_ROUNDED_SCORES_IN_TOP5,"Top-5 score ties are all the same entity (multi-office); expected, not a ranking defect (info only)."
7920521,Winograd Group,,,med,NO_QUERY_GEO_RANK1_HAS_LOCATION;DUPLICATE_ROUNDED_SCORES_IN_TOP5,"Query omits city/state and rank-1 carries an address, but no same-name bare row ties it — acceptable when rank-1 is the best/only-named match (info only). Two or more top-5 rows of DIFFERENT entities share the same score to 4 decimals; ordering looks arbitrary without exposed tie-breakers."
7920524,Transworld,Saint Petersburg,FL,info,,No automated issues flagged; still spot-check for domain edge cases.
7920527,Printing Packaging & Production Workers Union of North America (PPPWU),Silver Spring,MD,info,,No automated issues flagged; still spot-check for domain edge cases.
7920529,Williams Family Network,,,info,,No automated issues flagged; still spot-check for domain edge cases.
7920530,Wood Partners,Winter Park,FL,info,,No automated issues flagged; still spot-check for domain edge cases.
7920531,Sofia Hernandez,,,info,DUPLICATE_ROUNDED_SCORES_IN_TOP5,"Top-5 score ties are all the same entity (multi-office); expected, not a ranking defect (info only)."
7920533,VT3 Enterprises,Schaumburg,IL,info,DUPLICATE_ROUNDED_SCORES_IN_TOP5,"Top-5 score ties are all the same entity (multi-office); expected, not a ranking defect (info only)."
7920552,6th Air Naval Gunfire Liaison Co,Centerview,MO,info,,No automated issues flagged; still spot-check for domain edge cases.
7920555,709th Airlift Squadron,Baltimore,MD,med,DUPLICATE_ROUNDED_SCORES_IN_TOP5,Two or more top-5 rows of DIFFERENT entities share the same score to 4 decimals; ordering looks arbitrary without exposed tie-breakers.
7920581,2026-Gunslinger Ohio State,Plano,TX,info,,No automated issues flagged; still spot-check for domain edge cases.
7920634,Pastor's Retirement Celebration,Crosby,TX,med,DUPLICATE_ROUNDED_SCORES_IN_TOP5,Two or more top-5 rows of DIFFERENT entities share the same score to 4 decimals; ordering looks arbitrary without exposed tie-breakers.
7920637,Peninsula Recreation Group,Philadelphia,PA,med,DUPLICATE_ROUNDED_SCORES_IN_TOP5,Two or more top-5 rows of DIFFERENT entities share the same score to 4 decimals; ordering looks arbitrary without exposed tie-breakers.
7920646,Silk Road Production,La Jolla,Ca,med,DUPLICATE_ROUNDED_SCORES_IN_TOP5,Two or more top-5 rows of DIFFERENT entities share the same score to 4 decimals; ordering looks arbitrary without exposed tie-breakers.
7920654,San Lorenzo Unified School District,Bogota,Cundinamarca,info,,No automated issues flagged; still spot-check for domain edge cases.
7920658,Viewers Like Us,Oakland,CA,med,DUPLICATE_ROUNDED_SCORES_IN_TOP5,Two or more top-5 rows of DIFFERENT entities share the same score to 4 decimals; ordering looks arbitrary without exposed tie-breakers.
7920659,UIUC- GBatNet Big Bat Blowout Conference,,,info,NO_QUERY_GEO_RANK1_HAS_LOCATION,"Query omits city/state and rank-1 carries an address, but no same-name bare row ties it — acceptable when rank-1 is the best/only-named match (info only)."
7920661,VIEWS FC,Malibu,CA,info,,No automated issues flagged; still spot-check for domain edge cases.
7920662,personal on behalf of UPIS,Ashburn,VA,med,DUPLICATE_ROUNDED_SCORES_IN_TOP5,Two or more top-5 rows of DIFFERENT entities share the same score to 4 decimals; ordering looks arbitrary without exposed tie-breakers.
7920676,San Francisco University High School,San Francisco,CA,info,,No automated issues flagged; still spot-check for domain edge cases.
7920677,SDSU School of Public Affairs,San Diego,CA,info,,No automated issues flagged; still spot-check for domain edge cases.
7920678,See Agency and Agent,Jersey City,NJ,med,DUPLICATE_ROUNDED_SCORES_IN_TOP5,Two or more top-5 rows of DIFFERENT entities share the same score to 4 decimals; ordering looks arbitrary without exposed tie-breakers.
7920696,Power Stream Fitness,Geneva,IL,info,,No automated issues flagged; still spot-check for domain edge cases.
7920701,Savvy Church Group,Hurst,TX,med,DUPLICATE_ROUNDED_SCORES_IN_TOP5,Two or more top-5 rows of DIFFERENT entities share the same score to 4 decimals; ordering looks arbitrary without exposed tie-breakers.
7920705,Rise Sports Group,Torrance,CA,info,,No automated issues flagged; still spot-check for domain edge cases.
7920707,PT Prom,Houston,TX,info,,No automated issues flagged; still spot-check for domain edge cases.
7920714,Waugh/Mayer,Kennesaw,GA,info,,No automated issues flagged; still spot-check for domain edge cases.
7920715,Zero79 Foundation,,,info,NO_QUERY_GEO_RANK1_HAS_LOCATION;DUPLICATE_ROUNDED_SCORES_IN_TOP5,"Query omits city/state and rank-1 carries an address, but no same-name bare row ties it — acceptable when rank-1 is the best/only-named match (info only). Top-5 score ties are all the same entity (multi-office); expected, not a ranking defect (info only)."
7920716,Victory Christian Academy Prom,Santa Rosa,CA,med,DUPLICATE_ROUNDED_SCORES_IN_TOP5,Two or more top-5 rows of DIFFERENT entities share the same score to 4 decimals; ordering looks arbitrary without exposed tie-breakers.
7920717,Organizational Behavior Camp,Stanford,CA,med,DUPLICATE_ROUNDED_SCORES_IN_TOP5,Two or more top-5 rows of DIFFERENT entities share the same score to 4 decimals; ordering looks arbitrary without exposed tie-breakers.
7920734,PLI Pastoral Leadership Institute,Woodbury,MN,info,,No automated issues flagged; still spot-check for domain edge cases.
7920738,Sophia Isom,,,info,NO_QUERY_GEO_RANK1_HAS_LOCATION;DUPLICATE_ROUNDED_SCORES_IN_TOP5,"Query omits city/state and rank-1 carries an address, but no same-name bare row ties it — acceptable when rank-1 is the best/only-named match (info only). Top-5 score ties are all the same entity (multi-office); expected, not a ranking defect (info only)."
7920746,People's Cathedral School,,,info,,No automated issues flagged; still spot-check for domain edge cases.
7920747,Olivia Bennett,,,info,NO_QUERY_GEO_RANK1_HAS_LOCATION;DUPLICATE_ROUNDED_SCORES_IN_TOP5,"Query omits city/state and rank-1 carries an address, but no same-name bare row ties it — acceptable when rank-1 is the best/only-named match (info only). Top-5 score ties are all the same entity (multi-office); expected, not a ranking defect (info only)."
7920748,Sharon Bellamy,,,info,,No automated issues flagged; still spot-check for domain edge cases.
7920750,Oral Dowell,Bridgetown,,info,DUPLICATE_ROUNDED_SCORES_IN_TOP5,"Top-5 score ties are all the same entity (multi-office); expected, not a ranking defect (info only)."
7920753,Yasamin and Justin Room Block,Chicago,IL,info,,No automated issues flagged; still spot-check for domain edge cases.
7920754,Omni Federal,Gainesville,VA,med,DUPLICATE_ROUNDED_SCORES_IN_TOP5,Two or more top-5 rows of DIFFERENT entities share the same score to 4 decimals; ordering looks arbitrary without exposed tie-breakers.
7920762,Refuge Temple Church,Martinsville,VA,med,STRONG_SCORE_NON_EXACT_NAME;HYBRID_SEMANTIC_LED_AT_CEILING,Top-1 is a related but non-identical name (token_subset_mismatch) at 0.9666; rationale should justify suffix/token gaps. Hybrid (semantic-led) at a ceiling score with non-exact name overlap — defensibility risk for SMEs.
7920763,See Agency and Agent,Miami Beach,FL,info,,No automated issues flagged; still spot-check for domain edge cases.
7920764,Shasha Travel,,,info,DUPLICATE_ROUNDED_SCORES_IN_TOP5,"Top-5 score ties are all the same entity (multi-office); expected, not a ranking defect (info only)."
7920775,Orange County GOP (Republican Party),Orlando,FL,info,,No automated issues flagged; still spot-check for domain edge cases.
7920790,World Via Travel Network,Roswell,GA,info,DUPLICATE_ROUNDED_SCORES_IN_TOP5,"Top-5 score ties are all the same entity (multi-office); expected, not a ranking defect (info only)."
7920803,Platinum Dance Competition Baltimore,,,info,NO_QUERY_GEO_RANK1_HAS_LOCATION,"Query omits city/state and rank-1 carries an address, but no same-name bare row ties it — acceptable when rank-1 is the best/only-named match (info only)."
7920807,Shorewood High School,Lake Forest,WA,info,,No automated issues flagged; still spot-check for domain edge cases.
7920811,WEINIG Group USA,Mooresville,NC,med,DUPLICATE_ROUNDED_SCORES_IN_TOP5,Two or more top-5 rows of DIFFERENT entities share the same score to 4 decimals; ordering looks arbitrary without exposed tie-breakers.
7920813,Seven Directions,Santa Fe,NM,med,DUPLICATE_ROUNDED_SCORES_IN_TOP5,Two or more top-5 rows of DIFFERENT entities share the same score to 4 decimals; ordering looks arbitrary without exposed tie-breakers.
7920817,South Stone Church,Houston,TX,info,,No automated issues flagged; still spot-check for domain edge cases.
7920818,USA Masters Team nonprofit,Seattle,WA,info,,No automated issues flagged; still spot-check for domain edge cases.
7920819,Ontario Ministry of Transportation | Commercial Inspection and Enforcement Branc,Saint Catharines,ON,info,,No automated issues flagged; still spot-check for domain edge cases.
7920821,US Wildland Fire Service,Salt Lake City,UT,med,DUPLICATE_ROUNDED_SCORES_IN_TOP5,Two or more top-5 rows of DIFFERENT entities share the same score to 4 decimals; ordering looks arbitrary without exposed tie-breakers.
7920823,Savannah Georgia Air National Guard,Savannah,GA,info,,No automated issues flagged; still spot-check for domain edge cases.
7920825,21st Annual Government-to-Government Tribal Consultation,norman,OK,info,,No automated issues flagged; still spot-check for domain edge cases.
7920839,SiteSearch Travel Services,Marco Island,FL,info,,No automated issues flagged; still spot-check for domain edge cases.
7920842,Sculptor of Sound,,,info,NO_QUERY_GEO_RANK1_HAS_LOCATION;DUPLICATE_ROUNDED_SCORES_IN_TOP5,"Query omits city/state and rank-1 carries an address, but no same-name bare row ties it — acceptable when rank-1 is the best/only-named match (info only). Top-5 score ties are all the same entity (multi-office); expected, not a ranking defect (info only)."
7920848,"Silicon Valley Comic Con, LLC",Brooklyn,NY,med,DUPLICATE_ROUNDED_SCORES_IN_TOP5,Two or more top-5 rows of DIFFERENT entities share the same score to 4 decimals; ordering looks arbitrary without exposed tie-breakers.
7920853,Vip Departures,Austin,TX,info,,No automated issues flagged; still spot-check for domain edge cases.
7920858,Rosen Injury Law,Miami,FL,info,,No automated issues flagged; still spot-check for domain edge cases.
7920859,University at Buffalo-Upward Bound Program,,,info,NO_QUERY_GEO_RANK1_HAS_LOCATION,"Query omits city/state and rank-1 carries an address, but no same-name bare row ties it — acceptable when rank-1 is the best/only-named match (info only)."
7920865,"None, private.",Fort Lauderdale,FL,med,DUPLICATE_ROUNDED_SCORES_IN_TOP5,Two or more top-5 rows of DIFFERENT entities share the same score to 4 decimals; ordering looks arbitrary without exposed tie-breakers.
7920871,Northeastern University Student Welcome,Boston,MA,med,STRONG_SCORE_NON_EXACT_NAME;DUPLICATE_ROUNDED_SCORES_IN_TOP5;HYBRID_SEMANTIC_LED_AT_CEILING,Top-1 is a related but non-identical name (token_subset_mismatch) at 0.9658; rationale should justify suffix/token gaps. Two or more top-5 rows of DIFFERENT entities share the same score to 4 decimals; ordering looks arbitrary without exposed tie-breakers. Hybrid (semantic-led) at a ceiling score with non-exact name overlap — defensibility risk for SMEs.
7920872,Recruiting Station Tampa,Tampa,FL,info,,No automated issues flagged; still spot-check for domain edge cases.
7920874,The Washington Commanders,,,info,,No automated issues flagged; still spot-check for domain edge cases.
7920875,SALESFORCE INC.,,,info,NO_QUERY_GEO_RANK1_HAS_LOCATION,"Query omits city/state and rank-1 carries an address, but no same-name bare row ties it — acceptable when rank-1 is the best/only-named match (info only)."
7920877,Salesforce - Primary,,,info,NO_QUERY_GEO_RANK1_HAS_LOCATION;DUPLICATE_ROUNDED_SCORES_IN_TOP5,"Query omits city/state and rank-1 carries an address, but no same-name bare row ties it — acceptable when rank-1 is the best/only-named match (info only). Top-5 score ties are all the same entity (multi-office); expected, not a ranking defect (info only)."
7920925,Valley Tours,Fairfield,NJ,med,DUPLICATE_ROUNDED_SCORES_IN_TOP5,Two or more top-5 rows of DIFFERENT entities share the same score to 4 decimals; ordering looks arbitrary without exposed tie-breakers.
7920972,Saloon/Lodge Events 2026,Charlotte,NC,info,,No automated issues flagged; still spot-check for domain edge cases.
7920973,SFOAO 2026 - Banquet Breakfast,Denver,CO,med,DUPLICATE_ROUNDED_SCORES_IN_TOP5,Two or more top-5 rows of DIFFERENT entities share the same score to 4 decimals; ordering looks arbitrary without exposed tie-breakers.
7920974,SFOAO 2026 - Banquet Breakfast,Wilkes Barre,PA,med,DUPLICATE_ROUNDED_SCORES_IN_TOP5,Two or more top-5 rows of DIFFERENT entities share the same score to 4 decimals; ordering looks arbitrary without exposed tie-breakers.
7920985,ATLWC 2026 CAPOLINEA BOOKINGS,,,info,NO_QUERY_GEO_RANK1_HAS_LOCATION;DUPLICATE_ROUNDED_SCORES_IN_TOP5,"Query omits city/state and rank-1 carries an address, but no same-name bare row ties it — acceptable when rank-1 is the best/only-named match (info only). Top-5 score ties are all the same entity (multi-office); expected, not a ranking defect (info only)."
7920986,ATLWC 2026 CAPOLINEA BOOKINGS,Chicago,IL,info,,No automated issues flagged; still spot-check for domain edge cases.
7920987,ATLWC 2026 NEST ON FOUR BOOKINGS,,,info,DUPLICATE_ROUNDED_SCORES_IN_TOP5,"Top-5 score ties are all the same entity (multi-office); expected, not a ranking defect (info only)."
7920988,ATLWC 2026 IRD BOOKINGS,,,info,NO_QUERY_GEO_RANK1_HAS_LOCATION;DUPLICATE_ROUNDED_SCORES_IN_TOP5,"Query omits city/state and rank-1 carries an address, but no same-name bare row ties it — acceptable when rank-1 is the best/only-named match (info only). Top-5 score ties are all the same entity (multi-office); expected, not a ranking defect (info only)."
7921024,Private Meeting,Houston,TX,med,STRONG_SCORE_NON_EXACT_NAME;DUPLICATE_ROUNDED_SCORES_IN_TOP5;HYBRID_SEMANTIC_LED_AT_CEILING,Top-1 is a related but non-identical name (token_subset_mismatch) at 0.9658; rationale should justify suffix/token gaps. Two or more top-5 rows of DIFFERENT entities share the same score to 4 decimals; ordering looks arbitrary without exposed tie-breakers. Hybrid (semantic-led) at a ceiling score with non-exact name overlap — defensibility risk for SMEs.
7921025,Richey Law Group,San Jose,CA,info,,No automated issues flagged; still spot-check for domain edge cases.
7921047,Rm Block,Houston,TX,info,,No automated issues flagged; still spot-check for domain edge cases.
7921092,Shana Sperling Events,Brooklyn,NY,info,,No automated issues flagged; still spot-check for domain edge cases.
7921108,Zeze Viagens,Rio de Janeiro,RJ,med,DUPLICATE_ROUNDED_SCORES_IN_TOP5,Two or more top-5 rows of DIFFERENT entities share the same score to 4 decimals; ordering looks arbitrary without exposed tie-breakers.
7921235,Purple Circle,Sheridan,WY,med,DUPLICATE_ROUNDED_SCORES_IN_TOP5,Two or more top-5 rows of DIFFERENT entities share the same score to 4 decimals; ordering looks arbitrary without exposed tie-breakers.
7921237,Wasserman Media,Toronto,ON,info,,No automated issues flagged; still spot-check for domain edge cases.
7921252,Pence Financial,Las Vegas,NV,info,,No automated issues flagged; still spot-check for domain edge cases.
7921253,SANCC Restaurant Outlet Bookings,Norwalk,CT,info,,No automated issues flagged; still spot-check for domain edge cases.
7921254,SANCC Restaurant Outlet Bookings,Tampa,FL,info,,No automated issues flagged; still spot-check for domain edge cases.
7921255,SANCC Restaurant Outlet Bookings,Parker,CO,med,DUPLICATE_ROUNDED_SCORES_IN_TOP5,Two or more top-5 rows of DIFFERENT entities share the same score to 4 decimals; ordering looks arbitrary without exposed tie-breakers.
7921257,SANCC Restaurant Outlet Bookings,Hooksett,NH,med,DUPLICATE_ROUNDED_SCORES_IN_TOP5,Two or more top-5 rows of DIFFERENT entities share the same score to 4 decimals; ordering looks arbitrary without exposed tie-breakers.
7921258,Wynden Stark/GQR,Austin,TX,info,DUPLICATE_ROUNDED_SCORES_IN_TOP5,"Top-5 score ties are all the same entity (multi-office); expected, not a ranking defect (info only)."
7921261,Wasserman Media,London,,info,DUPLICATE_ROUNDED_SCORES_IN_TOP5,"Top-5 score ties are all the same entity (multi-office); expected, not a ranking defect (info only)."
7921272,Polymarket,Brooklyn,NY,med,DUPLICATE_ROUNDED_SCORES_IN_TOP5,Two or more top-5 rows of DIFFERENT entities share the same score to 4 decimals; ordering looks arbitrary without exposed tie-breakers.
7921274,Novo,Longueuil,QC,med,DUPLICATE_ROUNDED_SCORES_IN_TOP5,Two or more top-5 rows of DIFFERENT entities share the same score to 4 decimals; ordering looks arbitrary without exposed tie-breakers.
7921288,SWLA - Heel of the Boot,LAKE CHARLES,LA,info,,No automated issues flagged; still spot-check for domain edge cases.
7921301,ServiTech,Curlew,IA,med,DUPLICATE_ROUNDED_SCORES_IN_TOP5,Two or more top-5 rows of DIFFERENT entities share the same score to 4 decimals; ordering looks arbitrary without exposed tie-breakers.
7921302,Repipe Specialists,Salt Lake City,UT,med,DUPLICATE_ROUNDED_SCORES_IN_TOP5,Two or more top-5 rows of DIFFERENT entities share the same score to 4 decimals; ordering looks arbitrary without exposed tie-breakers.
7921303,Sendflow,,,info,NO_QUERY_GEO_RANK1_HAS_LOCATION,"Query omits city/state and rank-1 carries an address, but no same-name bare row ties it — acceptable when rank-1 is the best/only-named match (info only)."
7921305,SLB,Midland,TX,info,,No automated issues flagged; still spot-check for domain edge cases.
7921308,SMX,Trumbull,CT,med,DUPLICATE_ROUNDED_SCORES_IN_TOP5,Two or more top-5 rows of DIFFERENT entities share the same score to 4 decimals; ordering looks arbitrary without exposed tie-breakers.
7921310,SCAVIA & SCAVIA,,,info,,No automated issues flagged; still spot-check for domain edge cases.
7921315,SPECTRA Cyber,,,info,NO_QUERY_GEO_RANK1_HAS_LOCATION;DUPLICATE_ROUNDED_SCORES_IN_TOP5,"Query omits city/state and rank-1 carries an address, but no same-name bare row ties it — acceptable when rank-1 is the best/only-named match (info only). Top-5 score ties are all the same entity (multi-office); expected, not a ranking defect (info only)."
7921329,"Remote Technology, Inc.",,,info,DUPLICATE_ROUNDED_SCORES_IN_TOP5,"Top-5 score ties are all the same entity (multi-office); expected, not a ranking defect (info only)."
7921330,Pluralis Research,,,info,DUPLICATE_ROUNDED_SCORES_IN_TOP5,"Top-5 score ties are all the same entity (multi-office); expected, not a ranking defect (info only)."
7921332,"Wiz, Inc",Bronx,NY,med,DUPLICATE_ROUNDED_SCORES_IN_TOP5,Two or more top-5 rows of DIFFERENT entities share the same score to 4 decimals; ordering looks arbitrary without exposed tie-breakers.
7921334,Vivenu Inc.,New York,NY,info,,No automated issues flagged; still spot-check for domain edge cases.
7921337,Niural AI,Los Angeles,CA,info,,No automated issues flagged; still spot-check for domain edge cases.
7921341,PG Solutions,Rimouski,QC,med,DUPLICATE_ROUNDED_SCORES_IN_TOP5,Two or more top-5 rows of DIFFERENT entities share the same score to 4 decimals; ordering looks arbitrary without exposed tie-breakers.
7921344,Nidec Drives,Eden Prairie,MN,med,DUPLICATE_ROUNDED_SCORES_IN_TOP5,Two or more top-5 rows of DIFFERENT entities share the same score to 4 decimals; ordering looks arbitrary without exposed tie-breakers.
7921347,UCG of AGC Oregon - Columbia Chapter,Wilsonville,OR,info,,No automated issues flagged; still spot-check for domain edge cases.
7921353,SkyWater Technology,Bloomington,MN,med,DUPLICATE_ROUNDED_SCORES_IN_TOP5,Two or more top-5 rows of DIFFERENT entities share the same score to 4 decimals; ordering looks arbitrary without exposed tie-breakers.
7921356,QT Equipment,Cleveland,OH,info,,No automated issues flagged; still spot-check for domain edge cases.
7921358,AWCI Convention 2026 - Affiliates,Grand Rapids,MI,med,DUPLICATE_ROUNDED_SCORES_IN_TOP5,Two or more top-5 rows of DIFFERENT entities share the same score to 4 decimals; ordering looks arbitrary without exposed tie-breakers.
7921361,Volvo Construction Equipment Haulers,Motherwell,Scotland,info,,No automated issues flagged; still spot-check for domain edge cases.
7921362,Shandong Lingong Construction Machinery,Houston,TX,info,,No automated issues flagged; still spot-check for domain edge cases.
7921372,PEAC Solutions,,,info,NO_QUERY_GEO_RANK1_HAS_LOCATION;DUPLICATE_ROUNDED_SCORES_IN_TOP5,"Query omits city/state and rank-1 carries an address, but no same-name bare row ties it — acceptable when rank-1 is the best/only-named match (info only). Top-5 score ties are all the same entity (multi-office); expected, not a ranking defect (info only)."
7921379,WBD - TNTLA,Portland,OR,info,,No automated issues flagged; still spot-check for domain edge cases.
7921391,Pan Asian Repertory Theatre,,,med,NO_QUERY_GEO_RANK1_HAS_LOCATION;DUPLICATE_ROUNDED_SCORES_IN_TOP5,"Query omits city/state and rank-1 carries an address, but no same-name bare row ties it — acceptable when rank-1 is the best/only-named match (info only). Two or more top-5 rows of DIFFERENT entities share the same score to 4 decimals; ordering looks arbitrary without exposed tie-breakers."
7921394,WhirlWind Tours,New York,NY,info,,No automated issues flagged; still spot-check for domain edge cases.
7921418,Procables,Lima,,info,DUPLICATE_ROUNDED_SCORES_IN_TOP5,"Top-5 score ties are all the same entity (multi-office); expected, not a ranking defect (info only)."
7921419,VISA Inc.,Lima,,info,DUPLICATE_ROUNDED_SCORES_IN_TOP5,"Top-5 score ties are all the same entity (multi-office); expected, not a ranking defect (info only)."
7921421,Nucleo Urbano Programa de Beneficios LTDA,Juiz de For a,MG,info,,No automated issues flagged; still spot-check for domain edge cases.
7921422,West Lake Financial,Los Angeles,CA,info,,No automated issues flagged; still spot-check for domain edge cases.
7921423,Wilshire Lane Capital,Los Angeles,CA,info,,No automated issues flagged; still spot-check for domain edge cases.
7921425,Wood and Company,Prague,,info,,No automated issues flagged; still spot-check for domain edge cases.
7921426,"Signal Management Services, LLC",Rockwall,TX,med,STRONG_SCORE_NON_EXACT_NAME;HYBRID_SEMANTIC_LED_AT_CEILING,Top-1 is a related but non-identical name (lexically_different) at 0.9666; rationale should justify suffix/token gaps. Hybrid (semantic-led) at a ceiling score with non-exact name overlap — defensibility risk for SMEs.
7921427,Simple Stocks,Los Angeles,CA,info,,No automated issues flagged; still spot-check for domain edge cases.
7921428,Wafra Inc.,New York,NY,info,,No automated issues flagged; still spot-check for domain edge cases.
7921429,SOS Financial Agency,Calverton,MD,med,DUPLICATE_ROUNDED_SCORES_IN_TOP5,Two or more top-5 rows of DIFFERENT entities share the same score to 4 decimals; ordering looks arbitrary without exposed tie-breakers.
7921431,Paceline Equity Partners,Pleasanton,CA,med,DUPLICATE_ROUNDED_SCORES_IN_TOP5,Two or more top-5 rows of DIFFERENT entities share the same score to 4 decimals; ordering looks arbitrary without exposed tie-breakers.
7921435,Paceline Equity Partners,Pleasanton,TX,info,,No automated issues flagged; still spot-check for domain edge cases.
7921440,"ProfitSolv Purchaser, Inc.",Knoxville,TN,info,DUPLICATE_ROUNDED_SCORES_IN_TOP5,"Top-5 score ties are all the same entity (multi-office); expected, not a ranking defect (info only)."
7921441,Platform Accounting Group,Holladay,UT,med,DUPLICATE_ROUNDED_SCORES_IN_TOP5,Two or more top-5 rows of DIFFERENT entities share the same score to 4 decimals; ordering looks arbitrary without exposed tie-breakers.
7921449,OKX (Formerly OKCoin),San Jose,CA,info,,No automated issues flagged; still spot-check for domain edge cases.
7921455,Xcelerate Growth Partners,,,info,NO_QUERY_GEO_RANK1_HAS_LOCATION;DUPLICATE_ROUNDED_SCORES_IN_TOP5,"Query omits city/state and rank-1 carries an address, but no same-name bare row ties it — acceptable when rank-1 is the best/only-named match (info only). Top-5 score ties are all the same entity (multi-office); expected, not a ranking defect (info only)."
7921481,Silicon Valley Economic Forum,San Diego,CA,med,DUPLICATE_ROUNDED_SCORES_IN_TOP5,Two or more top-5 rows of DIFFERENT entities share the same score to 4 decimals; ordering looks arbitrary without exposed tie-breakers.
7921484,WANY IRD,New York,NY,info,,No automated issues flagged; still spot-check for domain edge cases.
7921485,WANY IRD,McLean,VA,med,DUPLICATE_ROUNDED_SCORES_IN_TOP5,Two or more top-5 rows of DIFFERENT entities share the same score to 4 decimals; ordering looks arbitrary without exposed tie-breakers.
7921487,Yoshoku Q1 2026,New York,NY,info,,No automated issues flagged; still spot-check for domain edge cases.
7921488,Yoshoku Q2 2026,Toronto,ON,info,,No automated issues flagged; still spot-check for domain edge cases.
7921501,WANY IRD,Charlotte,NC,med,DUPLICATE_ROUNDED_SCORES_IN_TOP5,Two or more top-5 rows of DIFFERENT entities share the same score to 4 decimals; ordering looks arbitrary without exposed tie-breakers.
7921503,Noble Estates,Markham,ON,med,STRONG_SCORE_NON_EXACT_NAME;DUPLICATE_ROUNDED_SCORES_IN_TOP5;HYBRID_SEMANTIC_LED_AT_CEILING,Top-1 is a related but non-identical name (query_and_top1_names_related_non_equal) at 0.9657; rationale should justify suffix/token gaps. Two or more top-5 rows of DIFFERENT entities share the same score to 4 decimals; ordering looks arbitrary without exposed tie-breakers. Hybrid (semantic-led) at a ceiling score with non-exact name overlap — defensibility risk for SMEs.
7921596,Southern Glazer Wines & Spirits,Louisville,KY,info,,No automated issues flagged; still spot-check for domain edge cases.
7921630,Wilde Brands,,,info,NO_QUERY_GEO_RANK1_HAS_LOCATION;DUPLICATE_ROUNDED_SCORES_IN_TOP5,"Query omits city/state and rank-1 carries an address, but no same-name bare row ties it — acceptable when rank-1 is the best/only-named match (info only). Top-5 score ties are all the same entity (multi-office); expected, not a ranking defect (info only)."
7921632,Texas House of Democratic Caucus,Houston,TX,info,,No automated issues flagged; still spot-check for domain edge cases.
7921633,SOCAM,Quebec City,QC,med,DUPLICATE_ROUNDED_SCORES_IN_TOP5,Two or more top-5 rows of DIFFERENT entities share the same score to 4 decimals; ordering looks arbitrary without exposed tie-breakers.
7921639,Sagard,Montreal,QC,info,,No automated issues flagged; still spot-check for domain edge cases.
7921649,Texas Division of the International Association for Identification Foundation,Houston,TX,info,,No automated issues flagged; still spot-check for domain edge cases.
7921654,Randstad Enterprise,,,info,NO_QUERY_GEO_RANK1_HAS_LOCATION;DUPLICATE_ROUNDED_SCORES_IN_TOP5,"Query omits city/state and rank-1 carries an address, but no same-name bare row ties it — acceptable when rank-1 is the best/only-named match (info only). Top-5 score ties are all the same entity (multi-office); expected, not a ranking defect (info only)."
7921656,Washington Society for Association Excellence,Seattle,WA,info,,No automated issues flagged; still spot-check for domain edge cases.
7921658,Washington Society for Association Excellence,Lacey,WA,med,DUPLICATE_ROUNDED_SCORES_IN_TOP5,Two or more top-5 rows of DIFFERENT entities share the same score to 4 decimals; ordering looks arbitrary without exposed tie-breakers.
7921660,Washington Society for Association Excellence,Edmonds,WA,info,,No automated issues flagged; still spot-check for domain edge cases.
7921661,Zoho Corporation,Pleasanton,Singapore,info,DUPLICATE_ROUNDED_SCORES_IN_TOP5,"Top-5 score ties are all the same entity (multi-office); expected, not a ranking defect (info only)."
7921663,Randstad Enterprise,Rocklin,CA,info,,No automated issues flagged; still spot-check for domain edge cases.
7921664,Regen Profits,Indianapolis,IN,med,DUPLICATE_ROUNDED_SCORES_IN_TOP5,Two or more top-5 rows of DIFFERENT entities share the same score to 4 decimals; ordering looks arbitrary without exposed tie-breakers.
7921667,VTR Biotech,,,info,DUPLICATE_ROUNDED_SCORES_IN_TOP5,"Top-5 score ties are all the same entity (multi-office); expected, not a ranking defect (info only)."
7921677,Oral and Enteral Nutrition,Brooklyn,NY,info,,No automated issues flagged; still spot-check for domain edge cases.
7921680,RR Aestehetics Training,,,info,DUPLICATE_ROUNDED_SCORES_IN_TOP5,"Top-5 score ties are all the same entity (multi-office); expected, not a ranking defect (info only)."
7921688,Society For Investigative Derma,Boston,MA,info,,No automated issues flagged; still spot-check for domain edge cases.
7921689,Society For Investigative Derma,,,info,NO_QUERY_GEO_RANK1_HAS_LOCATION;DUPLICATE_ROUNDED_SCORES_IN_TOP5,"Query omits city/state and rank-1 carries an address, but no same-name bare row ties it — acceptable when rank-1 is the best/only-named match (info only). Top-5 score ties are all the same entity (multi-office); expected, not a ranking defect (info only)."
7921690,PESTOLA 2026 - Affiliates,,,info,,No automated issues flagged; still spot-check for domain edge cases.
7921695,Wellcome Leap Inc.,San Diego,CA,info,,No automated issues flagged; still spot-check for domain edge cases.
7921747,Réseau québécois de recherche en soins palliatifs et de fin de vie (RQSPAL),Quebec City,QC,info,,No automated issues flagged; still spot-check for domain edge cases.
7921765,Sura Investments,Lima,,info,,No automated issues flagged; still spot-check for domain edge cases.
7921766,Resolution Life Services (US) Inc.,New York,NY,info,,No automated issues flagged; still spot-check for domain edge cases.
7921770,Schwartz and Company,Birmingham,MI,med,DUPLICATE_ROUNDED_SCORES_IN_TOP5,Two or more top-5 rows of DIFFERENT entities share the same score to 4 decimals; ordering looks arbitrary without exposed tie-breakers.
7921774,YA Group,Saint Louis,MO,info,,No automated issues flagged; still spot-check for domain edge cases.
7921777,YA Group,,,info,NO_QUERY_GEO_RANK1_HAS_LOCATION;DUPLICATE_ROUNDED_SCORES_IN_TOP5,"Query omits city/state and rank-1 carries an address, but no same-name bare row ties it — acceptable when rank-1 is the best/only-named match (info only). Top-5 score ties are all the same entity (multi-office); expected, not a ranking defect (info only)."
7921778,YA Group,Boston,MA,med,DUPLICATE_ROUNDED_SCORES_IN_TOP5,Two or more top-5 rows of DIFFERENT entities share the same score to 4 decimals; ordering looks arbitrary without exposed tie-breakers.
7921797,RKO Sales Group,Yorba Linda,CA,med,DUPLICATE_ROUNDED_SCORES_IN_TOP5,Two or more top-5 rows of DIFFERENT entities share the same score to 4 decimals; ordering looks arbitrary without exposed tie-breakers.
7921798,Santa Barbara Chemtrol,Santa Barbara,CA,info,,No automated issues flagged; still spot-check for domain edge cases.
7921799,Solstice Advanced Materials Inc.,Morris Plains,NJ,med,DUPLICATE_ROUNDED_SCORES_IN_TOP5,Two or more top-5 rows of DIFFERENT entities share the same score to 4 decimals; ordering looks arbitrary without exposed tie-breakers.
7921802,Zeiss,DUESSELSDORF,,info,DUPLICATE_ROUNDED_SCORES_IN_TOP5,"Top-5 score ties are all the same entity (multi-office); expected, not a ranking defect (info only)."
7921803,Softtek,Lima,,info,DUPLICATE_ROUNDED_SCORES_IN_TOP5,"Top-5 score ties are all the same entity (multi-office); expected, not a ranking defect (info only)."
7921807,PepperStone,Santiago,RM,info,DUPLICATE_ROUNDED_SCORES_IN_TOP5,"Top-5 score ties are all the same entity (multi-office); expected, not a ranking defect (info only)."
7921826,North Pacific Paper Corporation,Longview,WA,med,DUPLICATE_ROUNDED_SCORES_IN_TOP5,Two or more top-5 rows of DIFFERENT entities share the same score to 4 decimals; ordering looks arbitrary without exposed tie-breakers.
7921827,Smurfit Westrock,Buenos Aires,"Buenos Aires, CF",info,,No automated issues flagged; still spot-check for domain edge cases.
7921828,SAV UCB Pharma,Bridgewater,NJ,med,DUPLICATE_ROUNDED_SCORES_IN_TOP5,Two or more top-5 rows of DIFFERENT entities share the same score to 4 decimals; ordering looks arbitrary without exposed tie-breakers.
7921832,"Tanabe Pharma America, Inc.",Jersey City,NJ,info,,No automated issues flagged; still spot-check for domain edge cases.
7921835,Sandoz Inc.,Atlanta,GA,info,,No automated issues flagged; still spot-check for domain edge cases.
7921847,RxHealing,Wheatfield,IN,info,,No automated issues flagged; still spot-check for domain edge cases.
7921848,Valterra sas,Bogota,Cundinamarca,info,,No automated issues flagged; still spot-check for domain edge cases.
7922143,Rawden Joint Ventures,Wilmington,DE,info,,No automated issues flagged; still spot-check for domain edge cases.
7922149,"Specialty Sales & Marketing, Inc.",Mississauga,ON,info,,No automated issues flagged; still spot-check for domain edge cases.
7922152,Young Startup Ventures,San Jose,CA,info,,No automated issues flagged; still spot-check for domain edge cases.
7922158,PRISMA ONG,,,info,DUPLICATE_ROUNDED_SCORES_IN_TOP5,"Top-5 score ties are all the same entity (multi-office); expected, not a ranking defect (info only)."
7922159,SNUG Incorporated,Freeport,IL,med,DUPLICATE_ROUNDED_SCORES_IN_TOP5,Two or more top-5 rows of DIFFERENT entities share the same score to 4 decimals; ordering looks arbitrary without exposed tie-breakers.
7922160,SLCCC Small Meeting,,,info,NO_QUERY_GEO_RANK1_HAS_LOCATION,"Query omits city/state and rank-1 carries an address, but no same-name bare row ties it — acceptable when rank-1 is the best/only-named match (info only)."
7922163,SNAMO - 2026 Exec Meeting,Maryland Heights,MO,med,DUPLICATE_ROUNDED_SCORES_IN_TOP5,Two or more top-5 rows of DIFFERENT entities share the same score to 4 decimals; ordering looks arbitrary without exposed tie-breakers.
7922167,YYZMO Online Bookings,Kincardine,ON,info,,No automated issues flagged; still spot-check for domain edge cases.
7922173,YYZMO Online Bookings,Petrolia,ON,info,,No automated issues flagged; still spot-check for domain edge cases.
7922197,Women Leading Women Foundation,Shawnee,KS,med,DUPLICATE_ROUNDED_SCORES_IN_TOP5,Two or more top-5 rows of DIFFERENT entities share the same score to 4 decimals; ordering looks arbitrary without exposed tie-breakers.
7922218,"ASSOCIATION OF FGCE ALUMNI, AMERICAS (AFGCEAA)",Ellicott City,MD,info,,No automated issues flagged; still spot-check for domain edge cases.
7922267,RIOCC Empresarial 2026,,,info,DUPLICATE_ROUNDED_SCORES_IN_TOP5,"Top-5 score ties are all the same entity (multi-office); expected, not a ranking defect (info only)."
7922271,Prison to Professsionals,,,info,NO_QUERY_GEO_RANK1_HAS_LOCATION;DUPLICATE_ROUNDED_SCORES_IN_TOP5,"Query omits city/state and rank-1 carries an address, but no same-name bare row ties it — acceptable when rank-1 is the best/only-named match (info only). Top-5 score ties are all the same entity (multi-office); expected, not a ranking defect (info only)."
7922272,Western Reserve Trust Company,Cleveland,OH,info,,No automated issues flagged; still spot-check for domain edge cases.
7922275,YYZMO Online Bookings,Welland,ON,info,,No automated issues flagged; still spot-check for domain edge cases.
7922276,VitalCare Infusion Services,Marietta,TN,med,DUPLICATE_ROUNDED_SCORES_IN_TOP5,Two or more top-5 rows of DIFFERENT entities share the same score to 4 decimals; ordering looks arbitrary without exposed tie-breakers.
7922277,Spangler Event Production,San Diego,CA,info,,No automated issues flagged; still spot-check for domain edge cases.
7922279,Walton Ward Accommodations,Fort Worth,TX,info,,No automated issues flagged; still spot-check for domain edge cases.
7922280,Orkin Pest Contral,,,info,,No automated issues flagged; still spot-check for domain edge cases.
7922281,Smalls,,,info,NO_QUERY_GEO_RANK1_HAS_LOCATION,"Query omits city/state and rank-1 carries an address, but no same-name bare row ties it — acceptable when rank-1 is the best/only-named match (info only)."
7922286,RWDI,Culver City,CA,med,DUPLICATE_ROUNDED_SCORES_IN_TOP5,Two or more top-5 rows of DIFFERENT entities share the same score to 4 decimals; ordering looks arbitrary without exposed tie-breakers.
7922294,ATLWC 2026 Meetings,Raleigh,NC,med,DUPLICATE_ROUNDED_SCORES_IN_TOP5,Two or more top-5 rows of DIFFERENT entities share the same score to 4 decimals; ordering looks arbitrary without exposed tie-breakers.
7922339,Prost New Orleans,New Orleans,LA,info,,No automated issues flagged; still spot-check for domain edge cases.
7922350,SEGD Society for Experiential Graphic Design,Nashville,TN,med,DUPLICATE_ROUNDED_SCORES_IN_TOP5,Two or more top-5 rows of DIFFERENT entities share the same score to 4 decimals; ordering looks arbitrary without exposed tie-breakers.
7922364,Sandbox Group,Boston,MA,med,STRONG_SCORE_NON_EXACT_NAME;DUPLICATE_ROUNDED_SCORES_IN_TOP5;HYBRID_SEMANTIC_LED_AT_CEILING,"Top-1 is a related but non-identical name (query_and_top1_names_related_non_equal) at 0.9715; rationale should justify suffix/token gaps. Top-5 score ties are all the same entity (multi-office); expected, not a ranking defect (info only). Hybrid (semantic-led) at a ceiling score with non-exact name overlap — defensibility risk for SMEs."
7922365,NovaTech Automation,Tamarac,FL,med,DUPLICATE_ROUNDED_SCORES_IN_TOP5,Two or more top-5 rows of DIFFERENT entities share the same score to 4 decimals; ordering looks arbitrary without exposed tie-breakers.
7922367,"Workday, Inc.",Gaithersburg,MD,med,DUPLICATE_ROUNDED_SCORES_IN_TOP5,Two or more top-5 rows of DIFFERENT entities share the same score to 4 decimals; ordering looks arbitrary without exposed tie-breakers.
7922370,Webisdom Group,Cupertino,CA,info,,No automated issues flagged; still spot-check for domain edge cases.
7922372,SEGD Society for Experiential Graphic Design,Washington,DC,info,,No automated issues flagged; still spot-check for domain edge cases.
7922374,Sagard,Toronto,ON,info,,No automated issues flagged; still spot-check for domain edge cases.
7922375,Zoho Corporation,Singapore,,med,DUPLICATE_ROUNDED_SCORES_IN_TOP5,Two or more top-5 rows of DIFFERENT entities share the same score to 4 decimals; ordering looks arbitrary without exposed tie-breakers.
7922377,Vital Edge Technologies,Cary,NC,info,,No automated issues flagged; still spot-check for domain edge cases.
7922384,Space42,Zayed Military City,Abu Dhabi,info,DUPLICATE_ROUNDED_SCORES_IN_TOP5,"Top-5 score ties are all the same entity (multi-office); expected, not a ranking defect (info only)."
7922387,SPSA 2026 Affiliates,Dallas,TX,info,,No automated issues flagged; still spot-check for domain edge cases.
7922388,SPSA 2026 Affiliates,,,info,,No automated issues flagged; still spot-check for domain edge cases.
7922404,Warrior Kido,Lauderhill,FL,info,,No automated issues flagged; still spot-check for domain edge cases.
7922423,USA Miss Nationals,GREEN COVE SPRINGS,FL,med,DUPLICATE_ROUNDED_SCORES_IN_TOP5,Two or more top-5 rows of DIFFERENT entities share the same score to 4 decimals; ordering looks arbitrary without exposed tie-breakers.
7922424,Samurai ATA Family Martial Arts,Prior Lake,MN,med,DUPLICATE_ROUNDED_SCORES_IN_TOP5,Two or more top-5 rows of DIFFERENT entities share the same score to 4 decimals; ordering looks arbitrary without exposed tie-breakers.
7922437,Washington East Surf Girls Soccer,Pullman,WA,info,,No automated issues flagged; still spot-check for domain edge cases.
7922440,NYCD Boldest Football Team,,,info,NO_QUERY_GEO_RANK1_HAS_LOCATION;DUPLICATE_ROUNDED_SCORES_IN_TOP5,"Query omits city/state and rank-1 carries an address, but no same-name bare row ties it — acceptable when rank-1 is the best/only-named match (info only). Top-5 score ties are all the same entity (multi-office); expected, not a ranking defect (info only)."
7922464,Why Not Travel Agency,Tyczyn,Poland,med,DUPLICATE_ROUNDED_SCORES_IN_TOP5,Two or more top-5 rows of DIFFERENT entities share the same score to 4 decimals; ordering looks arbitrary without exposed tie-breakers.
7922482,Viviana Viajes S.A. de C.V.,,,info,,No automated issues flagged; still spot-check for domain edge cases.
7922485,Return Travel,Key West,FL,med,DUPLICATE_ROUNDED_SCORES_IN_TOP5,Two or more top-5 rows of DIFFERENT entities share the same score to 4 decimals; ordering looks arbitrary without exposed tie-breakers.
7922486,Relajate - Agencia,,,info,DUPLICATE_ROUNDED_SCORES_IN_TOP5,"Top-5 score ties are all the same entity (multi-office); expected, not a ranking defect (info only)."
7922491,XTransfer Limited,,,info,NO_QUERY_GEO_RANK1_HAS_LOCATION,"Query omits city/state and rank-1 carries an address, but no same-name bare row ties it — acceptable when rank-1 is the best/only-named match (info only)."
7922492,Schrader Events - Event & Travel Planners,Ludington,MI,med,DUPLICATE_ROUNDED_SCORES_IN_TOP5,Two or more top-5 rows of DIFFERENT entities share the same score to 4 decimals; ordering looks arbitrary without exposed tie-breakers.
7922496,Soberani Global Meetings,,,info,DUPLICATE_ROUNDED_SCORES_IN_TOP5,"Top-5 score ties are all the same entity (multi-office); expected, not a ranking defect (info only)."
7922498,Riverside Cruises,,,info,NO_QUERY_GEO_RANK1_HAS_LOCATION;DUPLICATE_ROUNDED_SCORES_IN_TOP5,"Query omits city/state and rank-1 carries an address, but no same-name bare row ties it — acceptable when rank-1 is the best/only-named match (info only). Top-5 score ties are all the same entity (multi-office); expected, not a ranking defect (info only)."
7922506,Schedule 32,Northwood,England,info,DUPLICATE_ROUNDED_SCORES_IN_TOP5,"Top-5 score ties are all the same entity (multi-office); expected, not a ranking defect (info only)."
7922529,When Brown Girls Lead,Newark,NJ,med,DUPLICATE_ROUNDED_SCORES_IN_TOP5,Two or more top-5 rows of DIFFERENT entities share the same score to 4 decimals; ordering looks arbitrary without exposed tie-breakers.
7922535,"YPO, Inc.",Waterloo,ON,info,,No automated issues flagged; still spot-check for domain edge cases.
7922537,"Pious Pelican Media, LLC",Toronto,ON,info,,No automated issues flagged; still spot-check for domain edge cases.
7922557,Sourceability,Austin,TX,info,,No automated issues flagged; still spot-check for domain edge cases.
7922603,"SHI Plastics Machinery de México, S.A. DE. C.V.",Apodaca,Nuevo Leon,med,DUPLICATE_ROUNDED_SCORES_IN_TOP5,Two or more top-5 rows of DIFFERENT entities share the same score to 4 decimals; ordering looks arbitrary without exposed tie-breakers.
7922614,QuickFi,Fairport,NY,info,DUPLICATE_ROUNDED_SCORES_IN_TOP5,"Top-5 score ties are all the same entity (multi-office); expected, not a ranking defect (info only)."
7922615,Technical Maintenance Inc,Morrisville,NC,med,DUPLICATE_ROUNDED_SCORES_IN_TOP5,Two or more top-5 rows of DIFFERENT entities share the same score to 4 decimals; ordering looks arbitrary without exposed tie-breakers.
7922616,"Niterra North America, Inc.",Wixom,MI,med,DUPLICATE_ROUNDED_SCORES_IN_TOP5,Two or more top-5 rows of DIFFERENT entities share the same score to 4 decimals; ordering looks arbitrary without exposed tie-breakers.
7922617,Pferd Tools,,,info,NO_QUERY_GEO_RANK1_HAS_LOCATION,"Query omits city/state and rank-1 carries an address, but no same-name bare row ties it — acceptable when rank-1 is the best/only-named match (info only)."
7922630,Northwood Space,Torrance,CA,med,DUPLICATE_ROUNDED_SCORES_IN_TOP5,Two or more top-5 rows of DIFFERENT entities share the same score to 4 decimals; ordering looks arbitrary without exposed tie-breakers.
7922633,ROLLON Corp,Norton Shores,MI,info,DUPLICATE_ROUNDED_SCORES_IN_TOP5,"Top-5 score ties are all the same entity (multi-office); expected, not a ranking defect (info only)."
7922642,Raptor Wireline Services,Placentia,CA,med,DUPLICATE_ROUNDED_SCORES_IN_TOP5,Two or more top-5 rows of DIFFERENT entities share the same score to 4 decimals; ordering looks arbitrary without exposed tie-breakers.
7922647,Onne Travel,Gramado/RS,,info,,No automated issues flagged; still spot-check for domain edge cases.
7922654,VS&Co Board of Directors Summit,Reynoldsburg,OH,med,DUPLICATE_ROUNDED_SCORES_IN_TOP5,Two or more top-5 rows of DIFFERENT entities share the same score to 4 decimals; ordering looks arbitrary without exposed tie-breakers.
7922658,Snap-on Diagnostics,Lincolnshire,IL,med,DUPLICATE_ROUNDED_SCORES_IN_TOP5,Two or more top-5 rows of DIFFERENT entities share the same score to 4 decimals; ordering looks arbitrary without exposed tie-breakers.
7922669,PTG Logistics,Mason,OH,med,DUPLICATE_ROUNDED_SCORES_IN_TOP5,Two or more top-5 rows of DIFFERENT entities share the same score to 4 decimals; ordering looks arbitrary without exposed tie-breakers.
7922685,Personal Leadership Academy,Troy,MI,med,DUPLICATE_ROUNDED_SCORES_IN_TOP5,Two or more top-5 rows of DIFFERENT entities share the same score to 4 decimals; ordering looks arbitrary without exposed tie-breakers.
7922689,"Vocate Education Solutions, Inc.",Tampa,FL,med,DUPLICATE_ROUNDED_SCORES_IN_TOP5,Two or more top-5 rows of DIFFERENT entities share the same score to 4 decimals; ordering looks arbitrary without exposed tie-breakers.
7922695,Pandora Y Flans,Guadalajara,Nuevo Leon,info,,No automated issues flagged; still spot-check for domain edge cases.
7922699,Paramount Healthcare US,,,info,NO_QUERY_GEO_RANK1_HAS_LOCATION;DUPLICATE_ROUNDED_SCORES_IN_TOP5,"Query omits city/state and rank-1 carries an address, but no same-name bare row ties it — acceptable when rank-1 is the best/only-named match (info only). Top-5 score ties are all the same entity (multi-office); expected, not a ranking defect (info only)."
7922700,Singular Medicamentos,,,info,DUPLICATE_ROUNDED_SCORES_IN_TOP5,"Top-5 score ties are all the same entity (multi-office); expected, not a ranking defect (info only)."
7922702,Promo Italia,Miami,Fl,info,,No automated issues flagged; still spot-check for domain edge cases.
7922703,"Woodward, Inc.",Skokie,IL,info,,No automated issues flagged; still spot-check for domain edge cases.
7922704,The Goodyear 2026 Affilates,Akron,OH,med,DUPLICATE_ROUNDED_SCORES_IN_TOP5,Two or more top-5 rows of DIFFERENT entities share the same score to 4 decimals; ordering looks arbitrary without exposed tie-breakers.
7922713,Vigilancia Especial S.A.,,,info,DUPLICATE_ROUNDED_SCORES_IN_TOP5,"Top-5 score ties are all the same entity (multi-office); expected, not a ranking defect (info only)."
7922719,Vital Edge,Charlotte,NC,med,DUPLICATE_ROUNDED_SCORES_IN_TOP5,Two or more top-5 rows of DIFFERENT entities share the same score to 4 decimals; ordering looks arbitrary without exposed tie-breakers.
7922721,Shipt,,,info,NO_QUERY_GEO_RANK1_HAS_LOCATION;DUPLICATE_ROUNDED_SCORES_IN_TOP5,"Query omits city/state and rank-1 carries an address, but no same-name bare row ties it — acceptable when rank-1 is the best/only-named match (info only). Top-5 score ties are all the same entity (multi-office); expected, not a ranking defect (info only)."
7922726,Solenis Limited,Beaver Falls,PA,med,DUPLICATE_ROUNDED_SCORES_IN_TOP5,Two or more top-5 rows of DIFFERENT entities share the same score to 4 decimals; ordering looks arbitrary without exposed tie-breakers.
7922729,Pièces d'auto Super,Chateauguay,QC,med,DUPLICATE_ROUNDED_SCORES_IN_TOP5,Two or more top-5 rows of DIFFERENT entities share the same score to 4 decimals; ordering looks arbitrary without exposed tie-breakers.
7922737,Slingmax Group,Boston,MA,med,DUPLICATE_ROUNDED_SCORES_IN_TOP5,Two or more top-5 rows of DIFFERENT entities share the same score to 4 decimals; ordering looks arbitrary without exposed tie-breakers.
7922740,Wildfire Resilience Consortium of Canada (WRCC),Vancouver,BC,info,,No automated issues flagged; still spot-check for domain edge cases.
7922743,Plymouth Rock Lodge #86,,,info,NO_QUERY_GEO_RANK1_HAS_LOCATION;DUPLICATE_ROUNDED_SCORES_IN_TOP5,"Query omits city/state and rank-1 carries an address, but no same-name bare row ties it — acceptable when rank-1 is the best/only-named match (info only). Top-5 score ties are all the same entity (multi-office); expected, not a ranking defect (info only)."
7922749,Pacific Union Conference of  7th Day Adventist,,,info,NO_QUERY_GEO_RANK1_HAS_LOCATION,"Query omits city/state and rank-1 carries an address, but no same-name bare row ties it — acceptable when rank-1 is the best/only-named match (info only)."
7922751,North Omaha Community Partnership,Omaha,NE,info,,No automated issues flagged; still spot-check for domain edge cases.
7922756,Proimpul SAS,Bogota,Cundinamarca,info,,No automated issues flagged; still spot-check for domain edge cases.
7922758,Scouting America,Irving,TX,info,,No automated issues flagged; still spot-check for domain edge cases.
7922760,Scouting America,Noblesville,IN,info,,No automated issues flagged; still spot-check for domain edge cases.
7922761,Pennbright Events,Leage City,TX,med,DUPLICATE_ROUNDED_SCORES_IN_TOP5,Two or more top-5 rows of DIFFERENT entities share the same score to 4 decimals; ordering looks arbitrary without exposed tie-breakers.
7922769,Ontario College Quality Assurance Service,Toronto,ON,info,,No automated issues flagged; still spot-check for domain edge cases.
7922777,Nubian Dive Club of Houston,Houston,TX,info,,No automated issues flagged; still spot-check for domain edge cases.
7922782,Ohio Association of Domestic Relations Judges,,,info,NO_QUERY_GEO_RANK1_HAS_LOCATION,"Query omits city/state and rank-1 carries an address, but no same-name bare row ties it — acceptable when rank-1 is the best/only-named match (info only)."
7922786,California Counties Human Resources (formerly County Personnel Administrators Association of California),San Rafael,CA,med,STRONG_SCORE_NON_EXACT_NAME;HYBRID_SEMANTIC_LED_AT_CEILING,Top-1 is a related but non-identical name (heavy_token_overlap_non_equal) at 0.9667; rationale should justify suffix/token gaps. Hybrid (semantic-led) at a ceiling score with non-exact name overlap — defensibility risk for SMEs.
7922802,Shree Swami Samarth Gurupeeth,Los Angeles,CA,info,,No automated issues flagged; still spot-check for domain edge cases.
7922828,YMCA of the North,Maplewood,MN,med,DUPLICATE_ROUNDED_SCORES_IN_TOP5,Two or more top-5 rows of DIFFERENT entities share the same score to 4 decimals; ordering looks arbitrary without exposed tie-breakers.
7922830,Pittsburgh Firefighters' Association,Pittsburgh,PA,info,,No automated issues flagged; still spot-check for domain edge cases.
7922834,"Southern Glazer's Wine and Spirits of Washington, LLC",Chino Hills,CA,med,DUPLICATE_ROUNDED_SCORES_IN_TOP5,Two or more top-5 rows of DIFFERENT entities share the same score to 4 decimals; ordering looks arbitrary without exposed tie-breakers.
7922837,"Satco, Inc.",El Segundo,CA,med,DUPLICATE_ROUNDED_SCORES_IN_TOP5,Two or more top-5 rows of DIFFERENT entities share the same score to 4 decimals; ordering looks arbitrary without exposed tie-breakers.
7922844,Oracamento,Toronto,ON,info,,No automated issues flagged; still spot-check for domain edge cases.
7922847,Site Travel LLC,West Orange,NJ,med,DUPLICATE_ROUNDED_SCORES_IN_TOP5,Two or more top-5 rows of DIFFERENT entities share the same score to 4 decimals; ordering looks arbitrary without exposed tie-breakers.
7922856,NINE21 Productions,Lafayette Hill,PA,info,,No automated issues flagged; still spot-check for domain edge cases.
7922860,Voyage Tours & Travels Pvt. Ltd.,Kolkata,West Bengal,med,DUPLICATE_ROUNDED_SCORES_IN_TOP5,Two or more top-5 rows of DIFFERENT entities share the same score to 4 decimals; ordering looks arbitrary without exposed tie-breakers.
7922864,Prior Inc.,New York,NY,info,,No automated issues flagged; still spot-check for domain edge cases.
7922865,Nteractive,London,,info,,No automated issues flagged; still spot-check for domain edge cases.
7922870,Sancierge,Beverly Hills,CA,info,,No automated issues flagged; still spot-check for domain edge cases.
7922883,Zhonghai Union Conference And Exhibition Service Beijing Co Ltd - China,Beijing,Beijing,info,,No automated issues flagged; still spot-check for domain edge cases.
7922887,SAGES,Encino,CA,info,DUPLICATE_ROUNDED_SCORES_IN_TOP5,"Top-5 score ties are all the same entity (multi-office); expected, not a ranking defect (info only)."
7922899,The Travel Bug an ALTOUR company,Valencia,CA,med,STRONG_SCORE_NON_EXACT_NAME;HYBRID_SEMANTIC_LED_AT_CEILING,Top-1 is a related but non-identical name (token_subset_mismatch) at 0.9658; rationale should justify suffix/token gaps. Hybrid (semantic-led) at a ceiling score with non-exact name overlap — defensibility risk for SMEs.
7922905,"Radius Consulting, LLC",Fishers,IN,med,DUPLICATE_ROUNDED_SCORES_IN_TOP5,Two or more top-5 rows of DIFFERENT entities share the same score to 4 decimals; ordering looks arbitrary without exposed tie-breakers.
7922908,SitePro,,,info,NO_QUERY_GEO_RANK1_HAS_LOCATION;DUPLICATE_ROUNDED_SCORES_IN_TOP5,"Query omits city/state and rank-1 carries an address, but no same-name bare row ties it — acceptable when rank-1 is the best/only-named match (info only). Top-5 score ties are all the same entity (multi-office); expected, not a ranking defect (info only)."
7922919,on behalf of Kroll,Nottingham,NH,info,DUPLICATE_ROUNDED_SCORES_IN_TOP5,"Top-5 score ties are all the same entity (multi-office); expected, not a ranking defect (info only)."
7922923,""",""jornadas de expertos elaboracion de aparatos de yeso,""""",Prior Lake,MN,info,DUPLICATE_ROUNDED_SCORES_IN_TOP5,"Top-5 score ties are all the same entity (multi-office); expected, not a ranking defect (info only)."
7922929,Sourcing on behalf of Owens & Minor (HQ Virginia),Remote in GA,GA,info,,No automated issues flagged; still spot-check for domain edge cases.
7922931,S + H Travel,Catasauqua,PA,med,DUPLICATE_ROUNDED_SCORES_IN_TOP5,Two or more top-5 rows of DIFFERENT entities share the same score to 4 decimals; ordering looks arbitrary without exposed tie-breakers.
7922934,Pepa Entertainment,Lima,,info,,No automated issues flagged; still spot-check for domain edge cases.
7922935,PepperStone,,,info,NO_QUERY_GEO_RANK1_HAS_LOCATION;DUPLICATE_ROUNDED_SCORES_IN_TOP5,"Query omits city/state and rank-1 carries an address, but no same-name bare row ties it — acceptable when rank-1 is the best/only-named match (info only). Top-5 score ties are all the same entity (multi-office); expected, not a ranking defect (info only)."
7922948,Peter de Anda,,,info,NO_QUERY_GEO_RANK1_HAS_LOCATION;DUPLICATE_ROUNDED_SCORES_IN_TOP5,"Query omits city/state and rank-1 carries an address, but no same-name bare row ties it — acceptable when rank-1 is the best/only-named match (info only). Top-5 score ties are all the same entity (multi-office); expected, not a ranking defect (info only)."
7922953,Songline Travel,San Marcos,CA,info,,No automated issues flagged; still spot-check for domain edge cases.
7922959,Simpo Travel LLC.,Brooklyn,NY,info,,No automated issues flagged; still spot-check for domain edge cases.
7922972,Sofwave,Brick,NJ,med,DUPLICATE_ROUNDED_SCORES_IN_TOP5,Two or more top-5 rows of DIFFERENT entities share the same score to 4 decimals; ordering looks arbitrary without exposed tie-breakers.
7922977,OTG Groups,Toronto,ON,info,,No automated issues flagged; still spot-check for domain edge cases.
7922994,2026 Corazon Awards,Austin,TX,info,,No automated issues flagged; still spot-check for domain edge cases.
7923043,gnet media,Los Angeles,CA,med,DUPLICATE_ROUNDED_SCORES_IN_TOP5,Two or more top-5 rows of DIFFERENT entities share the same score to 4 decimals; ordering looks arbitrary without exposed tie-breakers.
7923048,Horizon Meeting & Management Group,San Jose,CA,info,,No automated issues flagged; still spot-check for domain edge cases.
7923053,Intelligems,New York,NY,info,,No automated issues flagged; still spot-check for domain edge cases.
7923056,Ivo AI,San Francisco,CA,info,,No automated issues flagged; still spot-check for domain edge cases.
7923058,John Muir Health Cancer Medical Group,Walnut Creek,CA,info,,No automated issues flagged; still spot-check for domain edge cases.
7923063,Longtail Drives LLAC,Austin,TX,med,DUPLICATE_ROUNDED_SCORES_IN_TOP5,Two or more top-5 rows of DIFFERENT entities share the same score to 4 decimals; ordering looks arbitrary without exposed tie-breakers.
7923064,Lushan Overseas Edu Co. LTD,Fort Worth,TX,info,DUPLICATE_ROUNDED_SCORES_IN_TOP5,"Top-5 score ties are all the same entity (multi-office); expected, not a ranking defect (info only)."
7923088,Savant Wealth,,,info,NO_QUERY_GEO_RANK1_HAS_LOCATION;DUPLICATE_ROUNDED_SCORES_IN_TOP5,"Query omits city/state and rank-1 carries an address, but no same-name bare row ties it — acceptable when rank-1 is the best/only-named match (info only). Top-5 score ties are all the same entity (multi-office); expected, not a ranking defect (info only)."
7923089,"Savara, Inc",Palo Alto,CA,med,DUPLICATE_ROUNDED_SCORES_IN_TOP5,Two or more top-5 rows of DIFFERENT entities share the same score to 4 decimals; ordering looks arbitrary without exposed tie-breakers.
7923090,"Science of Skincare LLC, DBA Science of Skin Summit",,,info,DUPLICATE_ROUNDED_SCORES_IN_TOP5,"Top-5 score ties are all the same entity (multi-office); expected, not a ranking defect (info only)."
7923091,Scout Meetings,Dallas,TX,info,,No automated issues flagged; still spot-check for domain edge cases.
7923092,Sheriff's Employees' Benefit Association (SEBA),Redlands,CA,med,DUPLICATE_ROUNDED_SCORES_IN_TOP5,Two or more top-5 rows of DIFFERENT entities share the same score to 4 decimals; ordering looks arbitrary without exposed tie-breakers.
7923093,Signify MD,Brooklyn,NY,info,,No automated issues flagged; still spot-check for domain edge cases.
7923094,SmartBank,,,info,NO_QUERY_GEO_RANK1_HAS_LOCATION;DUPLICATE_ROUNDED_SCORES_IN_TOP5,"Query omits city/state and rank-1 carries an address, but no same-name bare row ties it — acceptable when rank-1 is the best/only-named match (info only). Top-5 score ties are all the same entity (multi-office); expected, not a ranking defect (info only)."
7923095,Stateline Road,Napa,Ca,info,,No automated issues flagged; still spot-check for domain edge cases.
7923096,Synergy Asset Management,Vancouver,WA,med,DUPLICATE_ROUNDED_SCORES_IN_TOP5,Two or more top-5 rows of DIFFERENT entities share the same score to 4 decimals; ordering looks arbitrary without exposed tie-breakers.
7923097,Team Offsite,Boise,ID,med,DUPLICATE_ROUNDED_SCORES_IN_TOP5,Two or more top-5 rows of DIFFERENT entities share the same score to 4 decimals; ordering looks arbitrary without exposed tie-breakers.
7923098,Texas Local Firefighters Foundation,Dallas,TX,info,,No automated issues flagged; still spot-check for domain edge cases.
7923101,The Shield Co,Salt Lake City,UT,med,DUPLICATE_ROUNDED_SCORES_IN_TOP5,Two or more top-5 rows of DIFFERENT entities share the same score to 4 decimals; ordering looks arbitrary without exposed tie-breakers.
7923102,The Smart Agency,Orange,CA,info,,No automated issues flagged; still spot-check for domain edge cases.
7923103,The Woodlands High School,,,info,DUPLICATE_ROUNDED_SCORES_IN_TOP5,"Top-5 score ties are all the same entity (multi-office); expected, not a ranking defect (info only)."
7923104,TMR Site Visits/FAMs,,,info,,No automated issues flagged; still spot-check for domain edge cases.
7923105,TMR Site Visits/FAMs,Napa,CA,info,DUPLICATE_ROUNDED_SCORES_IN_TOP5,"Top-5 score ties are all the same entity (multi-office); expected, not a ranking defect (info only)."
7923116,TotalEnergies,Boston,MA,info,DUPLICATE_ROUNDED_SCORES_IN_TOP5,"Top-5 score ties are all the same entity (multi-office); expected, not a ranking defect (info only)."
7923117,TPC Management,Concord,CA,info,,No automated issues flagged; still spot-check for domain edge cases.
7923118,TXB - Texas Born,Spicewood,TX,info,,No automated issues flagged; still spot-check for domain edge cases.
7923119,Tynan Group,Santa Barbara,CA,info,,No automated issues flagged; still spot-check for domain edge cases.
7923120,University of Houston Women's Basketball,Houston,TX,med,STRONG_SCORE_NON_EXACT_NAME;HYBRID_SEMANTIC_LED_AT_CEILING,Top-1 is a related but non-identical name (token_subset_mismatch) at 0.9666; rationale should justify suffix/token gaps. Hybrid (semantic-led) at a ceiling score with non-exact name overlap — defensibility risk for SMEs.
7923121,Vaxcyte,San Carlos,CA,info,,No automated issues flagged; still spot-check for domain edge cases.
7923122,VeEX Inc.,Los Angeles,CA,info,,No automated issues flagged; still spot-check for domain edge cases.
7923123,Virtuox-1,Coral Springs,FL,med,DUPLICATE_ROUNDED_SCORES_IN_TOP5,Two or more top-5 rows of DIFFERENT entities share the same score to 4 decimals; ordering looks arbitrary without exposed tie-breakers.
7923124,VMS Accelerators,Fairfield,CT,med,DUPLICATE_ROUNDED_SCORES_IN_TOP5,Two or more top-5 rows of DIFFERENT entities share the same score to 4 decimals; ordering looks arbitrary without exposed tie-breakers.
7923125,VSP,Rocklin,CA,info,,No automated issues flagged; still spot-check for domain edge cases.
7923126,Wayve AI,London,,info,,No automated issues flagged; still spot-check for domain edge cases.
7923128,Wine and Ardagh Group,,,info,NO_QUERY_GEO_RANK1_HAS_LOCATION;DUPLICATE_ROUNDED_SCORES_IN_TOP5,"Query omits city/state and rank-1 carries an address, but no same-name bare row ties it — acceptable when rank-1 is the best/only-named match (info only). Top-5 score ties are all the same entity (multi-office); expected, not a ranking defect (info only)."
7923129,WKS USA,Placentia,CA,info,,No automated issues flagged; still spot-check for domain edge cases.
7923130,Xemax Surgical Products,Los Angeles,CA,info,,No automated issues flagged; still spot-check for domain edge cases.
7923131,Xylix Sexure,Salt Lake City,UT,info,,No automated issues flagged; still spot-check for domain edge cases.
7923132,YPO Pacific West,San Rafael,CA,info,,No automated issues flagged; still spot-check for domain edge cases.
7923141,On Behalf of PathGuide Technologies,El Cajon,CA,info,,No automated issues flagged; still spot-check for domain edge cases.
7923146,Sentinelone,Portland,OR,info,DUPLICATE_ROUNDED_SCORES_IN_TOP5,"Top-5 score ties are all the same entity (multi-office); expected, not a ranking defect (info only)."
7923151,"WNC, Inc.",,,info,,No automated issues flagged; still spot-check for domain edge cases.
7923196,Misha Hawaii Home,Honolulu,HI,info,,No automated issues flagged; still spot-check for domain edge cases.
7923198,"Tubi, Inc.",San Francisco,CA,info,,No automated issues flagged; still spot-check for domain edge cases.
7923199,Vector Logistics,San Francisco,CA,info,,No automated issues flagged; still spot-check for domain edge cases.
7923205,The Wine Marathon,,,info,NO_QUERY_GEO_RANK1_HAS_LOCATION;DUPLICATE_ROUNDED_SCORES_IN_TOP5,"Query omits city/state and rank-1 carries an address, but no same-name bare row ties it — acceptable when rank-1 is the best/only-named match (info only). Top-5 score ties are all the same entity (multi-office); expected, not a ranking defect (info only)."
7923207,Verra,Washington,DC,info,,No automated issues flagged; still spot-check for domain edge cases.
7923208,Shell Appalchia (Tracking),St Johns,FL,info,,No automated issues flagged; still spot-check for domain edge cases.
7923209,Shwans,Seattle,WA,info,,No automated issues flagged; still spot-check for domain edge cases.
7923210,Wedaways Travel,Lisboa,,info,,No automated issues flagged; still spot-check for domain edge cases.
7923220,INNOV’events Lyon & Valence,,,info,NO_QUERY_GEO_RANK1_HAS_LOCATION;DUPLICATE_ROUNDED_SCORES_IN_TOP5,"Query omits city/state and rank-1 carries an address, but no same-name bare row ties it — acceptable when rank-1 is the best/only-named match (info only). Top-5 score ties are all the same entity (multi-office); expected, not a ranking defect (info only)."
7923221,Positive Physicians Insurance Company,Philadelphia,PA,info,,No automated issues flagged; still spot-check for domain edge cases.
7923224,Sea Shell Pilates,,,info,,No automated issues flagged; still spot-check for domain edge cases.
7923225,SJUCO,,,med,NO_QUERY_GEO_RANK1_HAS_LOCATION;DUPLICATE_ROUNDED_SCORES_IN_TOP5,"Query omits city/state and rank-1 carries an address, but no same-name bare row ties it — acceptable when rank-1 is the best/only-named match (info only). Two or more top-5 rows of DIFFERENT entities share the same score to 4 decimals; ordering looks arbitrary without exposed tie-breakers."
7923229,SJUCO Wedding WIre 2026,,,info,NO_QUERY_GEO_RANK1_HAS_LOCATION;DUPLICATE_ROUNDED_SCORES_IN_TOP5,"Query omits city/state and rank-1 carries an address, but no same-name bare row ties it — acceptable when rank-1 is the best/only-named match (info only). Top-5 score ties are all the same entity (multi-office); expected, not a ranking defect (info only)."
7923230,Smith’s Dream Vacations,,,info,NO_QUERY_GEO_RANK1_HAS_LOCATION,"Query omits city/state and rank-1 carries an address, but no same-name bare row ties it — acceptable when rank-1 is the best/only-named match (info only)."
7923231,Voces PR,Guaynabo,PR,med,DUPLICATE_ROUNDED_SCORES_IN_TOP5,Two or more top-5 rows of DIFFERENT entities share the same score to 4 decimals; ordering looks arbitrary without exposed tie-breakers.
7923235,Arizona Commission on Judicial Conduct,Phoenix,AZ,info,,No automated issues flagged; still spot-check for domain edge cases.
7923250,RE+,Alexandria,VA,info,DUPLICATE_ROUNDED_SCORES_IN_TOP5,"Top-5 score ties are all the same entity (multi-office); expected, not a ranking defect (info only)."
7923252,St. Christopher Catholic Parish,Marana,AZ,info,,No automated issues flagged; still spot-check for domain edge cases.
7923253,TD SYNNEX Corporation,,,info,NO_QUERY_GEO_RANK1_HAS_LOCATION,"Query omits city/state and rank-1 carries an address, but no same-name bare row ties it — acceptable when rank-1 is the best/only-named match (info only)."
7923254,TelevisaUnivision,Doral,FL,info,,No automated issues flagged; still spot-check for domain edge cases.
7923255,TUSHT Catering Corporate,Phoenix,AZ,info,,No automated issues flagged; still spot-check for domain edge cases.
7923262,Capio,,,med,NO_QUERY_GEO_RANK1_HAS_LOCATION;DUPLICATE_ROUNDED_SCORES_IN_TOP5,"Query omits city/state and rank-1 carries an address, but no same-name bare row ties it — acceptable when rank-1 is the best/only-named match (info only). Two or more top-5 rows of DIFFERENT entities share the same score to 4 decimals; ordering looks arbitrary without exposed tie-breakers."
7923271,Members Cooperative Credit Union,,,med,DUPLICATE_ROUNDED_SCORES_IN_TOP5,Two or more top-5 rows of DIFFERENT entities share the same score to 4 decimals; ordering looks arbitrary without exposed tie-breakers.
7923277,"MWave Security, Inc.",Denver,CO,info,,No automated issues flagged; still spot-check for domain edge cases.
7923281,SnapIT Event Solutions,Overland Park,KS,info,,No automated issues flagged; still spot-check for domain edge cases.
7923282,Spotlight Staffing,,,info,DUPLICATE_ROUNDED_SCORES_IN_TOP5,"Top-5 score ties are all the same entity (multi-office); expected, not a ranking defect (info only)."
7923284,United States Olympic & Paralympic Committee,Makati,,info,DUPLICATE_ROUNDED_SCORES_IN_TOP5,"Top-5 score ties are all the same entity (multi-office); expected, not a ranking defect (info only)."
7923285,Universities of Wisconsin,Madison,WI,med,STRONG_SCORE_NON_EXACT_NAME;HYBRID_SEMANTIC_LED_AT_CEILING,Top-1 is a related but non-identical name (token_subset_mismatch) at 0.9658; rationale should justify suffix/token gaps. Hybrid (semantic-led) at a ceiling score with non-exact name overlap — defensibility risk for SMEs.
7923286,Valmet Corporation,,,med,NO_QUERY_GEO_RANK1_HAS_LOCATION;DUPLICATE_ROUNDED_SCORES_IN_TOP5,"Query omits city/state and rank-1 carries an address, but no same-name bare row ties it — acceptable when rank-1 is the best/only-named match (info only). Two or more top-5 rows of DIFFERENT entities share the same score to 4 decimals; ordering looks arbitrary without exposed tie-breakers."
7923287,Valmet Corporation,Minneapolis,MN,info,,No automated issues flagged; still spot-check for domain edge cases.
7923288,VocalEssence,,,info,DUPLICATE_ROUNDED_SCORES_IN_TOP5,"Top-5 score ties are all the same entity (multi-office); expected, not a ranking defect (info only)."
7923289,Work Horse Land Development,,,info,NO_QUERY_GEO_RANK1_HAS_LOCATION;DUPLICATE_ROUNDED_SCORES_IN_TOP5,"Query omits city/state and rank-1 carries an address, but no same-name bare row ties it — acceptable when rank-1 is the best/only-named match (info only). Top-5 score ties are all the same entity (multi-office); expected, not a ranking defect (info only)."
7923290,1-2-1 Travel Connection,Woodbridge,ON,info,,No automated issues flagged; still spot-check for domain edge cases.
7923315,EKHO Infrastructure Solutions,,,info,DUPLICATE_ROUNDED_SCORES_IN_TOP5,"Top-5 score ties are all the same entity (multi-office); expected, not a ranking defect (info only)."
7923341,MPI AZ Chapter,Buckeye,AZ,med,DUPLICATE_ROUNDED_SCORES_IN_TOP5,Two or more top-5 rows of DIFFERENT entities share the same score to 4 decimals; ordering looks arbitrary without exposed tie-breakers.
7923344,Orcas Capital Partners Limited,,,info,NO_QUERY_GEO_RANK1_HAS_LOCATION;DUPLICATE_ROUNDED_SCORES_IN_TOP5,"Query omits city/state and rank-1 carries an address, but no same-name bare row ties it — acceptable when rank-1 is the best/only-named match (info only). Top-5 score ties are all the same entity (multi-office); expected, not a ranking defect (info only)."
7923346,Prime Capital,Lenexa,KS,med,STRONG_SCORE_NON_EXACT_NAME;DUPLICATE_ROUNDED_SCORES_IN_TOP5;HYBRID_SEMANTIC_LED_AT_CEILING,Top-1 is a related but non-identical name (query_and_top1_names_related_non_equal) at 0.9714; rationale should justify suffix/token gaps. Two or more top-5 rows of DIFFERENT entities share the same score to 4 decimals; ordering looks arbitrary without exposed tie-breakers. Hybrid (semantic-led) at a ceiling score with non-exact name overlap — defensibility risk for SMEs.
7923350,See Agency and Agent,Maidenhead,Berkshire,info,DUPLICATE_ROUNDED_SCORES_IN_TOP5,"Top-5 score ties are all the same entity (multi-office); expected, not a ranking defect (info only)."
7923351,See Agency and Agent,Philadelphia,PA,info,,No automated issues flagged; still spot-check for domain edge cases.
7923352,See Agency and Agent,Westfield,NJ,med,DUPLICATE_ROUNDED_SCORES_IN_TOP5,Two or more top-5 rows of DIFFERENT entities share the same score to 4 decimals; ordering looks arbitrary without exposed tie-breakers.
7923353,See Agency and Agent,Phoenix,AZ,info,,No automated issues flagged; still spot-check for domain edge cases.
7923354,SIPP Marketing,,,info,NO_QUERY_GEO_RANK1_HAS_LOCATION;DUPLICATE_ROUNDED_SCORES_IN_TOP5,"Query omits city/state and rank-1 carries an address, but no same-name bare row ties it — acceptable when rank-1 is the best/only-named match (info only). Top-5 score ties are all the same entity (multi-office); expected, not a ranking defect (info only)."
7923355,TeeJet Technologies,Glendale Heights,IL,info,,No automated issues flagged; still spot-check for domain edge cases.
7923356,Typeform,Jackson,NJ,info,DUPLICATE_ROUNDED_SCORES_IN_TOP5,"Top-5 score ties are all the same entity (multi-office); expected, not a ranking defect (info only)."
7923357,Will Nelson/Fit Pro CEO Mastermind,Denver,CO,info,,No automated issues flagged; still spot-check for domain edge cases.
7923358,WinField United Canada LLC,,,info,NO_QUERY_GEO_RANK1_HAS_LOCATION,"Query omits city/state and rank-1 carries an address, but no same-name bare row ties it — acceptable when rank-1 is the best/only-named match (info only)."
7923359,WinField United Canada LLC,Arden Hills,MN,info,,No automated issues flagged; still spot-check for domain edge cases.
7923360,WinField United Canada LLC,Saint Paul,MN,info,,No automated issues flagged; still spot-check for domain edge cases.
7923361,Wizz Air Hungary Ltd.,Phoenix,AZ,info,,No automated issues flagged; still spot-check for domain edge cases.
7923362,Wizz Air Hungary Ltd.,,,info,NO_QUERY_GEO_RANK1_HAS_LOCATION;DUPLICATE_ROUNDED_SCORES_IN_TOP5,"Query omits city/state and rank-1 carries an address, but no same-name bare row ties it — acceptable when rank-1 is the best/only-named match (info only). Top-5 score ties are all the same entity (multi-office); expected, not a ranking defect (info only)."
7923363,Youth Baseball Team / Westlake Village Gladiators,Oak Park,CA,info,,No automated issues flagged; still spot-check for domain edge cases.
7923366,TAG - LA,,,info,,No automated issues flagged; still spot-check for domain edge cases.
7923367,Take2Eton Group,Maidenhead,Berkshire,med,DUPLICATE_ROUNDED_SCORES_IN_TOP5,Two or more top-5 rows of DIFFERENT entities share the same score to 4 decimals; ordering looks arbitrary without exposed tie-breakers.
7923368,**BAND REQUEST** - Ying Yau B&C Party - Courtyard by Marriott Boston Cambridge - 17th - 18th February,New Canaan,CT,info,,No automated issues flagged; still spot-check for domain edge cases.
7923388,Crestwood Advisors,Boston,MA,info,,No automated issues flagged; still spot-check for domain edge cases.
7923408,Massacusetts Eye and Ear Infirmary,,,info,NO_QUERY_GEO_RANK1_HAS_LOCATION,"Query omits city/state and rank-1 carries an address, but no same-name bare row ties it — acceptable when rank-1 is the best/only-named match (info only)."
7923424,Sheldrick Wildlife Trust USA,Los Angeles,CA,info,,No automated issues flagged; still spot-check for domain edge cases.
7923427,Strike48,,,info,NO_QUERY_GEO_RANK1_HAS_LOCATION;DUPLICATE_ROUNDED_SCORES_IN_TOP5,"Query omits city/state and rank-1 carries an address, but no same-name bare row ties it — acceptable when rank-1 is the best/only-named match (info only). Top-5 score ties are all the same entity (multi-office); expected, not a ranking defect (info only)."
7923428,SunRun,Utah,UT,info,,No automated issues flagged; still spot-check for domain edge cases.
7923429,Take2Eton Events,,,info,NO_QUERY_GEO_RANK1_HAS_LOCATION;DUPLICATE_ROUNDED_SCORES_IN_TOP5,"Query omits city/state and rank-1 carries an address, but no same-name bare row ties it — acceptable when rank-1 is the best/only-named match (info only). Top-5 score ties are all the same entity (multi-office); expected, not a ranking defect (info only)."
7923430,Team8,,,info,NO_QUERY_GEO_RANK1_HAS_LOCATION;DUPLICATE_ROUNDED_SCORES_IN_TOP5,"Query omits city/state and rank-1 carries an address, but no same-name bare row ties it — acceptable when rank-1 is the best/only-named match (info only). Top-5 score ties are all the same entity (multi-office); expected, not a ranking defect (info only)."
7923432,The Westfield Group A,,,info,,No automated issues flagged; still spot-check for domain edge cases.
7923433,The Westfield Group A,Clark,NJ,info,,No automated issues flagged; still spot-check for domain edge cases.
7923434,Thomas Lee Partners,New York,NY,info,,No automated issues flagged; still spot-check for domain edge cases.
7923436,Troutman Pepper,New York,NY,info,,No automated issues flagged; still spot-check for domain edge cases.
7923437,True Green Capital Management LLC,London,,info,,No automated issues flagged; still spot-check for domain edge cases.
7923438,TwinFocus,,,info,NO_QUERY_GEO_RANK1_HAS_LOCATION,"Query omits city/state and rank-1 carries an address, but no same-name bare row ties it — acceptable when rank-1 is the best/only-named match (info only)."
7923439,UATP,,,info,NO_QUERY_GEO_RANK1_HAS_LOCATION,"Query omits city/state and rank-1 carries an address, but no same-name bare row ties it — acceptable when rank-1 is the best/only-named match (info only)."
7923440,Veterinary Innovative Partners,Memphis,TN,med,DUPLICATE_ROUNDED_SCORES_IN_TOP5,Two or more top-5 rows of DIFFERENT entities share the same score to 4 decimals; ordering looks arbitrary without exposed tie-breakers.
7923441,Viatris,Tucsin,AZ,med,STRONG_SCORE_NON_EXACT_NAME;DUPLICATE_ROUNDED_SCORES_IN_TOP5;HYBRID_SEMANTIC_LED_AT_CEILING,"Top-1 is a related but non-identical name (query_and_top1_names_related_non_equal) at 0.9514; rationale should justify suffix/token gaps. Top-5 score ties are all the same entity (multi-office); expected, not a ranking defect (info only). Hybrid (semantic-led) at a ceiling score with non-exact name overlap — defensibility risk for SMEs."
7923442,Vision Event Co.,,,med,NO_QUERY_GEO_RANK1_HAS_LOCATION;DUPLICATE_ROUNDED_SCORES_IN_TOP5,"Query omits city/state and rank-1 carries an address, but no same-name bare row ties it — acceptable when rank-1 is the best/only-named match (info only). Two or more top-5 rows of DIFFERENT entities share the same score to 4 decimals; ordering looks arbitrary without exposed tie-breakers."
7923443,Voltus Inc.,,,info,,No automated issues flagged; still spot-check for domain edge cases.
7923445,Westiminster School,Simsbury,CT,info,,No automated issues flagged; still spot-check for domain edge cases.
7923446,Willow Bridge PC,Atlanta,GA,info,,No automated issues flagged; still spot-check for domain edge cases.
7923447,"YPO, Inc*",,,info,NO_QUERY_GEO_RANK1_HAS_LOCATION;DUPLICATE_ROUNDED_SCORES_IN_TOP5,"Query omits city/state and rank-1 carries an address, but no same-name bare row ties it — acceptable when rank-1 is the best/only-named match (info only). Top-5 score ties are all the same entity (multi-office); expected, not a ranking defect (info only)."
7923465,The Westfield Group A,Roseland,NJ,info,,No automated issues flagged; still spot-check for domain edge cases.
7923466,TrendStep Agency,London,,info,,No automated issues flagged; still spot-check for domain edge cases.
7923469,Analog,Nashville,TN,med,DUPLICATE_ROUNDED_SCORES_IN_TOP5,Two or more top-5 rows of DIFFERENT entities share the same score to 4 decimals; ordering looks arbitrary without exposed tie-breakers.
7923492,Institute For Strategic Lrning,Naperville,IL,med,DUPLICATE_ROUNDED_SCORES_IN_TOP5,Two or more top-5 rows of DIFFERENT entities share the same score to 4 decimals; ordering looks arbitrary without exposed tie-breakers.
7923495,Irish Network Nashville,Nashville,TN,info,,No automated issues flagged; still spot-check for domain edge cases.
7923502,LWML Mid South District,,,info,,No automated issues flagged; still spot-check for domain edge cases.
7923505,MSE Nashville,Nashville,TN,info,,No automated issues flagged; still spot-check for domain edge cases.
7923521,"Savara, Inc",,,info,DUPLICATE_ROUNDED_SCORES_IN_TOP5,"Top-5 score ties are all the same entity (multi-office); expected, not a ranking defect (info only)."
7923522,Stryker Corporate,Bloomington,MN,med,DUPLICATE_ROUNDED_SCORES_IN_TOP5,Two or more top-5 rows of DIFFERENT entities share the same score to 4 decimals; ordering looks arbitrary without exposed tie-breakers.
7923523,TAG Touring,New York,NY,info,,No automated issues flagged; still spot-check for domain edge cases.
7923524,Tesorio,SAN FRANCISCO,CA,info,,No automated issues flagged; still spot-check for domain edge cases.
7923525,Texas Capital,Richardson,TX,info,,No automated issues flagged; still spot-check for domain edge cases.
7923528,The White Dress Society,Lexington,KY,med,DUPLICATE_ROUNDED_SCORES_IN_TOP5,Two or more top-5 rows of DIFFERENT entities share the same score to 4 decimals; ordering looks arbitrary without exposed tie-breakers.
7923529,Titan Roofing,Memphis,TN,med,DUPLICATE_ROUNDED_SCORES_IN_TOP5,Two or more top-5 rows of DIFFERENT entities share the same score to 4 decimals; ordering looks arbitrary without exposed tie-breakers.
7923530,Together Women's Health,Philadelphia,PA,info,,No automated issues flagged; still spot-check for domain edge cases.
7923531,Travalaco,Hollywood,FL,info,,No automated issues flagged; still spot-check for domain edge cases.
7923532,Travel Solutions,Belfast,Northern Ireland,info,DUPLICATE_ROUNDED_SCORES_IN_TOP5,"Top-5 score ties are all the same entity (multi-office); expected, not a ranking defect (info only)."
7923533,Truka LLC,,,info,NO_QUERY_GEO_RANK1_HAS_LOCATION;DUPLICATE_ROUNDED_SCORES_IN_TOP5,"Query omits city/state and rank-1 carries an address, but no same-name bare row ties it — acceptable when rank-1 is the best/only-named match (info only). Top-5 score ties are all the same entity (multi-office); expected, not a ranking defect (info only)."
7923534,Vanderbilt University Alumni Association,Nashville,TN,med,DUPLICATE_ROUNDED_SCORES_IN_TOP5,Two or more top-5 rows of DIFFERENT entities share the same score to 4 decimals; ordering looks arbitrary without exposed tie-breakers.
7923535,"VNGR Beverage, LLC. dba poppi",,,info,NO_QUERY_GEO_RANK1_HAS_LOCATION;DUPLICATE_ROUNDED_SCORES_IN_TOP5,"Query omits city/state and rank-1 carries an address, but no same-name bare row ties it — acceptable when rank-1 is the best/only-named match (info only). Top-5 score ties are all the same entity (multi-office); expected, not a ranking defect (info only)."
7923536,Wanderlust Escapes,Calera,AL,med,DUPLICATE_ROUNDED_SCORES_IN_TOP5,Two or more top-5 rows of DIFFERENT entities share the same score to 4 decimals; ordering looks arbitrary without exposed tie-breakers.
7923537,XOi Technologies,Nashville,TN,info,,No automated issues flagged; still spot-check for domain edge cases.
7923538,Zydus Pharmaceutical,,NJ,info,,No automated issues flagged; still spot-check for domain edge cases.
7923545,Angus T. Brabham III,Columbia,SC,info,,No automated issues flagged; still spot-check for domain edge cases.
7923596,Henri Stern Watch Agency-Patek Philippe,New York,NY,info,,No automated issues flagged; still spot-check for domain edge cases.
7923601,Eagle Eye Travel,Maitland,FL,med,DUPLICATE_ROUNDED_SCORES_IN_TOP5,Two or more top-5 rows of DIFFERENT entities share the same score to 4 decimals; ordering looks arbitrary without exposed tie-breakers.
7923606,108 Coaching Ltd,Laguna Niguel,CA,info,,No automated issues flagged; still spot-check for domain edge cases.
7923628,HBA-Healthcare Businesswomen's Association,Rehoboth Beach,DE,info,,No automated issues flagged; still spot-check for domain edge cases.
7923638,National Association of State Agencies for Surplus,Rockville,MD,med,STRONG_SCORE_NON_EXACT_NAME;DUPLICATE_ROUNDED_SCORES_IN_TOP5;HYBRID_SEMANTIC_LED_AT_CEILING,Top-1 is a related but non-identical name (query_and_top1_names_related_non_equal) at 0.9665; rationale should justify suffix/token gaps. Two or more top-5 rows of DIFFERENT entities share the same score to 4 decimals; ordering looks arbitrary without exposed tie-breakers. Hybrid (semantic-led) at a ceiling score with non-exact name overlap — defensibility risk for SMEs.
7923642,Printing Packaging & Production Workers Union of North America (PPPWU),,,info,NO_QUERY_GEO_RANK1_HAS_LOCATION;DUPLICATE_ROUNDED_SCORES_IN_TOP5,"Query omits city/state and rank-1 carries an address, but no same-name bare row ties it — acceptable when rank-1 is the best/only-named match (info only). Top-5 score ties are all the same entity (multi-office); expected, not a ranking defect (info only)."
7923651,Smart Health Education,Upper Marlboro,MD,info,,No automated issues flagged; still spot-check for domain edge cases.
7923652,Smile Doctors LLC,Chicago,IL,info,,No automated issues flagged; still spot-check for domain edge cases.
7923653,SRG Inc.,Dallas,TX,med,STRONG_SCORE_NON_EXACT_NAME;HYBRID_SEMANTIC_LED_AT_CEILING,Top-1 is a related but non-identical name (query_and_top1_names_related_non_equal) at 0.9651; rationale should justify suffix/token gaps. Hybrid (semantic-led) at a ceiling score with non-exact name overlap — defensibility risk for SMEs.
7923654,Strategic Incentive Solutions,Saint Louis,MO,info,,No automated issues flagged; still spot-check for domain edge cases.
7923655,SZNS Solutions,Reston,VA,med,DUPLICATE_ROUNDED_SCORES_IN_TOP5,Two or more top-5 rows of DIFFERENT entities share the same score to 4 decimals; ordering looks arbitrary without exposed tie-breakers.
7923656,Take the Lead Inc.,NEW YORK,NY,info,,No automated issues flagged; still spot-check for domain edge cases.
7923657,TAM Advisory,Fizuli,Baku,info,,No automated issues flagged; still spot-check for domain edge cases.
7923658,"The Washington, D.C. Alumnae Foundation WDCAF",Washington,DC,info,,No automated issues flagged; still spot-check for domain edge cases.
7923659,TRAVELIKO Uslugi Turystyczne,,,info,DUPLICATE_ROUNDED_SCORES_IN_TOP5,"Top-5 score ties are all the same entity (multi-office); expected, not a ranking defect (info only)."
7923660,U.S. Travel Association,Washington,DC,info,,No automated issues flagged; still spot-check for domain edge cases.
7923661,USA-IT,Washington,DC,med,DUPLICATE_ROUNDED_SCORES_IN_TOP5,Two or more top-5 rows of DIFFERENT entities share the same score to 4 decimals; ordering looks arbitrary without exposed tie-breakers.
7923662,Vacation Xcapes,Newark,NJ,med,DUPLICATE_ROUNDED_SCORES_IN_TOP5,Two or more top-5 rows of DIFFERENT entities share the same score to 4 decimals; ordering looks arbitrary without exposed tie-breakers.
7923663,VHA Institute for Learning,Arlington,TX,med,DUPLICATE_ROUNDED_SCORES_IN_TOP5,Two or more top-5 rows of DIFFERENT entities share the same score to 4 decimals; ordering looks arbitrary without exposed tie-breakers.
7923664,Vivid Sky Travel INC,Sherman Oaks,CA,info,,No automated issues flagged; still spot-check for domain edge cases.
7923671,When Brown Girls Lead,,,info,NO_QUERY_GEO_RANK1_HAS_LOCATION;DUPLICATE_ROUNDED_SCORES_IN_TOP5,"Query omits city/state and rank-1 carries an address, but no same-name bare row ties it — acceptable when rank-1 is the best/only-named match (info only). Top-5 score ties are all the same entity (multi-office); expected, not a ranking defect (info only)."
7923672,World Boardgaming Championships,Hickory,NC,med,DUPLICATE_ROUNDED_SCORES_IN_TOP5,Two or more top-5 rows of DIFFERENT entities share the same score to 4 decimals; ordering looks arbitrary without exposed tie-breakers.
7923673,Xello,,,info,NO_QUERY_GEO_RANK1_HAS_LOCATION;DUPLICATE_ROUNDED_SCORES_IN_TOP5,"Query omits city/state and rank-1 carries an address, but no same-name bare row ties it — acceptable when rank-1 is the best/only-named match (info only). Top-5 score ties are all the same entity (multi-office); expected, not a ranking defect (info only)."
7923677,TravelFun LLC dba TravelFun.Biz,,,info,DUPLICATE_ROUNDED_SCORES_IN_TOP5,"Top-5 score ties are all the same entity (multi-office); expected, not a ranking defect (info only)."
7923678,Ventur3,Bellevue,WA,med,DUPLICATE_ROUNDED_SCORES_IN_TOP5,Two or more top-5 rows of DIFFERENT entities share the same score to 4 decimals; ordering looks arbitrary without exposed tie-breakers.
7923684,Americas CXO Collective SEPTEMBER 2026 M6N53VJP3HF,,,info,,No automated issues flagged; still spot-check for domain edge cases.
7923688,BTCCHI0426 VGNRNBLW39M,,,info,NO_QUERY_GEO_RANK1_HAS_LOCATION;DUPLICATE_ROUNDED_SCORES_IN_TOP5,"Query omits city/state and rank-1 carries an address, but no same-name bare row ties it — acceptable when rank-1 is the best/only-named match (info only). Top-5 score ties are all the same entity (multi-office); expected, not a ranking defect (info only)."
7923693,CHI21APR23APR26 L7NLLHBV8VZ,,,info,,No automated issues flagged; still spot-check for domain edge cases.
7923716,NKL WEXMAC RTOP 2862 H5NKXH55PJT,,,info,NO_QUERY_GEO_RANK1_HAS_LOCATION;DUPLICATE_ROUNDED_SCORES_IN_TOP5,"Query omits city/state and rank-1 carries an address, but no same-name bare row ties it — acceptable when rank-1 is the best/only-named match (info only). Top-5 score ties are all the same entity (multi-office); expected, not a ranking defect (info only)."
7923724,Sciton,Fairfield,CT,info,DUPLICATE_ROUNDED_SCORES_IN_TOP5,"Top-5 score ties are all the same entity (multi-office); expected, not a ranking defect (info only)."
7923725,Sidley Austin LLP  HQ,Chicago,IL,info,,No automated issues flagged; still spot-check for domain edge cases.
7923726,TBJ Inc,Toronto,ON,info,,No automated issues flagged; still spot-check for domain edge cases.
7923727,Tempo Basketball Club Inc,Alamo,CA,info,,No automated issues flagged; still spot-check for domain edge cases.
7923729,Tony Patino Fellowship,Chicago,IL,info,,No automated issues flagged; still spot-check for domain edge cases.
7923730,Vista Grande,Tampa,FL,med,DUPLICATE_ROUNDED_SCORES_IN_TOP5,Two or more top-5 rows of DIFFERENT entities share the same score to 4 decimals; ordering looks arbitrary without exposed tie-breakers.
7923731,VMG-06 Fall 2026 XJNZXHNB8NP,,,info,,No automated issues flagged; still spot-check for domain edge cases.
7923732,Waystar Legal Team Meeting FKNHDXYY7HJ,,,med,DUPLICATE_ROUNDED_SCORES_IN_TOP5,Two or more top-5 rows of DIFFERENT entities share the same score to 4 decimals; ordering looks arbitrary without exposed tie-breakers.
7923733,Wholesalecars.com,Boaz,AL,info,DUPLICATE_ROUNDED_SCORES_IN_TOP5,"Top-5 score ties are all the same entity (multi-office); expected, not a ranking defect (info only)."
7923734,WPP Media,New York,NY,info,,No automated issues flagged; still spot-check for domain edge cases.
7923748,(RC) Santander - Full Time Training Meeting 2026 FBND6YC8H5C,,,info,DUPLICATE_ROUNDED_SCORES_IN_TOP5,"Top-5 score ties are all the same entity (multi-office); expected, not a ranking defect (info only)."
7923749,104690 - IS Leadership Meeting P8NXYVJPSLZ,,,info,,No automated issues flagged; still spot-check for domain edge cases.
7923750,2026 AT Meeting VRNK9Y9PQKD,,,info,,No automated issues flagged; still spot-check for domain edge cases.
7923751,2026 ITPEU Annual Investment Meeting LTNLRRRFJC8,,,info,,No automated issues flagged; still spot-check for domain edge cases.
7923752,2026 NJ Innovation Lab Visit FVN34577KN6,,,info,NO_QUERY_GEO_RANK1_HAS_LOCATION;DUPLICATE_ROUNDED_SCORES_IN_TOP5,"Query omits city/state and rank-1 carries an address, but no same-name bare row ties it — acceptable when rank-1 is the best/only-named match (info only). Top-5 score ties are all the same entity (multi-office); expected, not a ranking defect (info only)."
7923753,510 wood Ave e,Big Stone gap,VA,med,DUPLICATE_ROUNDED_SCORES_IN_TOP5,Two or more top-5 rows of DIFFERENT entities share the same score to 4 decimals; ordering looks arbitrary without exposed tie-breakers.
7923754,59261 - AVEIR Physician Training - New York K3N6DJR5R9K,,,info,DUPLICATE_ROUNDED_SCORES_IN_TOP5,"Top-5 score ties are all the same entity (multi-office); expected, not a ranking defect (info only)."
7923755,"59261 - AVEIR Physician Training - New York, NY KTNFKVTWJ69",,,info,DUPLICATE_ROUNDED_SCORES_IN_TOP5,"Top-5 score ties are all the same entity (multi-office); expected, not a ranking defect (info only)."
7923756,A&M 2027 MAS Year End Nov2027 PNN2CTYX6QF,,,info,NO_QUERY_GEO_RANK1_HAS_LOCATION,"Query omits city/state and rank-1 carries an address, but no same-name bare row ties it — acceptable when rank-1 is the best/only-named match (info only)."
7923757,"AbbVie, Incorporated",Waukegan Road,IL,info,,No automated issues flagged; still spot-check for domain edge cases.
7923758,Allied Universal,Irvine,CA,info,,No automated issues flagged; still spot-check for domain edge cases.
7923759,Amazon NYC Analyst Forum at AWS New York Summit 2026 06.26 FTNXMMKMMNR IH KZNVLGCHNP3,,,info,,No automated issues flagged; still spot-check for domain edge cases.
7923760,Applecart,New York,NY,med,STRONG_SCORE_NON_EXACT_NAME;HYBRID_SEMANTIC_LED_AT_CEILING,Top-1 is a related but non-identical name (query_and_top1_names_related_non_equal) at 0.9657; rationale should justify suffix/token gaps. Hybrid (semantic-led) at a ceiling score with non-exact name overlap — defensibility risk for SMEs.
7923761,Armis Offsite Leadership Meeting XRNJJHY7FF2,,,info,,No automated issues flagged; still spot-check for domain edge cases.
7923762,"Behind the Scenes A Medical Education Company, LLC",Dix Hills,NY,med,DUPLICATE_ROUNDED_SCORES_IN_TOP5,Two or more top-5 rows of DIFFERENT entities share the same score to 4 decimals; ordering looks arbitrary without exposed tie-breakers.
7923763,Better World Travel,West Caldwell,NJ,info,DUPLICATE_ROUNDED_SCORES_IN_TOP5,"Top-5 score ties are all the same entity (multi-office); expected, not a ranking defect (info only)."
7923764,BioEdge Longevity,Delray Beach,FL,med,DUPLICATE_ROUNDED_SCORES_IN_TOP5,Two or more top-5 rows of DIFFERENT entities share the same score to 4 decimals; ordering looks arbitrary without exposed tie-breakers.
7923765,BRG LLC,Peoria,AZ,med,DUPLICATE_ROUNDED_SCORES_IN_TOP5,Two or more top-5 rows of DIFFERENT entities share the same score to 4 decimals; ordering looks arbitrary without exposed tie-breakers.
7923766,Candid Health,Denver,CO,info,,No automated issues flagged; still spot-check for domain edge cases.
7923782,FY2027  ACLU Retreat JHN8RDTZV8Z,,,info,,No automated issues flagged; still spot-check for domain edge cases.
7923791,"Horizon Meeting and Management Group, LLC",Pflugerville,TX,info,,No automated issues flagged; still spot-check for domain edge cases.
7923802,March 2026 Life360 Finance Org Offsite J9NSM38DCSJ,,,info,NO_QUERY_GEO_RANK1_HAS_LOCATION;DUPLICATE_ROUNDED_SCORES_IN_TOP5,"Query omits city/state and rank-1 carries an address, but no same-name bare row ties it — acceptable when rank-1 is the best/only-named match (info only). Top-5 score ties are all the same entity (multi-office); expected, not a ranking defect (info only)."
7923804,n3xt,Cheyenne,WY,info,,No automated issues flagged; still spot-check for domain edge cases.
7923805,Navy League of the United States HQ,Bel Air,MD,med,DUPLICATE_ROUNDED_SCORES_IN_TOP5,Two or more top-5 rows of DIFFERENT entities share the same score to 4 decimals; ordering looks arbitrary without exposed tie-breakers.
7923806,Nephron Drug Channel Symposium VZNY4J83BS6,,,info,DUPLICATE_ROUNDED_SCORES_IN_TOP5,"Top-5 score ties are all the same entity (multi-office); expected, not a ranking defect (info only)."
7923807,New York CISO & CIO ORBIE Awards F4NRC7RTB3N,,,info,,No automated issues flagged; still spot-check for domain edge cases.
7923808,Nexl Meeting January 2026 FWNK5XJG7JC,,,info,,No automated issues flagged; still spot-check for domain edge cases.
7923818,Shareholders Meeting for lee martins llc GMNTYWX6G5Y,,,info,DUPLICATE_ROUNDED_SCORES_IN_TOP5,"Top-5 score ties are all the same entity (multi-office); expected, not a ranking defect (info only)."
7923819,Shriners z (DO NOT USE),Tampa,FL,info,,No automated issues flagged; still spot-check for domain edge cases.
7923820,Skechers  Market Week HGNQXGGPHCB,,,info,DUPLICATE_ROUNDED_SCORES_IN_TOP5,"Top-5 score ties are all the same entity (multi-office); expected, not a ranking defect (info only)."
7923821,SMCTG Tour Inc,Chantilly,VA,med,STRONG_SCORE_NON_EXACT_NAME;DUPLICATE_ROUNDED_SCORES_IN_TOP5;HYBRID_SEMANTIC_LED_AT_CEILING,Top-1 is a related but non-identical name (token_subset_mismatch) at 0.9667; rationale should justify suffix/token gaps. Two or more top-5 rows of DIFFERENT entities share the same score to 4 decimals; ordering looks arbitrary without exposed tie-breakers. Hybrid (semantic-led) at a ceiling score with non-exact name overlap — defensibility risk for SMEs.
7923822,Soham Experiences Pvt Ltd,,,info,DUPLICATE_ROUNDED_SCORES_IN_TOP5,"Top-5 score ties are all the same entity (multi-office); expected, not a ranking defect (info only)."
7923823,Spina Bifida Association of NYS,New York,NY,info,,No automated issues flagged; still spot-check for domain edge cases.
7923824,SRO Motorsports America,Frisco,TX,med,DUPLICATE_ROUNDED_SCORES_IN_TOP5,Two or more top-5 rows of DIFFERENT entities share the same score to 4 decimals; ordering looks arbitrary without exposed tie-breakers.
7923825,Stemline GCO F2F Apr2026 JLNPZ8NX54K,,,info,DUPLICATE_ROUNDED_SCORES_IN_TOP5,"Top-5 score ties are all the same entity (multi-office); expected, not a ranking defect (info only)."
7923826,Sun River Healthcare,Philadelphia,PA,med,DUPLICATE_ROUNDED_SCORES_IN_TOP5,Two or more top-5 rows of DIFFERENT entities share the same score to 4 decimals; ordering looks arbitrary without exposed tie-breakers.
7923827,Supernature,,,info,DUPLICATE_ROUNDED_SCORES_IN_TOP5,"Top-5 score ties are all the same entity (multi-office); expected, not a ranking defect (info only)."
7923828,TA Connection,Schaumburg,IL,info,,No automated issues flagged; still spot-check for domain edge cases.
7923830,The Timothy Initiative,North Chesterfield,CA,info,,No automated issues flagged; still spot-check for domain edge cases.
7923831,Tik Tok,Derby,Derbyshire,info,,No automated issues flagged; still spot-check for domain edge cases.
7923832,Travel Event Staffing,Newton,NJ,info,,No automated issues flagged; still spot-check for domain edge cases.
7923833,TRAVEL IDEA NEW YORK FIFA DVN62HQ6WCH,,,info,,No automated issues flagged; still spot-check for domain edge cases.
7923834,TRAVEL IDEA NYC CUSTOMERS GNNC94FYH9Q,,,info,,No automated issues flagged; still spot-check for domain edge cases.
7923835,TRAVEL IDEA NYC PHIL MIA INFLUENCERS FIFA KZN5J4ZHKSQ,,,info,NO_QUERY_GEO_RANK1_HAS_LOCATION;DUPLICATE_ROUNDED_SCORES_IN_TOP5,"Query omits city/state and rank-1 carries an address, but no same-name bare row ties it — acceptable when rank-1 is the best/only-named match (info only). Top-5 score ties are all the same entity (multi-office); expected, not a ranking defect (info only)."
7923836,TRAVEL IDEA NYC PRESS & SALES JZNF6K55JCN,,,info,NO_QUERY_GEO_RANK1_HAS_LOCATION;DUPLICATE_ROUNDED_SCORES_IN_TOP5,"Query omits city/state and rank-1 carries an address, but no same-name bare row ties it — acceptable when rank-1 is the best/only-named match (info only). Top-5 score ties are all the same entity (multi-office); expected, not a ranking defect (info only)."
7923837,TSA-NDO_EWR_FIFA World Cup Support_JUNE-JULY 2026 XWN9KGRFKDX,,,info,DUPLICATE_ROUNDED_SCORES_IN_TOP5,"Top-5 score ties are all the same entity (multi-office); expected, not a ranking defect (info only)."
7923838,Unilever 2026 Conference GKNTY4PNV4C,,,info,DUPLICATE_ROUNDED_SCORES_IN_TOP5,"Top-5 score ties are all the same entity (multi-office); expected, not a ranking defect (info only)."
7923839,Unitaid / World Health Organization,Grand Saconnex,Geneva,med,DUPLICATE_ROUNDED_SCORES_IN_TOP5,Two or more top-5 rows of DIFFERENT entities share the same score to 4 decimals; ordering looks arbitrary without exposed tie-breakers.
7923840,V8 EXPRIENCE DESIGN,New York,NY,info,,No automated issues flagged; still spot-check for domain edge cases.
7923841,Visa,Chicago,IL,med,STRONG_SCORE_NON_EXACT_NAME;DUPLICATE_ROUNDED_SCORES_IN_TOP5;HYBRID_SEMANTIC_LED_AT_CEILING,Top-1 is a related but non-identical name (query_and_top1_names_related_non_equal) at 0.9709; rationale should justify suffix/token gaps. Two or more top-5 rows of DIFFERENT entities share the same score to 4 decimals; ordering looks arbitrary without exposed tie-breakers. Hybrid (semantic-led) at a ceiling score with non-exact name overlap — defensibility risk for SMEs.
7923842,Wealthspire,New York,NY,med,STRONG_SCORE_NON_EXACT_NAME;HYBRID_SEMANTIC_LED_AT_CEILING,Top-1 is a related but non-identical name (query_and_top1_names_related_non_equal) at 0.9662; rationale should justify suffix/token gaps. Hybrid (semantic-led) at a ceiling score with non-exact name overlap — defensibility risk for SMEs.
7923843,305 Communications and Event Management,,,med,NO_QUERY_GEO_RANK1_HAS_LOCATION;DUPLICATE_ROUNDED_SCORES_IN_TOP5,"Query omits city/state and rank-1 carries an address, but no same-name bare row ties it — acceptable when rank-1 is the best/only-named match (info only). Two or more top-5 rows of DIFFERENT entities share the same score to 4 decimals; ordering looks arbitrary without exposed tie-breakers."
7923844,"ARC Network, LLC",,,info,DUPLICATE_ROUNDED_SCORES_IN_TOP5,"Top-5 score ties are all the same entity (multi-office); expected, not a ranking defect (info only)."
7923846,"Horizon Meeting and Management Group, LLC",,,info,DUPLICATE_ROUNDED_SCORES_IN_TOP5,"Top-5 score ties are all the same entity (multi-office); expected, not a ranking defect (info only)."
7923848,SMCTG Tour Inc,,,info,DUPLICATE_ROUNDED_SCORES_IN_TOP5,"Top-5 score ties are all the same entity (multi-office); expected, not a ranking defect (info only)."
7923870,Air China,El Segundo,CA,info,,No automated issues flagged; still spot-check for domain edge cases.
7923871,The Asian American Foundation,Washington,DC,info,,No automated issues flagged; still spot-check for domain edge cases.
7923873,Univeristy of Wisconsion-Madison,Madison,WI,info,,No automated issues flagged; still spot-check for domain edge cases.
7923874,NICE Conference and Expo,Clinton,NJ,med,STRONG_SCORE_NON_EXACT_NAME;DUPLICATE_ROUNDED_SCORES_IN_TOP5;HYBRID_SEMANTIC_LED_AT_CEILING,Top-1 is a related but non-identical name (query_and_top1_names_related_non_equal) at 0.9663; rationale should justify suffix/token gaps. Two or more top-5 rows of DIFFERENT entities share the same score to 4 decimals; ordering looks arbitrary without exposed tie-breakers. Hybrid (semantic-led) at a ceiling score with non-exact name overlap — defensibility risk for SMEs.
7923878,Adjoin,San Diego,CA,info,,No automated issues flagged; still spot-check for domain edge cases.
7923880,York Prep School,New York,NY,info,,No automated issues flagged; still spot-check for domain edge cases.
7923881,Victory Christian Academy,Santa Rosa,CA,info,,No automated issues flagged; still spot-check for domain edge cases.
7923882,Universities of Wisconsin,Madison,WI,med,STRONG_SCORE_NON_EXACT_NAME;HYBRID_SEMANTIC_LED_AT_CEILING,Top-1 is a related but non-identical name (token_subset_mismatch) at 0.9658; rationale should justify suffix/token gaps. Hybrid (semantic-led) at a ceiling score with non-exact name overlap — defensibility risk for SMEs.
7923883,Belmont Primary School,,,info,NO_QUERY_GEO_RANK1_HAS_LOCATION;DUPLICATE_ROUNDED_SCORES_IN_TOP5,"Query omits city/state and rank-1 carries an address, but no same-name bare row ties it — acceptable when rank-1 is the best/only-named match (info only). Top-5 score ties are all the same entity (multi-office); expected, not a ranking defect (info only)."
7923884,Career Schools Private Education Network (CSPEN),Bowie,MD,info,DUPLICATE_ROUNDED_SCORES_IN_TOP5,"Top-5 score ties are all the same entity (multi-office); expected, not a ranking defect (info only)."
7923886,NICE Conference and Expo,Miami,FL,med,STRONG_SCORE_NON_EXACT_NAME;HYBRID_SEMANTIC_LED_AT_CEILING,Top-1 is a related but non-identical name (query_and_top1_names_related_non_equal) at 0.9663; rationale should justify suffix/token gaps. Hybrid (semantic-led) at a ceiling score with non-exact name overlap — defensibility risk for SMEs.
7923887,UWC COLOMBIA,Bogota,Cundinamarca,info,,No automated issues flagged; still spot-check for domain edge cases.
7923888,Argo Group US,Glen Allen,VA,med,DUPLICATE_ROUNDED_SCORES_IN_TOP5,Two or more top-5 rows of DIFFERENT entities share the same score to 4 decimals; ordering looks arbitrary without exposed tie-breakers.
7923890,TRIBU MARKETING,Bogota,Cundinamarca,info,,No automated issues flagged; still spot-check for domain edge cases.
7923955,BlackFog Cybersecurity,SAN FRANCISCO,CA,info,,No automated issues flagged; still spot-check for domain edge cases.
7923964,UPS - United Parcel Service,Alpharetta,GA,info,,No automated issues flagged; still spot-check for domain edge cases.
7923967,Sundae Creative,Montreal,QC,med,DUPLICATE_ROUNDED_SCORES_IN_TOP5,Two or more top-5 rows of DIFFERENT entities share the same score to 4 decimals; ordering looks arbitrary without exposed tie-breakers.
7923968,La Boite Rouge Vif,Saguenay,QC,info,,No automated issues flagged; still spot-check for domain edge cases.
7923973,Atlanta Costume Society,Beallsville,PA,med,DUPLICATE_ROUNDED_SCORES_IN_TOP5,Two or more top-5 rows of DIFFERENT entities share the same score to 4 decimals; ordering looks arbitrary without exposed tie-breakers.
7923978,ECR IndyCar Team,Indianapolis,IN,info,,No automated issues flagged; still spot-check for domain edge cases.
7923979,EDCUSH ELSA ISD,,,info,DUPLICATE_ROUNDED_SCORES_IN_TOP5,"Top-5 score ties are all the same entity (multi-office); expected, not a ranking defect (info only)."
7923982,Executive Leadership Academy for Aspiring School Principals,University Heights,OH,med,DUPLICATE_ROUNDED_SCORES_IN_TOP5,Two or more top-5 rows of DIFFERENT entities share the same score to 4 decimals; ordering looks arbitrary without exposed tie-breakers.
7923986,"First in Service, Dennie Miller Group , Portland, Mar 07",Addison,TX,info,,No automated issues flagged; still spot-check for domain edge cases.
7923987,Friendship Missionary Baptist Church,Zephyrhills,FL,info,,No automated issues flagged; still spot-check for domain edge cases.
7923991,Triple Crown Travel,Fort Collins,CO,info,,No automated issues flagged; still spot-check for domain edge cases.
7923992,"United EMS Workers, AFSCME Local 4911",San Jose,CA,info,,No automated issues flagged; still spot-check for domain edge cases.
7923995,^^West Hills High School Prom,,,info,NO_QUERY_GEO_RANK1_HAS_LOCATION,"Query omits city/state and rank-1 carries an address, but no same-name bare row ties it — acceptable when rank-1 is the best/only-named match (info only)."
7923999,"AZ LAX - (University of Southern California) (Feb 14-15, 2026)",,,info,NO_QUERY_GEO_RANK1_HAS_LOCATION;DUPLICATE_ROUNDED_SCORES_IN_TOP5,"Query omits city/state and rank-1 carries an address, but no same-name bare row ties it — acceptable when rank-1 is the best/only-named match (info only). Top-5 score ties are all the same entity (multi-office); expected, not a ranking defect (info only)."
7924004,Ahmad and Susan,Wesley Chapel,FL,info,,No automated issues flagged; still spot-check for domain edge cases.
7924005,ALG Vacations / Daniel Passariello Víctor Procencio / Mexico,,,info,NO_QUERY_GEO_RANK1_HAS_LOCATION,"Query omits city/state and rank-1 carries an address, but no same-name bare row ties it — acceptable when rank-1 is the best/only-named match (info only)."
7924006,ALG Vacations / Naiane Kassidy Martija & Alexander Lee / Mexico,,,med,DUPLICATE_ROUNDED_SCORES_IN_TOP5,Two or more top-5 rows of DIFFERENT entities share the same score to 4 decimals; ordering looks arbitrary without exposed tie-breakers.
7924007,ASO SPORT/Sportsworld/England FA F&F/New York,,,info,,No automated issues flagged; still spot-check for domain edge cases.
7924008,"ASSA - New Jersey Showcase Championship - Caldwell University, July 11-12,",Prospect,KY,info,,No automated issues flagged; still spot-check for domain edge cases.
7924009,104th Engineer Company - Vietnam Veterans,Washington,DC,info,,No automated issues flagged; still spot-check for domain edge cases.
7924013,2026 NFL Super Bowl  LX Affiliates,Roslyn,NY,info,,No automated issues flagged; still spot-check for domain edge cases.
7924014,2026 NFL Super Bowl  LX Affiliates,Santa Monica,CA,info,,No automated issues flagged; still spot-check for domain edge cases.
7924016,GRP valeverde Miami Julho/26,,,info,DUPLICATE_ROUNDED_SCORES_IN_TOP5,"Top-5 score ties are all the same entity (multi-office); expected, not a ranking defect (info only)."
7924018,"HRAM of Florida & U.S. Virgin Is., Inc., P.H.A.",,,info,NO_QUERY_GEO_RANK1_HAS_LOCATION;DUPLICATE_ROUNDED_SCORES_IN_TOP5,"Query omits city/state and rank-1 carries an address, but no same-name bare row ties it — acceptable when rank-1 is the best/only-named match (info only). Top-5 score ties are all the same entity (multi-office); expected, not a ranking defect (info only)."
7924026,San Mateo County EMS Agency,San Francisco,CA,info,,No automated issues flagged; still spot-check for domain edge cases.
7924027,USJN National Championships 2026,,,info,NO_QUERY_GEO_RANK1_HAS_LOCATION;DUPLICATE_ROUNDED_SCORES_IN_TOP5,"Query omits city/state and rank-1 carries an address, but no same-name bare row ties it — acceptable when rank-1 is the best/only-named match (info only). Top-5 score ties are all the same entity (multi-office); expected, not a ranking defect (info only)."
7924028,| Department of the Air Force,Arlington,VA,info,,No automated issues flagged; still spot-check for domain edge cases.
7924029,Abnormal AI March Block,Las Vegas,NV,info,,No automated issues flagged; still spot-check for domain edge cases.
7924031,SaxmanOne for US Dept of State,Manassas,VA,info,,No automated issues flagged; still spot-check for domain edge cases.
7924032,SMRF - Individual,Honolulu,HI,info,,No automated issues flagged; still spot-check for domain edge cases.
7924033,Wes Fake,New York City,NY,info,,No automated issues flagged; still spot-check for domain edge cases.
7924041,Special Olympics Southern Califonia,Long Beach,CA,med,DUPLICATE_ROUNDED_SCORES_IN_TOP5,Two or more top-5 rows of DIFFERENT entities share the same score to 4 decimals; ordering looks arbitrary without exposed tie-breakers.
7924043,Soli Deo Gloria (SDG) Choir,San Joaquin Valley,CA,info,DUPLICATE_ROUNDED_SCORES_IN_TOP5,"Top-5 score ties are all the same entity (multi-office); expected, not a ranking defect (info only)."
7924048,Priti Sweet Weddings,Chicago,IL,info,,No automated issues flagged; still spot-check for domain edge cases.
7924053,Maccabi Games Tour,East Hills,NY,med,DUPLICATE_ROUNDED_SCORES_IN_TOP5,Two or more top-5 rows of DIFFERENT entities share the same score to 4 decimals; ordering looks arbitrary without exposed tie-breakers.
7924056,Unique Weddings and Events,River Ridge,LA,med,DUPLICATE_ROUNDED_SCORES_IN_TOP5,Two or more top-5 rows of DIFFERENT entities share the same score to 4 decimals; ordering looks arbitrary without exposed tie-breakers.
7924058,Saint Mary of Nazareth Hospital,Chicago,IL,info,,No automated issues flagged; still spot-check for domain edge cases.
7924059,Schools of Illinois Public Cooperative,,,info,NO_QUERY_GEO_RANK1_HAS_LOCATION;DUPLICATE_ROUNDED_SCORES_IN_TOP5,"Query omits city/state and rank-1 carries an address, but no same-name bare row ties it — acceptable when rank-1 is the best/only-named match (info only). Top-5 score ties are all the same entity (multi-office); expected, not a ranking defect (info only)."
7924061,Teenage Group - Galaxy Vacations,,,info,DUPLICATE_ROUNDED_SCORES_IN_TOP5,"Top-5 score ties are all the same entity (multi-office); expected, not a ranking defect (info only)."
7924062,University of Houston Clearlake,Houston,TX,info,,No automated issues flagged; still spot-check for domain edge cases.
7924063,University of Michigan Mens Glee Club,Huntington Woods,MI,med,DUPLICATE_ROUNDED_SCORES_IN_TOP5,Two or more top-5 rows of DIFFERENT entities share the same score to 4 decimals; ordering looks arbitrary without exposed tie-breakers.
7924064,National Capital Healthcare Executives (NCHE),Richmond,VA,info,,No automated issues flagged; still spot-check for domain edge cases.
7924066,Smithfield Selma High School,Four Oaks,NC,med,DUPLICATE_ROUNDED_SCORES_IN_TOP5,Two or more top-5 rows of DIFFERENT entities share the same score to 4 decimals; ordering looks arbitrary without exposed tie-breakers.
7924067,Small Group RFP for New Orleans,,,info,,No automated issues flagged; still spot-check for domain edge cases.
7924073,San Mateo County Office,Redwood City,CA,info,,No automated issues flagged; still spot-check for domain edge cases.
7924074,University of Alabama Swimming Team,Tuscaloosa,AL,info,,No automated issues flagged; still spot-check for domain edge cases.
7924078,Watkins Anniversary,Vancouver,WA,med,DUPLICATE_ROUNDED_SCORES_IN_TOP5,Two or more top-5 rows of DIFFERENT entities share the same score to 4 decimals; ordering looks arbitrary without exposed tie-breakers.
7924081,"Sport Squad, Inc.",North Bethesda,MD,info,,No automated issues flagged; still spot-check for domain edge cases.
7924083,Roman Catholic Football,Philadelphia,PA,info,,No automated issues flagged; still spot-check for domain edge cases.
7924084,Seminole State College of Florida,Sanford,FL,info,,No automated issues flagged; still spot-check for domain edge cases.
7924087,Tulane University Junior Night,New Orleans,LA,info,,No automated issues flagged; still spot-check for domain edge cases.
7924088,T2C Sports - Wilmington Academy of Arts and Sciences (middle school age),,,info,NO_QUERY_GEO_RANK1_HAS_LOCATION,"Query omits city/state and rank-1 carries an address, but no same-name bare row ties it — acceptable when rank-1 is the best/only-named match (info only)."
7924091,USJN National Championships 2026,Chesterfield,VA,med,DUPLICATE_ROUNDED_SCORES_IN_TOP5,Two or more top-5 rows of DIFFERENT entities share the same score to 4 decimals; ordering looks arbitrary without exposed tie-breakers.
7924094,Warrens Primary School,,,info,NO_QUERY_GEO_RANK1_HAS_LOCATION;DUPLICATE_ROUNDED_SCORES_IN_TOP5,"Query omits city/state and rank-1 carries an address, but no same-name bare row ties it — acceptable when rank-1 is the best/only-named match (info only). Top-5 score ties are all the same entity (multi-office); expected, not a ranking defect (info only)."
7924095,Cassandra Brodeau,,QC,info,,No automated issues flagged; still spot-check for domain edge cases.
7924097,Ballets Jazz Montreal,,,info,NO_QUERY_GEO_RANK1_HAS_LOCATION,"Query omits city/state and rank-1 carries an address, but no same-name bare row ties it — acceptable when rank-1 is the best/only-named match (info only)."
7924098,BARIFA,,,info,NO_QUERY_GEO_RANK1_HAS_LOCATION;DUPLICATE_ROUNDED_SCORES_IN_TOP5,"Query omits city/state and rank-1 carries an address, but no same-name bare row ties it — acceptable when rank-1 is the best/only-named match (info only). Top-5 score ties are all the same entity (multi-office); expected, not a ranking defect (info only)."
7924099,BCD Chile - ADI001 -  Adidas Mundial 2026,,,info,,No automated issues flagged; still spot-check for domain edge cases.
7924101,Cheryl Hurst,,,info,NO_QUERY_GEO_RANK1_HAS_LOCATION,"Query omits city/state and rank-1 carries an address, but no same-name bare row ties it — acceptable when rank-1 is the best/only-named match (info only)."
7924102,Berkshire Conference of Women Historians 2029,,,info,DUPLICATE_ROUNDED_SCORES_IN_TOP5,"Top-5 score ties are all the same entity (multi-office); expected, not a ranking defect (info only)."
7924103,Best in West Showcase / West Coast Showdown 2026,Westport,CT,info,,No automated issues flagged; still spot-check for domain edge cases.
7924104,Big Country Quarter Horse Association,,,info,NO_QUERY_GEO_RANK1_HAS_LOCATION,"Query omits city/state and rank-1 carries an address, but no same-name bare row ties it — acceptable when rank-1 is the best/only-named match (info only)."
7924105,BMG- Ossie Ware Mitchell MS,Memphis,TN,info,,No automated issues flagged; still spot-check for domain edge cases.
7924106,Board of Governors - CCCCO,Sacramento,CA,info,,No automated issues flagged; still spot-check for domain edge cases.
7924117,CISCA (Ceilings & Interior Systems Construction Association),Louisville,KY,med,DUPLICATE_ROUNDED_SCORES_IN_TOP5,Two or more top-5 rows of DIFFERENT entities share the same score to 4 decimals; ordering looks arbitrary without exposed tie-breakers.
7924118,Christa Soleyn,Christ Church,,info,,No automated issues flagged; still spot-check for domain edge cases.
7924119,Capitol Imaging Services,Houston,TX,info,,No automated issues flagged; still spot-check for domain edge cases.
7924120,Boston Rhythm Riders Line Dancing Group,,,info,NO_QUERY_GEO_RANK1_HAS_LOCATION;DUPLICATE_ROUNDED_SCORES_IN_TOP5,"Query omits city/state and rank-1 carries an address, but no same-name bare row ties it — acceptable when rank-1 is the best/only-named match (info only). Top-5 score ties are all the same entity (multi-office); expected, not a ranking defect (info only)."
7924121,ASO SPORT/Sportsworld/England FA F&F/Boston,,,info,DUPLICATE_ROUNDED_SCORES_IN_TOP5,"Top-5 score ties are all the same entity (multi-office); expected, not a ranking defect (info only)."
7924122,1st Responder Conferences,New York,NY,info,,No automated issues flagged; still spot-check for domain edge cases.
7924123,Antioch Church,MONROE,NC,info,,No automated issues flagged; still spot-check for domain edge cases.
7924124,ALG Vacations/2026  Amao70Getaway / Cancun,,,info,,No automated issues flagged; still spot-check for domain edge cases.
7924125,ICRI Delaware Valley Student Night,Philadelphia,PA,info,,No automated issues flagged; still spot-check for domain edge cases.
7924129,50th B-Day Celebration,Katonah,NY,med,DUPLICATE_ROUNDED_SCORES_IN_TOP5,Two or more top-5 rows of DIFFERENT entities share the same score to 4 decimals; ordering looks arbitrary without exposed tie-breakers.
7924130,A.R.T. Global Education Ltd,Jenkintown,PA,info,,No automated issues flagged; still spot-check for domain edge cases.
7924133,"MCM Inc, wholly owed subsidiary of Encore Capital Group Inc",Houston,TX,info,,No automated issues flagged; still spot-check for domain edge cases.
7924134,"T5 NC Operations, LLC dba Take 5 Oil Change",Phoenix,AZ,info,DUPLICATE_ROUNDED_SCORES_IN_TOP5,"Top-5 score ties are all the same entity (multi-office); expected, not a ranking defect (info only)."
7924138,Vida Fertility Institute,,,info,NO_QUERY_GEO_RANK1_HAS_LOCATION,"Query omits city/state and rank-1 carries an address, but no same-name bare row ties it — acceptable when rank-1 is the best/only-named match (info only)."
7924139,Sheild AI,San Mateo,CA,info,,No automated issues flagged; still spot-check for domain edge cases.
7924140,SUMMIT VIATRIS 2026 VIATRIS,,,info,,No automated issues flagged; still spot-check for domain edge cases.
7924141,Valmont,MVD,,info,DUPLICATE_ROUNDED_SCORES_IN_TOP5,"Top-5 score ties are all the same entity (multi-office); expected, not a ranking defect (info only)."
7924145,We Paint It,Valhalla,NY,med,DUPLICATE_ROUNDED_SCORES_IN_TOP5,Two or more top-5 rows of DIFFERENT entities share the same score to 4 decimals; ordering looks arbitrary without exposed tie-breakers.
7924147,StyleAccess,New Smyrna Beach,FL,info,,No automated issues flagged; still spot-check for domain edge cases.
7924149,Voyage des leaders Energir,Montreal,QC,info,,No automated issues flagged; still spot-check for domain edge cases.
7924150,United Partners/Bedrooms/Brazil,,,info,NO_QUERY_GEO_RANK1_HAS_LOCATION;DUPLICATE_ROUNDED_SCORES_IN_TOP5,"Query omits city/state and rank-1 carries an address, but no same-name bare row ties it — acceptable when rank-1 is the best/only-named match (info only). Top-5 score ties are all the same entity (multi-office); expected, not a ranking defect (info only)."
7924151,"Sharma, Smith & Gray, P.C.",Los Angeles,CA,info,,No automated issues flagged; still spot-check for domain edge cases.
7924160,Deputy Assistant Secretary of the Army for Defense Exports & Cooperation,Alexandria,VA,info,,No automated issues flagged; still spot-check for domain edge cases.
7924162,USMC 5th Battalion; 14th Marines,Seal Beach,CA,med,DUPLICATE_ROUNDED_SCORES_IN_TOP5,Two or more top-5 rows of DIFFERENT entities share the same score to 4 decimals; ordering looks arbitrary without exposed tie-breakers.
7924163,Toronto Request -Worldimension,,,info,,No automated issues flagged; still spot-check for domain edge cases.
7924164,Toronto Internet Exchange Community,Etobicoke,ON,info,,No automated issues flagged; still spot-check for domain edge cases.
7924165,Socotra Tech Summit,San Francisco,CA,info,,No automated issues flagged; still spot-check for domain edge cases.
7924166,Shockwave Medical,Chicago,IL,info,,No automated issues flagged; still spot-check for domain edge cases.
7924167,Thermomix USA,Dallas,TX,info,,No automated issues flagged; still spot-check for domain edge cases.
7924172,Stellar Construction,Lubbock,TX,info,,No automated issues flagged; still spot-check for domain edge cases.
7924174,Sportograf Digital Solutions GMBH,AACHEN,NW,info,,No automated issues flagged; still spot-check for domain edge cases.
7924179,Orlando Request-Worldimension,,,med,DUPLICATE_ROUNDED_SCORES_IN_TOP5,Two or more top-5 rows of DIFFERENT entities share the same score to 4 decimals; ordering looks arbitrary without exposed tie-breakers.
7924183,Tidesquare Corporation/KoreaBankingInstitute/Residential Group/SanFrancisco,,,info,DUPLICATE_ROUNDED_SCORES_IN_TOP5,"Top-5 score ties are all the same entity (multi-office); expected, not a ranking defect (info only)."
7924184,UVET GBT/MSL/San Francisco,,,info,,No automated issues flagged; still spot-check for domain edge cases.
7924186,See Agency and Agent,Saint Louis,MO,info,,No automated issues flagged; still spot-check for domain edge cases.
7924187,Smithfield-Selma High School,Princeton,NC,med,DUPLICATE_ROUNDED_SCORES_IN_TOP5,Two or more top-5 rows of DIFFERENT entities share the same score to 4 decimals; ordering looks arbitrary without exposed tie-breakers.
7924188,See Agency and Agent,Albuquerque,NM,info,DUPLICATE_ROUNDED_SCORES_IN_TOP5,"Top-5 score ties are all the same entity (multi-office); expected, not a ranking defect (info only)."
7924190,Westmount Asset Management,Culver City,,info,,No automated issues flagged; still spot-check for domain edge cases.
7924195,TheLatinaPro®,Miami,FL,info,,No automated issues flagged; still spot-check for domain edge cases.
7924198,SJCSH Online Bookings,Santa Cruz,CA,info,,No automated issues flagged; still spot-check for domain edge cases.
7924200,Thevibeagency. | 26 12 WDC HAVAS DG JUST | Nov-DEC 2026,,,info,,No automated issues flagged; still spot-check for domain edge cases.
7924201,Volvo Jaguar - Mexico,Dallas,Tx,info,,No automated issues flagged; still spot-check for domain edge cases.
7924203,smti AG - Switzerland,Washington,DC,info,,No automated issues flagged; still spot-check for domain edge cases.
7924204,WPP Group plc,London,,info,,No automated issues flagged; still spot-check for domain edge cases.
7924205,SAT Mexico | SUMMIT FARMA ARMSTRONG Mayo 2026,,,info,,No automated issues flagged; still spot-check for domain edge cases.
7924207,World Fitness Project,Hartselle,AL,med,DUPLICATE_ROUNDED_SCORES_IN_TOP5,Two or more top-5 rows of DIFFERENT entities share the same score to 4 decimals; ordering looks arbitrary without exposed tie-breakers.
7924212,Synkwise,Camas,WA,info,DUPLICATE_ROUNDED_SCORES_IN_TOP5,"Top-5 score ties are all the same entity (multi-office); expected, not a ranking defect (info only)."
7924214,Sonar Software,Chicago,IL,info,,No automated issues flagged; still spot-check for domain edge cases.
7924216,"Science of Skincare LLC, DBA Science of Skin Summit",Austin,TX,info,,No automated issues flagged; still spot-check for domain edge cases.
7924218,Welocalize,Portland,OR,info,,No automated issues flagged; still spot-check for domain edge cases.
7924221,Washington DC Request -Worldimension,,,info,DUPLICATE_ROUNDED_SCORES_IN_TOP5,"Top-5 score ties are all the same entity (multi-office); expected, not a ranking defect (info only)."
7924222,The University of Texas Rio Grande Valley Division of Institutional Advancement,McAllen,TX,info,,No automated issues flagged; still spot-check for domain edge cases.
7924225,Th,Roseville,CA,info,,No automated issues flagged; still spot-check for domain edge cases.
7924226,Texas Medical Board,Austin,TX,med,DUPLICATE_ROUNDED_SCORES_IN_TOP5,Two or more top-5 rows of DIFFERENT entities share the same score to 4 decimals; ordering looks arbitrary without exposed tie-breakers.
7924234,Specialized Dental Partners - Culture Meeting,Franklin,TN,med,DUPLICATE_ROUNDED_SCORES_IN_TOP5,Two or more top-5 rows of DIFFERENT entities share the same score to 4 decimals; ordering looks arbitrary without exposed tie-breakers.
7924235,See Agency and Agent,Laguna Niguel,CA,info,,No automated issues flagged; still spot-check for domain edge cases.
7924237,SIHO Insurance Services,Columbus,IN,info,,No automated issues flagged; still spot-check for domain edge cases.
7924239,William Houde,Saint-Simon-de-Bagot,QC,med,STRONG_SCORE_NON_EXACT_NAME;DUPLICATE_ROUNDED_SCORES_IN_TOP5;HYBRID_SEMANTIC_LED_AT_CEILING,Top-1 is a related but non-identical name (token_subset_mismatch) at 0.9506; rationale should justify suffix/token gaps. Two or more top-5 rows of DIFFERENT entities share the same score to 4 decimals; ordering looks arbitrary without exposed tie-breakers. Hybrid (semantic-led) at a ceiling score with non-exact name overlap — defensibility risk for SMEs.
7924240,Royalton Hotels and Resorts,Cancun,Tulum,info,,No automated issues flagged; still spot-check for domain edge cases.
7924241,TMG Agencia,Lima,,info,,No automated issues flagged; still spot-check for domain edge cases.
7924243,PRM Eventos | Simposio de AMMVIH 2026 | Hilton,,,info,,No automated issues flagged; still spot-check for domain edge cases.
7924244,SAT Mexico | Annual Incentive Trip Health/Wellness Products 2028,,,info,,No automated issues flagged; still spot-check for domain edge cases.
7924245,Vandala Evenst/SUMMIT FAES FARMA LATAM,,,info,DUPLICATE_ROUNDED_SCORES_IN_TOP5,"Top-5 score ties are all the same entity (multi-office); expected, not a ranking defect (info only)."
7924247,The Super Patch Company,Brooklyn,NY,info,,No automated issues flagged; still spot-check for domain edge cases.
7924248,Massacusetts Eye and Ear Infirmary,Boston,MA,info,,No automated issues flagged; still spot-check for domain edge cases.
7924250,Local 26 Election Nominations,Boston,MA,info,,No automated issues flagged; still spot-check for domain edge cases.
7924251,SMTI/World Cup26Group1/NEWYORK,,,info,,No automated issues flagged; still spot-check for domain edge cases.
7924253,Tamara Kosacoff,Seoul,,info,DUPLICATE_ROUNDED_SCORES_IN_TOP5,"Top-5 score ties are all the same entity (multi-office); expected, not a ranking defect (info only)."
7924254,Toro RLC,Fenton,MO,info,DUPLICATE_ROUNDED_SCORES_IN_TOP5,"Top-5 score ties are all the same entity (multi-office); expected, not a ranking defect (info only)."
7924256,Two Heads/RoomsOnly/New York,,,info,DUPLICATE_ROUNDED_SCORES_IN_TOP5,"Top-5 score ties are all the same entity (multi-office); expected, not a ranking defect (info only)."
7924266,INSS 2027 - Independent News Sustainability Summit,,,info,DUPLICATE_ROUNDED_SCORES_IN_TOP5,"Top-5 score ties are all the same entity (multi-office); expected, not a ranking defect (info only)."
7924274,Hudson and Nine,Brooklyn,NY,info,,No automated issues flagged; still spot-check for domain edge cases.
7924291,2026 NASASP Annual Meeting,,,info,,No automated issues flagged; still spot-check for domain edge cases.
7924292,2027 HGV Champions Club,,,info,,No automated issues flagged; still spot-check for domain edge cases.
7924293,AC - IT & Data 540YULTT00,Montreal,QC,med,DUPLICATE_ROUNDED_SCORES_IN_TOP5,Two or more top-5 rows of DIFFERENT entities share the same score to 4 decimals; ordering looks arbitrary without exposed tie-breakers.
7924294,AC Eventos MX,,,info,NO_QUERY_GEO_RANK1_HAS_LOCATION;DUPLICATE_ROUNDED_SCORES_IN_TOP5,"Query omits city/state and rank-1 carries an address, but no same-name bare row ties it — acceptable when rank-1 is the best/only-named match (info only). Top-5 score ties are all the same entity (multi-office); expected, not a ranking defect (info only)."
7924295,AD /  Group 2026 - Boston,,,info,NO_QUERY_GEO_RANK1_HAS_LOCATION,"Query omits city/state and rank-1 carries an address, but no same-name bare row ties it — acceptable when rank-1 is the best/only-named match (info only)."
7924296,Adapt Health,Knoxville,TN,med,DUPLICATE_ROUNDED_SCORES_IN_TOP5,Two or more top-5 rows of DIFFERENT entities share the same score to 4 decimals; ordering looks arbitrary without exposed tie-breakers.
7924297,Junta Nacional Lideres Estafeta 2026 marzo- Crearte,Mexico City,TX,med,DUPLICATE_ROUNDED_SCORES_IN_TOP5,Two or more top-5 rows of DIFFERENT entities share the same score to 4 decimals; ordering looks arbitrary without exposed tie-breakers.
7924301,Affinity,New West,BC,info,,No automated issues flagged; still spot-check for domain edge cases.
7924302,AI Roundtable - Info-Tech Research Group,Toronto,ON,info,,No automated issues flagged; still spot-check for domain edge cases.
7924303,Alchemy - Convención Zurich Santander Nov 2026,,,info,NO_QUERY_GEO_RANK1_HAS_LOCATION,"Query omits city/state and rank-1 carries an address, but no same-name bare row ties it — acceptable when rank-1 is the best/only-named match (info only)."
7924304,Access / ATS - Orlando,,,info,NO_QUERY_GEO_RANK1_HAS_LOCATION;DUPLICATE_ROUNDED_SCORES_IN_TOP5,"Query omits city/state and rank-1 carries an address, but no same-name bare row ties it — acceptable when rank-1 is the best/only-named match (info only). Top-5 score ties are all the same entity (multi-office); expected, not a ranking defect (info only)."
7924305,"Acme Construction, Inc.",North Salt Lake,UT,info,,No automated issues flagged; still spot-check for domain edge cases.
7924306,Acorn Health,,,info,NO_QUERY_GEO_RANK1_HAS_LOCATION;DUPLICATE_ROUNDED_SCORES_IN_TOP5,"Query omits city/state and rank-1 carries an address, but no same-name bare row ties it — acceptable when rank-1 is the best/only-named match (info only). Top-5 score ties are all the same entity (multi-office); expected, not a ranking defect (info only)."
7924307,Actigraph Holdings LLC,Pensacola,FL,info,,No automated issues flagged; still spot-check for domain edge cases.
7924308,ARN 2027 Annual Conference for Rehab Nursing,,,info,NO_QUERY_GEO_RANK1_HAS_LOCATION,"Query omits city/state and rank-1 carries an address, but no same-name bare row ties it — acceptable when rank-1 is the best/only-named match (info only)."
7924309,2026 Academy Cup Tournament,,,info,,No automated issues flagged; still spot-check for domain edge cases.
7924310,2026 ASCO Affiliates,Marlborough,MA,info,,No automated issues flagged; still spot-check for domain edge cases.
7924361,BCD Spain/Tour Guitarrica de la Fuente/NYC,,,med,DUPLICATE_ROUNDED_SCORES_IN_TOP5,Two or more top-5 rows of DIFFERENT entities share the same score to 4 decimals; ordering looks arbitrary without exposed tie-breakers.
7924362,BCD Spain/Tour Guitarrica de la Fuente/Perú,,,med,NO_QUERY_GEO_RANK1_HAS_LOCATION;DUPLICATE_ROUNDED_SCORES_IN_TOP5,"Query omits city/state and rank-1 carries an address, but no same-name bare row ties it — acceptable when rank-1 is the best/only-named match (info only). Two or more top-5 rows of DIFFERENT entities share the same score to 4 decimals; ordering looks arbitrary without exposed tie-breakers."
7924363,BCD Spain/Tour Guitarrica de la Fuente/San Francisco,Madrid,,info,,No automated issues flagged; still spot-check for domain edge cases.
7924364,Barrella Viaggi,,,info,NO_QUERY_GEO_RANK1_HAS_LOCATION;DUPLICATE_ROUNDED_SCORES_IN_TOP5,"Query omits city/state and rank-1 carries an address, but no same-name bare row ties it — acceptable when rank-1 is the best/only-named match (info only). Top-5 score ties are all the same entity (multi-office); expected, not a ranking defect (info only)."
7924368,"Ember, LL",Newburyport,MA,info,,No automated issues flagged; still spot-check for domain edge cases.
7924382,eVestment Masterclass Boston,,,info,DUPLICATE_ROUNDED_SCORES_IN_TOP5,"Top-5 score ties are all the same entity (multi-office); expected, not a ranking defect (info only)."
7924385,The Springs Living,Portland,OR,info,,No automated issues flagged; still spot-check for domain edge cases.
7924388,Trader Interactive,Virginia Beach,VA,info,,No automated issues flagged; still spot-check for domain edge cases.
7924389,VELLAS,Orlando,FL,info,,No automated issues flagged; still spot-check for domain edge cases.
7924400,Selective Insurance Mid-Atlantic Region,Cockeysville,MD,med,DUPLICATE_ROUNDED_SCORES_IN_TOP5,Two or more top-5 rows of DIFFERENT entities share the same score to 4 decimals; ordering looks arbitrary without exposed tie-breakers.
7924402,Sign8 Events,New York,NY,info,,No automated issues flagged; still spot-check for domain edge cases.
7924403,Swiss Re Group,Miami,FL,info,,No automated issues flagged; still spot-check for domain edge cases.
7924404,SuperFridge,Tampa,FL,info,,No automated issues flagged; still spot-check for domain edge cases.
7924406,SWM/Pharma Investigator Meeting/Dallas - Chicago,,,info,,No automated issues flagged; still spot-check for domain edge cases.
7924407,Travel Technology Services Co Ltd-Thailand/Corporate group/New York,,,info,NO_QUERY_GEO_RANK1_HAS_LOCATION;DUPLICATE_ROUNDED_SCORES_IN_TOP5,"Query omits city/state and rank-1 carries an address, but no same-name bare row ties it — acceptable when rank-1 is the best/only-named match (info only). Top-5 score ties are all the same entity (multi-office); expected, not a ranking defect (info only)."
7924409,SVdP Western Region,Maryland Heights,MO,med,DUPLICATE_ROUNDED_SCORES_IN_TOP5,Two or more top-5 rows of DIFFERENT entities share the same score to 4 decimals; ordering looks arbitrary without exposed tie-breakers.
7924411,Shadow Buddies Annual Gala,Lenexa,KS,med,DUPLICATE_ROUNDED_SCORES_IN_TOP5,Two or more top-5 rows of DIFFERENT entities share the same score to 4 decimals; ordering looks arbitrary without exposed tie-breakers.
7924412,Side,McLean,VA,info,DUPLICATE_ROUNDED_SCORES_IN_TOP5,"Top-5 score ties are all the same entity (multi-office); expected, not a ranking defect (info only)."
7924413,Match-accommodation | Miami South Beach | Jun 2026,,,info,,No automated issues flagged; still spot-check for domain edge cases.
7924414,Wilson Ward & Associates,Tallahassee,FL,info,,No automated issues flagged; still spot-check for domain edge cases.
7924416,Ventegra Client Conference,Glendale,CA,info,,No automated issues flagged; still spot-check for domain edge cases.
7924417,Spin Master,Los Angeles,CA,med,DUPLICATE_ROUNDED_SCORES_IN_TOP5,Two or more top-5 rows of DIFFERENT entities share the same score to 4 decimals; ordering looks arbitrary without exposed tie-breakers.
7924418,Specialty Print Communications,Niles,IL,med,DUPLICATE_ROUNDED_SCORES_IN_TOP5,Two or more top-5 rows of DIFFERENT entities share the same score to 4 decimals; ordering looks arbitrary without exposed tie-breakers.
7924419,Senzing Summit,Las Vegas,NV,med,DUPLICATE_ROUNDED_SCORES_IN_TOP5,Two or more top-5 rows of DIFFERENT entities share the same score to 4 decimals; ordering looks arbitrary without exposed tie-breakers.
7924420,Total Energies - United Kingdom,,,info,,No automated issues flagged; still spot-check for domain edge cases.
7924421,Sea Shell Pilates,Islip,NY,med,DUPLICATE_ROUNDED_SCORES_IN_TOP5,Two or more top-5 rows of DIFFERENT entities share the same score to 4 decimals; ordering looks arbitrary without exposed tie-breakers.
7924423,Xia Luu,San Mateo,CA,med,DUPLICATE_ROUNDED_SCORES_IN_TOP5,Two or more top-5 rows of DIFFERENT entities share the same score to 4 decimals; ordering looks arbitrary without exposed tie-breakers.
7924424,Pezzati - Toronto | FEB-MAR 2026,,,info,DUPLICATE_ROUNDED_SCORES_IN_TOP5,"Top-5 score ties are all the same entity (multi-office); expected, not a ranking defect (info only)."
7924425,StudioMDHR Company Offsite DJ7CWB,,,info,NO_QUERY_GEO_RANK1_HAS_LOCATION,"Query omits city/state and rank-1 carries an address, but no same-name bare row ties it — acceptable when rank-1 is the best/only-named match (info only)."
7924427,Sedona Star Holistic Spa,Buena Park,CA,info,,No automated issues flagged; still spot-check for domain edge cases.
7924433,"Smartsheet, Inc.",Colorado Springs,CO,info,DUPLICATE_ROUNDED_SCORES_IN_TOP5,"Top-5 score ties are all the same entity (multi-office); expected, not a ranking defect (info only)."
7924434,SMTI/World Cup26Group2/NEWYORK,,,info,DUPLICATE_ROUNDED_SCORES_IN_TOP5,"Top-5 score ties are all the same entity (multi-office); expected, not a ranking defect (info only)."
7924435,Travora Global LLP,Rosewood City,Gurugram,info,,No automated issues flagged; still spot-check for domain edge cases.
7924436,TD Bank,Sammamish,WA,info,,No automated issues flagged; still spot-check for domain edge cases.
7924437,SWM/Pharma US/Southern USA,Berkhamsted,Hertfordshire,info,DUPLICATE_ROUNDED_SCORES_IN_TOP5,"Top-5 score ties are all the same entity (multi-office); expected, not a ranking defect (info only)."
7924438,See Agency and Agent,Alpharetta,GA,med,DUPLICATE_ROUNDED_SCORES_IN_TOP5,Two or more top-5 rows of DIFFERENT entities share the same score to 4 decimals; ordering looks arbitrary without exposed tie-breakers.
7924439,Thai Phi Nguyen,Orlando,FL,med,DUPLICATE_ROUNDED_SCORES_IN_TOP5,Two or more top-5 rows of DIFFERENT entities share the same score to 4 decimals; ordering looks arbitrary without exposed tie-breakers.
7924440,The Asian American Foundation TAAF - Leadership Summit,Washington,DC,info,,No automated issues flagged; still spot-check for domain edge cases.
7924444,Topical Products Conference 2026 (ev-1589),,,info,NO_QUERY_GEO_RANK1_HAS_LOCATION,"Query omits city/state and rank-1 carries an address, but no same-name bare row ties it — acceptable when rank-1 is the best/only-named match (info only)."
7924447,UNCW Beach Volleyball at Georgia State,,,info,,No automated issues flagged; still spot-check for domain edge cases.
7924451,The Battery Network Board Meeting,Atlanta,GA,info,,No automated issues flagged; still spot-check for domain edge cases.
7924454,IAM Union - Western Territory,Folsom,CA,med,DUPLICATE_ROUNDED_SCORES_IN_TOP5,Two or more top-5 rows of DIFFERENT entities share the same score to 4 decimals; ordering looks arbitrary without exposed tie-breakers.
7924456,IEA Interscholastic Equestrian Association,Chagrin Falls,OH,info,,No automated issues flagged; still spot-check for domain edge cases.
7924459,ACVR,Mechanicsburg,PA,med,STRONG_SCORE_NON_EXACT_NAME;HYBRID_SEMANTIC_LED_AT_CEILING,Top-1 is a related but non-identical name (query_and_top1_names_related_non_equal) at 0.9643; rationale should justify suffix/token gaps. Hybrid (semantic-led) at a ceiling score with non-exact name overlap — defensibility risk for SMEs.
7924460,ACC NCR: Nonprofit & Associations Conference,Fairfax,VA,info,,No automated issues flagged; still spot-check for domain edge cases.
7924461,ARC,CLINTON,MO,med,STRONG_SCORE_NON_EXACT_NAME;DUPLICATE_ROUNDED_SCORES_IN_TOP5;HYBRID_SEMANTIC_LED_AT_CEILING,Top-1 is a related but non-identical name (query_and_top1_names_related_non_equal) at 0.9711; rationale should justify suffix/token gaps. Two or more top-5 rows of DIFFERENT entities share the same score to 4 decimals; ordering looks arbitrary without exposed tie-breakers. Hybrid (semantic-led) at a ceiling score with non-exact name overlap — defensibility risk for SMEs.
7924466,2027 Daikin Sales Incentive,,,info,,No automated issues flagged; still spot-check for domain edge cases.
7924467,247 TravelPro | Rio de Janeiro | jun 202,,,info,DUPLICATE_ROUNDED_SCORES_IN_TOP5,"Top-5 score ties are all the same entity (multi-office); expected, not a ranking defect (info only)."
7924468,2026 DNC Affiliates,Los Angeles,CA,info,,No automated issues flagged; still spot-check for domain edge cases.
7924469,BCD M&E Mexico/CHICAGO 2026,,,info,,No automated issues flagged; still spot-check for domain edge cases.
7924470,Transnational Space Alliance Summit,Culver City,CA,med,DUPLICATE_ROUNDED_SCORES_IN_TOP5,Two or more top-5 rows of DIFFERENT entities share the same score to 4 decimals; ordering looks arbitrary without exposed tie-breakers.
7924472,TSO,Libertyville,IL,med,DUPLICATE_ROUNDED_SCORES_IN_TOP5,Two or more top-5 rows of DIFFERENT entities share the same score to 4 decimals; ordering looks arbitrary without exposed tie-breakers.
7924480,FAMAT-FL Association of Mu Alpha Theta,,,info,NO_QUERY_GEO_RANK1_HAS_LOCATION;DUPLICATE_ROUNDED_SCORES_IN_TOP5,"Query omits city/state and rank-1 carries an address, but no same-name bare row ties it — acceptable when rank-1 is the best/only-named match (info only). Top-5 score ties are all the same entity (multi-office); expected, not a ranking defect (info only)."
7924482,Sherrol Nicholls,,,info,NO_QUERY_GEO_RANK1_HAS_LOCATION;DUPLICATE_ROUNDED_SCORES_IN_TOP5,"Query omits city/state and rank-1 carries an address, but no same-name bare row ties it — acceptable when rank-1 is the best/only-named match (info only). Top-5 score ties are all the same entity (multi-office); expected, not a ranking defect (info only)."
7924483,Trinity 3 Travel,Oakley,CA,info,DUPLICATE_ROUNDED_SCORES_IN_TOP5,"Top-5 score ties are all the same entity (multi-office); expected, not a ranking defect (info only)."
7924484,TechForce Foundation Team Retreat,Phoenix,AZ,info,,No automated issues flagged; still spot-check for domain edge cases.
7924485,National Eagle Scout Association,Fairfax,VA,med,DUPLICATE_ROUNDED_SCORES_IN_TOP5,Two or more top-5 rows of DIFFERENT entities share the same score to 4 decimals; ordering looks arbitrary without exposed tie-breakers.
7924486,University of Arkansas Forth Smith Upward Bound Program,Fort Smith,AR,med,DUPLICATE_ROUNDED_SCORES_IN_TOP5,Two or more top-5 rows of DIFFERENT entities share the same score to 4 decimals; ordering looks arbitrary without exposed tie-breakers.
7924487,Streamline Hospital Services,Houston,TX,info,,No automated issues flagged; still spot-check for domain edge cases.
7924493,All Rise - United States,Washington,DC,info,,No automated issues flagged; still spot-check for domain edge cases.
7924494,Americain Society of Questioned Document Examiners,Soquel,CA,info,,No automated issues flagged; still spot-check for domain edge cases.
7924495,Aviatur Incentive Group 35037 JOTACE CANCUN,,,info,,No automated issues flagged; still spot-check for domain edge cases.
7924497,BSAT Workshop,Alexandria,VA,med,DUPLICATE_ROUNDED_SCORES_IN_TOP5,Two or more top-5 rows of DIFFERENT entities share the same score to 4 decimals; ordering looks arbitrary without exposed tie-breakers.
7924500,SBAZD Tastings,San Diego,CA,info,,No automated issues flagged; still spot-check for domain edge cases.
7924505,BCD/241577/Miraclon Enquiry/US,,,info,DUPLICATE_ROUNDED_SCORES_IN_TOP5,"Top-5 score ties are all the same entity (multi-office); expected, not a ranking defect (info only)."
7924506,BCD/241678/TikTok Global Education Team Offsite/NYC,,,info,NO_QUERY_GEO_RANK1_HAS_LOCATION,"Query omits city/state and rank-1 carries an address, but no same-name bare row ties it — acceptable when rank-1 is the best/only-named match (info only)."
7924507,Beyond Health Parnters,Phoenix,AZ,info,,No automated issues flagged; still spot-check for domain edge cases.
7924508,BI WORLDWIDE – Mexico/Grupo PACCAR Brasil,"Mexico City, DF",Estado De Mexico,info,,No automated issues flagged; still spot-check for domain edge cases.
7924509,Christ Centered Chiropratic,Fort Lauderdale,FL,info,,No automated issues flagged; still spot-check for domain edge cases.
7924510,Clark tours- GRUPO MEXICO - EMPRESA VIP,,,info,NO_QUERY_GEO_RANK1_HAS_LOCATION;DUPLICATE_ROUNDED_SCORES_IN_TOP5,"Query omits city/state and rank-1 carries an address, but no same-name bare row ties it — acceptable when rank-1 is the best/only-named match (info only). Top-5 score ties are all the same entity (multi-office); expected, not a ranking defect (info only)."
7924511,CION Investment Corporation,New York,NY,info,,No automated issues flagged; still spot-check for domain edge cases.
7924512,Cipriani & Werner PC,Pittsburgh,PA,info,,No automated issues flagged; still spot-check for domain edge cases.
7924513,CANCUN OFICINA CENTRO Abril 2026,,,info,NO_QUERY_GEO_RANK1_HAS_LOCATION,"Query omits city/state and rank-1 carries an address, but no same-name bare row ties it — acceptable when rank-1 is the best/only-named match (info only)."
7924514,Candelight Homes,,,info,NO_QUERY_GEO_RANK1_HAS_LOCATION;DUPLICATE_ROUNDED_SCORES_IN_TOP5,"Query omits city/state and rank-1 carries an address, but no same-name bare row ties it — acceptable when rank-1 is the best/only-named match (info only). Top-5 score ties are all the same entity (multi-office); expected, not a ranking defect (info only)."
7924515,Bond Events x Change Collective: National Change Lab 2026,,,info,NO_QUERY_GEO_RANK1_HAS_LOCATION;DUPLICATE_ROUNDED_SCORES_IN_TOP5,"Query omits city/state and rank-1 carries an address, but no same-name bare row ties it — acceptable when rank-1 is the best/only-named match (info only). Top-5 score ties are all the same entity (multi-office); expected, not a ranking defect (info only)."
7924516,BNY Event,New York,NY,info,,No automated issues flagged; still spot-check for domain edge cases.
7924517,BioNTech AG -GERMANY/9 April/Condado,,,info,NO_QUERY_GEO_RANK1_HAS_LOCATION;DUPLICATE_ROUNDED_SCORES_IN_TOP5,"Query omits city/state and rank-1 carries an address, but no same-name bare row ties it — acceptable when rank-1 is the best/only-named match (info only). Top-5 score ties are all the same entity (multi-office); expected, not a ranking defect (info only)."
7924518,CBF Advanced Group Training 2027,,,info,,No automated issues flagged; still spot-check for domain edge cases.
7924519,Central de Eventos/SE 56938/OFICINA TERRITORIALIZAÇÃO  ESTRATIFICAÇÃO RISCO,,,info,NO_QUERY_GEO_RANK1_HAS_LOCATION,"Query omits city/state and rank-1 carries an address, but no same-name bare row ties it — acceptable when rank-1 is the best/only-named match (info only)."
7924520,Centuria Corporation,Reston,VA,med,DUPLICATE_ROUNDED_SCORES_IN_TOP5,Two or more top-5 rows of DIFFERENT entities share the same score to 4 decimals; ordering looks arbitrary without exposed tie-breakers.
7924521,Charter Voyages SA/CB Travel Services,Les Acacias - Suisse,,info,,No automated issues flagged; still spot-check for domain edge cases.
7924522,CHD 03242026,,,info,,No automated issues flagged; still spot-check for domain edge cases.
7924529,AMERICAN ACADEMY OF EMERGENCY NURSE PRACTITIONERS,Scottsdale,AZ,info,,No automated issues flagged; still spot-check for domain edge cases.
7924530,AMEX M&E Mexico/Summit Hematología 2026,,,info,DUPLICATE_ROUNDED_SCORES_IN_TOP5,"Top-5 score ties are all the same entity (multi-office); expected, not a ranking defect (info only)."
7924531,All Star Life Group,Hickory,NC,info,,No automated issues flagged; still spot-check for domain edge cases.
7924532,Anaplan,deerfield,IL,info,DUPLICATE_ROUNDED_SCORES_IN_TOP5,"Top-5 score ties are all the same entity (multi-office); expected, not a ranking defect (info only)."
7924533,"247 TravelPro Oct 16th - 20th, 2026 - Los Angeles",,,info,,No automated issues flagged; still spot-check for domain edge cases.
7924534,"Apple Entertainment, Oscar Nom Luncheon, Beverly Hills, February 9, 2026",Cupertino,CA,info,,No automated issues flagged; still spot-check for domain edge cases.
7924535,Appledore Marine Engineering,Portsmouth,NH,med,DUPLICATE_ROUNDED_SCORES_IN_TOP5,Two or more top-5 rows of DIFFERENT entities share the same score to 4 decimals; ordering looks arbitrary without exposed tie-breakers.
7924536,AppLovin-2026 July-Legal Summit,,,info,DUPLICATE_ROUNDED_SCORES_IN_TOP5,"Top-5 score ties are all the same entity (multi-office); expected, not a ranking defect (info only)."
7924537,AppLovin-2026 June-HR Summit,,,info,,No automated issues flagged; still spot-check for domain edge cases.
7924538,Anfitriones Nacionales | WiTeam Nov 2026 | Waldorf Astoria Riviera Maya,,,info,DUPLICATE_ROUNDED_SCORES_IN_TOP5,"Top-5 score ties are all the same entity (multi-office); expected, not a ranking defect (info only)."
7924539,ASO MICE/WBR/FILS USA/Washington,,,info,,No automated issues flagged; still spot-check for domain edge cases.
7924540,BCD / JJ - ID 186769 - JHNKN4W9QFV - Treinamento de Palestrantes 2026 - Ste,,,info,NO_QUERY_GEO_RANK1_HAS_LOCATION,"Query omits city/state and rank-1 carries an address, but no same-name bare row ties it — acceptable when rank-1 is the best/only-named match (info only)."
7924541,Bankers - Life Workshop Cleveland,Chicago,IL,info,,No automated issues flagged; still spot-check for domain edge cases.
7924542,Barbados Agricultural and Marketing Development Corporation,,,info,NO_QUERY_GEO_RANK1_HAS_LOCATION;DUPLICATE_ROUNDED_SCORES_IN_TOP5,"Query omits city/state and rank-1 carries an address, but no same-name bare row ties it — acceptable when rank-1 is the best/only-named match (info only). Top-5 score ties are all the same entity (multi-office); expected, not a ranking defect (info only)."
7924543,Bragg Live Foods,Santa Barbara,CA,info,,No automated issues flagged; still spot-check for domain edge cases.
7924544,"BRAINBox Solutions, Inc",Richmond,VA,med,DUPLICATE_ROUNDED_SCORES_IN_TOP5,Two or more top-5 rows of DIFFERENT entities share the same score to 4 decimals; ordering looks arbitrary without exposed tie-breakers.
7924545,Brook green - Lide - Brazilian Week - NYC,,,info,NO_QUERY_GEO_RANK1_HAS_LOCATION;DUPLICATE_ROUNDED_SCORES_IN_TOP5,"Query omits city/state and rank-1 carries an address, but no same-name bare row ties it — acceptable when rank-1 is the best/only-named match (info only). Top-5 score ties are all the same entity (multi-office); expected, not a ranking defect (info only)."
7924546,Brook green - Missao Internacional - San Francisco,,,info,NO_QUERY_GEO_RANK1_HAS_LOCATION,"Query omits city/state and rank-1 carries an address, but no same-name bare row ties it — acceptable when rank-1 is the best/only-named match (info only)."
7924547,Av Business | Convención Midea 2026,,,info,DUPLICATE_ROUNDED_SCORES_IN_TOP5,"Top-5 score ties are all the same entity (multi-office); expected, not a ranking defect (info only)."
7924548,Bryant Park Event Room Block,,,info,,No automated issues flagged; still spot-check for domain edge cases.
7924549,Carenzi Vanues/CDM Media new enquiry/New York,,,info,NO_QUERY_GEO_RANK1_HAS_LOCATION;DUPLICATE_ROUNDED_SCORES_IN_TOP5,"Query omits city/state and rank-1 carries an address, but no same-name bare row ties it — acceptable when rank-1 is the best/only-named match (info only). Top-5 score ties are all the same entity (multi-office); expected, not a ranking defect (info only)."
7924550,Cartago Travel / Toronto Mar 2026,,,info,DUPLICATE_ROUNDED_SCORES_IN_TOP5,"Top-5 score ties are all the same entity (multi-office); expected, not a ranking defect (info only)."
7924551,BSHOP Travel | CONAVE BYD Abril 2026 | Hilton Tulum All Inclusive,,,info,DUPLICATE_ROUNDED_SCORES_IN_TOP5,"Top-5 score ties are all the same entity (multi-office); expected, not a ranking defect (info only)."
7924552,Cabo Offsite (5ECR9Q),,,info,NO_QUERY_GEO_RANK1_HAS_LOCATION;DUPLICATE_ROUNDED_SCORES_IN_TOP5,"Query omits city/state and rank-1 carries an address, but no same-name bare row ties it — acceptable when rank-1 is the best/only-named match (info only). Top-5 score ties are all the same entity (multi-office); expected, not a ranking defect (info only)."
7924553,Calder/TVS713223/1/Americas,,,info,DUPLICATE_ROUNDED_SCORES_IN_TOP5,"Top-5 score ties are all the same entity (multi-office); expected, not a ranking defect (info only)."
7924554,TU CONGRESO / Convención Nacional de Corredores Públicos 2026,,,info,DUPLICATE_ROUNDED_SCORES_IN_TOP5,"Top-5 score ties are all the same entity (multi-office); expected, not a ranking defect (info only)."
7924556,NACVSO Conference Director,,,info,DUPLICATE_ROUNDED_SCORES_IN_TOP5,"Top-5 score ties are all the same entity (multi-office); expected, not a ranking defect (info only)."
7924557,Wisconsin Fuel & Retail Association,Madison,WI,info,,No automated issues flagged; still spot-check for domain edge cases.
7924560,Veeam Partner Program,,,info,NO_QUERY_GEO_RANK1_HAS_LOCATION,"Query omits city/state and rank-1 carries an address, but no same-name bare row ties it — acceptable when rank-1 is the best/only-named match (info only)."
7924562,Southern Regional Council of Carpenters,Metaire,LA,med,DUPLICATE_ROUNDED_SCORES_IN_TOP5,Two or more top-5 rows of DIFFERENT entities share the same score to 4 decimals; ordering looks arbitrary without exposed tie-breakers.
7924564,Trans Journalists Association,,,info,NO_QUERY_GEO_RANK1_HAS_LOCATION;DUPLICATE_ROUNDED_SCORES_IN_TOP5,"Query omits city/state and rank-1 carries an address, but no same-name bare row ties it — acceptable when rank-1 is the best/only-named match (info only). Top-5 score ties are all the same entity (multi-office); expected, not a ranking defect (info only)."
7924565,BCD Spain/Tour Guitarrica de la Fuente/Washington,,,med,DUPLICATE_ROUNDED_SCORES_IN_TOP5,Two or more top-5 rows of DIFFERENT entities share the same score to 4 decimals; ordering looks arbitrary without exposed tie-breakers.
7924566,BCD Spain/Tour Guitarrica de la Fuente/Chicago,,,med,DUPLICATE_ROUNDED_SCORES_IN_TOP5,Two or more top-5 rows of DIFFERENT entities share the same score to 4 decimals; ordering looks arbitrary without exposed tie-breakers.
7924567,"All Tickets, Inc.",Fort Lee,NJ,info,,No automated issues flagged; still spot-check for domain edge cases.
7924568,"ALGV / Amao@70 / Cartagena, Columbia",,,info,DUPLICATE_ROUNDED_SCORES_IN_TOP5,"Top-5 score ties are all the same entity (multi-office); expected, not a ranking defect (info only)."
7924569,"Trans Orbit / Mitsubishi Chemical Engineering / Boston, MA",,,info,DUPLICATE_ROUNDED_SCORES_IN_TOP5,"Top-5 score ties are all the same entity (multi-office); expected, not a ranking defect (info only)."
7924570,Travelicious Tours India Pvt.Ltd.,Gurugram,Haryana,med,DUPLICATE_ROUNDED_SCORES_IN_TOP5,Two or more top-5 rows of DIFFERENT entities share the same score to 4 decimals; ordering looks arbitrary without exposed tie-breakers.
7924571,Your Travel Center - Booking Agency,,,info,DUPLICATE_ROUNDED_SCORES_IN_TOP5,"Top-5 score ties are all the same entity (multi-office); expected, not a ranking defect (info only)."
7924575,Universal Mayorista de Travel / WC Ecuador,,,info,NO_QUERY_GEO_RANK1_HAS_LOCATION;DUPLICATE_ROUNDED_SCORES_IN_TOP5,"Query omits city/state and rank-1 carries an address, but no same-name bare row ties it — acceptable when rank-1 is the best/only-named match (info only). Top-5 score ties are all the same entity (multi-office); expected, not a ranking defect (info only)."
7924577,"The Association of Technology, Management (ATMAE)",North Huntingdon,PA,med,DUPLICATE_ROUNDED_SCORES_IN_TOP5,Two or more top-5 rows of DIFFERENT entities share the same score to 4 decimals; ordering looks arbitrary without exposed tie-breakers.
7924578,Tempo Software Inc,Burlington,MA,info,,No automated issues flagged; still spot-check for domain edge cases.
7924593,ALG Vacations / Saasha Day / Cancun,,,info,,No automated issues flagged; still spot-check for domain edge cases.
7924598,Grupo NYC – Parejas – Agosto 2026,,,info,DUPLICATE_ROUNDED_SCORES_IN_TOP5,"Top-5 score ties are all the same entity (multi-office); expected, not a ranking defect (info only)."
7924599,Grupo NYC – Solo Mujeres – Oct 2026,,,info,DUPLICATE_ROUNDED_SCORES_IN_TOP5,"Top-5 score ties are all the same entity (multi-office); expected, not a ranking defect (info only)."
7924606,"First in Service, Dennie Miller Group , Atlanta, Feb 08",Culver City,CA,info,,No automated issues flagged; still spot-check for domain edge cases.
7924608,"EMI / Group Request / New Orleans, LA",Holmdel,NJ,med,DUPLICATE_ROUNDED_SCORES_IN_TOP5,Two or more top-5 rows of DIFFERENT entities share the same score to 4 decimals; ordering looks arbitrary without exposed tie-breakers.
7924612,Alphablock Labs Inc. dba Avoca,New York,NY,info,,No automated issues flagged; still spot-check for domain edge cases.
7924614,"TransDigm Group, Inc.",Lakewood,OH,med,DUPLICATE_ROUNDED_SCORES_IN_TOP5,Two or more top-5 rows of DIFFERENT entities share the same score to 4 decimals; ordering looks arbitrary without exposed tie-breakers.
7924622,Tailored Food & Beverage,Las Vegas,NV,info,DUPLICATE_ROUNDED_SCORES_IN_TOP5,"Top-5 score ties are all the same entity (multi-office); expected, not a ranking defect (info only)."
7924623,SANCC Restaurant Outlet Bookings,Reston,VA,info,,No automated issues flagged; still spot-check for domain edge cases.
7924625,"Starpower, LLC",Manhattan Beach,CA,med,DUPLICATE_ROUNDED_SCORES_IN_TOP5,Two or more top-5 rows of DIFFERENT entities share the same score to 4 decimals; ordering looks arbitrary without exposed tie-breakers.
7924626,TLC Group,Harrow HA3 5,,info,,No automated issues flagged; still spot-check for domain edge cases.
7924630,Georgia Coalition of Black Chambers,Atlanta,GA,info,,No automated issues flagged; still spot-check for domain edge cases.
7924631,Alchemy / ELEA Congreso APA San Francisco – May 2026,Buenos Aires,"Buenos Aires, CF",info,,No automated issues flagged; still spot-check for domain edge cases.
7924632,Agência Pavão,,,info,NO_QUERY_GEO_RANK1_HAS_LOCATION;DUPLICATE_ROUNDED_SCORES_IN_TOP5,"Query omits city/state and rank-1 carries an address, but no same-name bare row ties it — acceptable when rank-1 is the best/only-named match (info only). Top-5 score ties are all the same entity (multi-office); expected, not a ranking defect (info only)."
7924634,ATVI Consultoria,,,info,NO_QUERY_GEO_RANK1_HAS_LOCATION,"Query omits city/state and rank-1 carries an address, but no same-name bare row ties it — acceptable when rank-1 is the best/only-named match (info only)."
7924641,TopGolf Events 2026,Carlsbad,CA,med,DUPLICATE_ROUNDED_SCORES_IN_TOP5,Two or more top-5 rows of DIFFERENT entities share the same score to 4 decimals; ordering looks arbitrary without exposed tie-breakers.
7924642,Andrea Dodson Acct Management,,,info,,No automated issues flagged; still spot-check for domain edge cases.
7924646,Blue Sky Travel,Binh Thanh Dist,HCMC,info,DUPLICATE_ROUNDED_SCORES_IN_TOP5,"Top-5 score ties are all the same entity (multi-office); expected, not a ranking defect (info only)."
7924647,CHICH Tastings,Oak Brook,IL,info,,No automated issues flagged; still spot-check for domain edge cases.
7924650,Travelicious Tours Pvt. Limited,Gurugram,Haryana,info,,No automated issues flagged; still spot-check for domain edge cases.
7924652,Solventum,Circle Pines,MN,med,DUPLICATE_ROUNDED_SCORES_IN_TOP5,Two or more top-5 rows of DIFFERENT entities share the same score to 4 decimals; ordering looks arbitrary without exposed tie-breakers.
7924684,Arbiter Viaggi,Gallarate (Varese),,info,,No automated issues flagged; still spot-check for domain edge cases.
7924695,TocinoyAguacate,"Mexico City, DF",Estado de Mexico,info,,No automated issues flagged; still spot-check for domain edge cases.
7924696,The Ultimate Entrepreneur,Atlanta,GA,med,STRONG_SCORE_NON_EXACT_NAME;HYBRID_SEMANTIC_LED_AT_CEILING,Top-1 is a related but non-identical name (query_and_top1_names_related_non_equal) at 0.9657; rationale should justify suffix/token gaps. Hybrid (semantic-led) at a ceiling score with non-exact name overlap — defensibility risk for SMEs.
7924698,Bizz Design,,,info,NO_QUERY_GEO_RANK1_HAS_LOCATION;DUPLICATE_ROUNDED_SCORES_IN_TOP5,"Query omits city/state and rank-1 carries an address, but no same-name bare row ties it — acceptable when rank-1 is the best/only-named match (info only). Top-5 score ties are all the same entity (multi-office); expected, not a ranking defect (info only)."
7924699,Apex Agency,Dublin,OH,med,DUPLICATE_ROUNDED_SCORES_IN_TOP5,Two or more top-5 rows of DIFFERENT entities share the same score to 4 decimals; ordering looks arbitrary without exposed tie-breakers.
7924706,AgroPro,Buenos Aires,"Buenos Aires, CF",info,,No automated issues flagged; still spot-check for domain edge cases.
7924713,UKG Inc.,Wailea,HI,info,,No automated issues flagged; still spot-check for domain edge cases.
7924719,"Anju Software, Inc.",Tempe,AZ,med,DUPLICATE_ROUNDED_SCORES_IN_TOP5,Two or more top-5 rows of DIFFERENT entities share the same score to 4 decimals; ordering looks arbitrary without exposed tie-breakers.
7924720,Central States Manufacturing,Tontitown,AR,info,DUPLICATE_ROUNDED_SCORES_IN_TOP5,"Top-5 score ties are all the same entity (multi-office); expected, not a ranking defect (info only)."
7924721,WSP,Austin,TX,med,DUPLICATE_ROUNDED_SCORES_IN_TOP5,Two or more top-5 rows of DIFFERENT entities share the same score to 4 decimals; ordering looks arbitrary without exposed tie-breakers.
7924722,Sanity Solutions Inc.,Denver,CO,info,,No automated issues flagged; still spot-check for domain edge cases.
7924723,WSP,Orange,CA,med,STRONG_SCORE_NON_EXACT_NAME;DUPLICATE_ROUNDED_SCORES_IN_TOP5;HYBRID_SEMANTIC_LED_AT_CEILING,Top-1 is a related but non-identical name (query_and_top1_names_related_non_equal) at 0.9729; rationale should justify suffix/token gaps. Two or more top-5 rows of DIFFERENT entities share the same score to 4 decimals; ordering looks arbitrary without exposed tie-breakers. Hybrid (semantic-led) at a ceiling score with non-exact name overlap — defensibility risk for SMEs.
7924724,Subtotal,Salt Lake City,UT,info,DUPLICATE_ROUNDED_SCORES_IN_TOP5,"Top-5 score ties are all the same entity (multi-office); expected, not a ranking defect (info only)."
7924725,WSP,Belleville,,info,DUPLICATE_ROUNDED_SCORES_IN_TOP5,"Top-5 score ties are all the same entity (multi-office); expected, not a ranking defect (info only)."
7924726,TPGMS,,,info,,No automated issues flagged; still spot-check for domain edge cases.
7924727,WSP,Arlington,VA,info,,No automated issues flagged; still spot-check for domain edge cases.
7924728,Tenaris EMPRESA DEL GRUPO TECHINT,Patagonia,Patagonia,med,DUPLICATE_ROUNDED_SCORES_IN_TOP5,Two or more top-5 rows of DIFFERENT entities share the same score to 4 decimals; ordering looks arbitrary without exposed tie-breakers.
7924729,"Sauer Group, LLC",Columbus,OH,info,,No automated issues flagged; still spot-check for domain edge cases.
7924732,tbg Events,Los Angeles,CA,info,,No automated issues flagged; still spot-check for domain edge cases.
7924733,2026 Hilton Chicago O'Hare Airport S&P,Chicago,IL,info,,No automated issues flagged; still spot-check for domain edge cases.
7924742,Ailey,Brooklyn,NY,info,,No automated issues flagged; still spot-check for domain edge cases.
7924746,"HSMWINGPAC - Helicopter Maritime Strike Wing, Pacific",Chula Vista,CA,med,DUPLICATE_ROUNDED_SCORES_IN_TOP5,Two or more top-5 rows of DIFFERENT entities share the same score to 4 decimals; ordering looks arbitrary without exposed tie-breakers.
7924747,US Army MedCom,Fort Sam Houston,TX,info,,No automated issues flagged; still spot-check for domain edge cases.
7924748,ROYAL AIR FORCE,Dulles Airport,,info,,No automated issues flagged; still spot-check for domain edge cases.
7924749,USMC 6th Marine Corps Recruiting District,Parris Island,SC,info,,No automated issues flagged; still spot-check for domain edge cases.
7924750,ROYAL AIR FORCE,Dulles,VA,info,,No automated issues flagged; still spot-check for domain edge cases.
7924752,Astrion,Arlington,VA,info,,No automated issues flagged; still spot-check for domain edge cases.
7924753,WEC Energy Group,Chicago,IL,info,,No automated issues flagged; still spot-check for domain edge cases.
7924754,Service Experts,Charlotte,NC,info,,No automated issues flagged; still spot-check for domain edge cases.
7924755,Settlement Management Work Group,Philadelphia,PA,info,,No automated issues flagged; still spot-check for domain edge cases.
7924758,SONOMA FEDERAL CREDIT UNION,Santa Rosa,CA,info,,No automated issues flagged; still spot-check for domain edge cases.
7924759,TD Bank US,Bellevue,WA,med,DUPLICATE_ROUNDED_SCORES_IN_TOP5,Two or more top-5 rows of DIFFERENT entities share the same score to 4 decimals; ordering looks arbitrary without exposed tie-breakers.
7924760,Siscoop,,,info,DUPLICATE_ROUNDED_SCORES_IN_TOP5,"Top-5 score ties are all the same entity (multi-office); expected, not a ranking defect (info only)."
7924761,Velosity,Forest Lake,MN,info,DUPLICATE_ROUNDED_SCORES_IN_TOP5,"Top-5 score ties are all the same entity (multi-office); expected, not a ranking defect (info only)."
7924763,NewEdge Wealth,Stamford,CT,med,DUPLICATE_ROUNDED_SCORES_IN_TOP5,Two or more top-5 rows of DIFFERENT entities share the same score to 4 decimals; ordering looks arbitrary without exposed tie-breakers.
7924770,Banorte Wealth Management,Houston,TX,info,,No automated issues flagged; still spot-check for domain edge cases.
7924772,Ass. des présidences et des vice-présidences de caisses Desjardins,Saint Leonard,QC,info,DUPLICATE_ROUNDED_SCORES_IN_TOP5,"Top-5 score ties are all the same entity (multi-office); expected, not a ranking defect (info only)."
7924781,Bay Center Foods,Valencia,CA,med,DUPLICATE_ROUNDED_SCORES_IN_TOP5,Two or more top-5 rows of DIFFERENT entities share the same score to 4 decimals; ordering looks arbitrary without exposed tie-breakers.
7924782,Tech24,Phoenix,AZ,info,,No automated issues flagged; still spot-check for domain edge cases.
7924799,"Waypoint, LLC",florida,FL,med,DUPLICATE_ROUNDED_SCORES_IN_TOP5,Two or more top-5 rows of DIFFERENT entities share the same score to 4 decimals; ordering looks arbitrary without exposed tie-breakers.
7924800,JB Pritzker Campaign,Chicago,IL,info,,No automated issues flagged; still spot-check for domain edge cases.
7924802,Atlanta Department of Transportation,Atlanta,GA,med,STRONG_SCORE_NON_EXACT_NAME;HYBRID_SEMANTIC_LED_AT_CEILING,Top-1 is a related but non-identical name (token_subset_mismatch) at 0.9662; rationale should justify suffix/token gaps. Hybrid (semantic-led) at a ceiling score with non-exact name overlap — defensibility risk for SMEs.
7924805,United States Department of Def,Columbus,OH,info,,No automated issues flagged; still spot-check for domain edge cases.
7924808,USA-ITA,Washington,DC,info,,No automated issues flagged; still spot-check for domain edge cases.
7924809,Asociación Nacional de Empleados del Banco de la República,,,info,NO_QUERY_GEO_RANK1_HAS_LOCATION,"Query omits city/state and rank-1 carries an address, but no same-name bare row ties it — acceptable when rank-1 is the best/only-named match (info only)."
7924815,Sofimedical Panamá,,,info,NO_QUERY_GEO_RANK1_HAS_LOCATION,"Query omits city/state and rank-1 carries an address, but no same-name bare row ties it — acceptable when rank-1 is the best/only-named match (info only)."
7924817,Supertravelistic,Seabrook Island,SC,med,DUPLICATE_ROUNDED_SCORES_IN_TOP5,Two or more top-5 rows of DIFFERENT entities share the same score to 4 decimals; ordering looks arbitrary without exposed tie-breakers.
7924818,Upace,,WA,info,DUPLICATE_ROUNDED_SCORES_IN_TOP5,"Top-5 score ties are all the same entity (multi-office); expected, not a ranking defect (info only)."
7924821,Tuma Agencies,Cedar Rapids,IA,info,DUPLICATE_ROUNDED_SCORES_IN_TOP5,"Top-5 score ties are all the same entity (multi-office); expected, not a ranking defect (info only)."
7924824,Connecticut Society of Health System Pharmacists,New Haven,CT,info,,No automated issues flagged; still spot-check for domain edge cases.
7924825,"BIOS Life, Inc.",Addison,TX,info,,No automated issues flagged; still spot-check for domain edge cases.
7924826,"Archy Dental, Inc. d/b/a Archy",San Jose,CA,info,,No automated issues flagged; still spot-check for domain edge cases.
7924829,AAPA 2026 Annual Conference - Affiliates,Greensboro,NC,med,DUPLICATE_ROUNDED_SCORES_IN_TOP5,Two or more top-5 rows of DIFFERENT entities share the same score to 4 decimals; ordering looks arbitrary without exposed tie-breakers.
7924830,Société Alzheimer de Québec,Quebec City,QC,info,,No automated issues flagged; still spot-check for domain edge cases.
7924831,Society of Epidemiologic Research,Eagle,ID,med,DUPLICATE_ROUNDED_SCORES_IN_TOP5,Two or more top-5 rows of DIFFERENT entities share the same score to 4 decimals; ordering looks arbitrary without exposed tie-breakers.
7924838,HSB Canada,Toronto,ON,med,STRONG_SCORE_NON_EXACT_NAME;HYBRID_SEMANTIC_LED_AT_CEILING,Top-1 is a related but non-identical name (query_and_top1_names_related_non_equal) at 0.9662; rationale should justify suffix/token gaps. Hybrid (semantic-led) at a ceiling score with non-exact name overlap — defensibility risk for SMEs.
7924839,AgentSync,Santa Barbara,CA,med,DUPLICATE_ROUNDED_SCORES_IN_TOP5,Two or more top-5 rows of DIFFERENT entities share the same score to 4 decimals; ordering looks arbitrary without exposed tie-breakers.
7924840,Développement informatique Clic Assure Inc.,Levis,QC,med,DUPLICATE_ROUNDED_SCORES_IN_TOP5,Two or more top-5 rows of DIFFERENT entities share the same score to 4 decimals; ordering looks arbitrary without exposed tie-breakers.
7924841,National Association Goosehead Agents,Kalispell,MT,med,DUPLICATE_ROUNDED_SCORES_IN_TOP5,Two or more top-5 rows of DIFFERENT entities share the same score to 4 decimals; ordering looks arbitrary without exposed tie-breakers.
7924843,Selman Law,Seattle,WA,info,,No automated issues flagged; still spot-check for domain edge cases.
7924845,Barbados BAR Association,Bridgetown,,info,,No automated issues flagged; still spot-check for domain edge cases.
7924847,CenterForce Conferences,Nutley,NJ,med,DUPLICATE_ROUNDED_SCORES_IN_TOP5,Two or more top-5 rows of DIFFERENT entities share the same score to 4 decimals; ordering looks arbitrary without exposed tie-breakers.
7924851,"CF Industries Enterprises, LLC",Chicago,IL,info,,No automated issues flagged; still spot-check for domain edge cases.
7924852,Boydorr Nutrition,Cundinamarca,Cundinamarca,med,DUPLICATE_ROUNDED_SCORES_IN_TOP5,Two or more top-5 rows of DIFFERENT entities share the same score to 4 decimals; ordering looks arbitrary without exposed tie-breakers.
7924853,VB Spine,Leesburg,VA,info,,No automated issues flagged; still spot-check for domain edge cases.
7924854,Techno Mix,,,info,DUPLICATE_ROUNDED_SCORES_IN_TOP5,"Top-5 score ties are all the same entity (multi-office); expected, not a ranking defect (info only)."
7924855,ZK Teco,Lima,,info,DUPLICATE_ROUNDED_SCORES_IN_TOP5,"Top-5 score ties are all the same entity (multi-office); expected, not a ranking defect (info only)."
7924856,Valmer Systems,Lima,,info,,No automated issues flagged; still spot-check for domain edge cases.
7924858,Adept Fasteners,Valencia,CA,info,,No automated issues flagged; still spot-check for domain edge cases.
7924859,World's Poultry Foundation,,,info,,No automated issues flagged; still spot-check for domain edge cases.
7924860,World's Poultry Foundation,Atlanta,GA,info,,No automated issues flagged; still spot-check for domain edge cases.
7924862,Biron,Montreal,QC,med,STRONG_SCORE_NON_EXACT_NAME;HYBRID_SEMANTIC_LED_AT_CEILING,Top-1 is a related but non-identical name (query_and_top1_names_related_non_equal) at 0.9662; rationale should justify suffix/token gaps. Hybrid (semantic-led) at a ceiling score with non-exact name overlap — defensibility risk for SMEs.
7924868,City Parking Online,,,info,NO_QUERY_GEO_RANK1_HAS_LOCATION,"Query omits city/state and rank-1 carries an address, but no same-name bare row ties it — acceptable when rank-1 is the best/only-named match (info only)."
7924870,Sinergia e Innovación S.A.S,Bogota,Cundinamarca,info,,No automated issues flagged; still spot-check for domain edge cases.
7924872,Shanghai Yuyuan Visuals,Los Angeles,CA,med,DUPLICATE_ROUNDED_SCORES_IN_TOP5,Two or more top-5 rows of DIFFERENT entities share the same score to 4 decimals; ordering looks arbitrary without exposed tie-breakers.
7924873,Séptimo Cielo CWP SAS,,,info,DUPLICATE_ROUNDED_SCORES_IN_TOP5,"Top-5 score ties are all the same entity (multi-office); expected, not a ranking defect (info only)."
7924915,YYZMO Online Bookings,Kitchener,ON,info,,No automated issues flagged; still spot-check for domain edge cases.
7924916,2026 SDGO Concessions,San Marcos,CA,info,,No automated issues flagged; still spot-check for domain edge cases.
7924919,Abridge,San Francisco,CA,info,,No automated issues flagged; still spot-check for domain edge cases.
7924921,Cardata,Sault Ste. Marie,ON,med,DUPLICATE_ROUNDED_SCORES_IN_TOP5,Two or more top-5 rows of DIFFERENT entities share the same score to 4 decimals; ordering looks arbitrary without exposed tie-breakers.
7924922,Cambium Learning – Lexia,Dallas,TX,info,,No automated issues flagged; still spot-check for domain edge cases.
7924942,Ahava International,Sainte-Brigitte-de-Lava,QC,info,,No automated issues flagged; still spot-check for domain edge cases.
7924943,Advance Photonics Coalition,Los Gatos,CA,info,,No automated issues flagged; still spot-check for domain edge cases.
7924944,Bayer IT&O,,,info,DUPLICATE_ROUNDED_SCORES_IN_TOP5,"Top-5 score ties are all the same entity (multi-office); expected, not a ranking defect (info only)."
7924945,blx Group,Los Angeles,CA,med,DUPLICATE_ROUNDED_SCORES_IN_TOP5,Two or more top-5 rows of DIFFERENT entities share the same score to 4 decimals; ordering looks arbitrary without exposed tie-breakers.
7924951,Camcode Global,Cleveland,OH,info,,No automated issues flagged; still spot-check for domain edge cases.
7924957,Stribe Dental,,,info,,No automated issues flagged; still spot-check for domain edge cases.
7924961,Sea Hawkers Booster Club,,,info,NO_QUERY_GEO_RANK1_HAS_LOCATION;DUPLICATE_ROUNDED_SCORES_IN_TOP5,"Query omits city/state and rank-1 carries an address, but no same-name bare row ties it — acceptable when rank-1 is the best/only-named match (info only). Top-5 score ties are all the same entity (multi-office); expected, not a ranking defect (info only)."
7924965,Sol Dance Collective,Bolton,ON,med,DUPLICATE_ROUNDED_SCORES_IN_TOP5,Two or more top-5 rows of DIFFERENT entities share the same score to 4 decimals; ordering looks arbitrary without exposed tie-breakers.
7924967,Brittney Beckman,Grand Island,NE,med,DUPLICATE_ROUNDED_SCORES_IN_TOP5,Two or more top-5 rows of DIFFERENT entities share the same score to 4 decimals; ordering looks arbitrary without exposed tie-breakers.
7924968,Artemis SailGP,,,info,NO_QUERY_GEO_RANK1_HAS_LOCATION;DUPLICATE_ROUNDED_SCORES_IN_TOP5,"Query omits city/state and rank-1 carries an address, but no same-name bare row ties it — acceptable when rank-1 is the best/only-named match (info only). Top-5 score ties are all the same entity (multi-office); expected, not a ranking defect (info only)."
7924973,Air Europa Cargo,Bogota,Cundinamarca,med,DUPLICATE_ROUNDED_SCORES_IN_TOP5,Two or more top-5 rows of DIFFERENT entities share the same score to 4 decimals; ordering looks arbitrary without exposed tie-breakers.
7924974,Santa Rosa 99's,Los Angeles,CA,info,,No automated issues flagged; still spot-check for domain edge cases.
7924976,Bonita Trip,Armenia,Armenia,info,,No automated issues flagged; still spot-check for domain edge cases.
7924979,Alaedin Travel,,,info,,No automated issues flagged; still spot-check for domain edge cases.
7924981,Turitika,Cusco,,info,,No automated issues flagged; still spot-check for domain edge cases.
7924982,Transatlantic Elite LLC,Calgary,AB,med,DUPLICATE_ROUNDED_SCORES_IN_TOP5,Two or more top-5 rows of DIFFERENT entities share the same score to 4 decimals; ordering looks arbitrary without exposed tie-breakers.
7924989,Troy B Marden Travel,Nashville,TN,info,,No automated issues flagged; still spot-check for domain edge cases.
7924992,World Tour Logistics LLC,Zapopan,Jalisco,info,,No automated issues flagged; still spot-check for domain edge cases.
7924993,Team Travel Source,Woburn,MA,info,,No automated issues flagged; still spot-check for domain edge cases.
7924994,Travel People LTD,Accra,,info,DUPLICATE_ROUNDED_SCORES_IN_TOP5,"Top-5 score ties are all the same entity (multi-office); expected, not a ranking defect (info only)."
7924998,UGS3,Coram,NY,info,DUPLICATE_ROUNDED_SCORES_IN_TOP5,"Top-5 score ties are all the same entity (multi-office); expected, not a ranking defect (info only)."
7924999,W2M (World 2 Meet),Palma de Mallorca,Islas Baleares,info,,No automated issues flagged; still spot-check for domain edge cases.
7925000,TZ Viagens,,,info,NO_QUERY_GEO_RANK1_HAS_LOCATION;DUPLICATE_ROUNDED_SCORES_IN_TOP5,"Query omits city/state and rank-1 carries an address, but no same-name bare row ties it — acceptable when rank-1 is the best/only-named match (info only). Top-5 score ties are all the same entity (multi-office); expected, not a ranking defect (info only)."
7925006,Unox S.p.A.,,,info,NO_QUERY_GEO_RANK1_HAS_LOCATION;DUPLICATE_ROUNDED_SCORES_IN_TOP5,"Query omits city/state and rank-1 carries an address, but no same-name bare row ties it — acceptable when rank-1 is the best/only-named match (info only). Top-5 score ties are all the same entity (multi-office); expected, not a ranking defect (info only)."
7925007,S.I.N. 360,Tempe,AZ,med,DUPLICATE_ROUNDED_SCORES_IN_TOP5,Two or more top-5 rows of DIFFERENT entities share the same score to 4 decimals; ordering looks arbitrary without exposed tie-breakers.
7925011,"Altec, Inc.",Indianapolis,IN,info,,No automated issues flagged; still spot-check for domain edge cases.
7925012,"Altec, Inc.",Mountain Top,PA,med,DUPLICATE_ROUNDED_SCORES_IN_TOP5,Two or more top-5 rows of DIFFERENT entities share the same score to 4 decimals; ordering looks arbitrary without exposed tie-breakers.
7925020,Thermomix,Washington,CT,info,,No automated issues flagged; still spot-check for domain edge cases.
7925023,Technoprofil,Levis,QC,med,DUPLICATE_ROUNDED_SCORES_IN_TOP5,Two or more top-5 rows of DIFFERENT entities share the same score to 4 decimals; ordering looks arbitrary without exposed tie-breakers.
7925024,Taylor Bach,Rohnert Park,CA,med,DUPLICATE_ROUNDED_SCORES_IN_TOP5,Two or more top-5 rows of DIFFERENT entities share the same score to 4 decimals; ordering looks arbitrary without exposed tie-breakers.
7925025,Circle K,,NC,med,STRONG_SCORE_NON_EXACT_NAME;DUPLICATE_ROUNDED_SCORES_IN_TOP5;HYBRID_SEMANTIC_LED_AT_CEILING,"Top-1 is a related but non-identical name (query_and_top1_names_related_non_equal) at 0.9659; rationale should justify suffix/token gaps. Top-5 score ties are all the same entity (multi-office); expected, not a ranking defect (info only). Hybrid (semantic-led) at a ceiling score with non-exact name overlap — defensibility risk for SMEs."
7925027,Alamo Engenharia,,,info,DUPLICATE_ROUNDED_SCORES_IN_TOP5,"Top-5 score ties are all the same entity (multi-office); expected, not a ranking defect (info only)."
7925029,Allevia Events,,,info,NO_QUERY_GEO_RANK1_HAS_LOCATION;DUPLICATE_ROUNDED_SCORES_IN_TOP5,"Query omits city/state and rank-1 carries an address, but no same-name bare row ties it — acceptable when rank-1 is the best/only-named match (info only). Top-5 score ties are all the same entity (multi-office); expected, not a ranking defect (info only)."
7925030,Working Minds,Fort Collins,CO,info,,No automated issues flagged; still spot-check for domain edge cases.
7925033,N.E.W.S.® Navigation,,,info,NO_QUERY_GEO_RANK1_HAS_LOCATION;DUPLICATE_ROUNDED_SCORES_IN_TOP5,"Query omits city/state and rank-1 carries an address, but no same-name bare row ties it — acceptable when rank-1 is the best/only-named match (info only). Top-5 score ties are all the same entity (multi-office); expected, not a ranking defect (info only)."
7925034,Sega Sammy Creation,Las Vegas,NV,med,DUPLICATE_ROUNDED_SCORES_IN_TOP5,Two or more top-5 rows of DIFFERENT entities share the same score to 4 decimals; ordering looks arbitrary without exposed tie-breakers.
7925035,Cavis Energy,Houston,TX,info,,No automated issues flagged; still spot-check for domain edge cases.
7925040,Brook Health,Bellevue,WA,med,DUPLICATE_ROUNDED_SCORES_IN_TOP5,Two or more top-5 rows of DIFFERENT entities share the same score to 4 decimals; ordering looks arbitrary without exposed tie-breakers.
7925043,Azazie Bridal ULC,Calgary,AB,med,DUPLICATE_ROUNDED_SCORES_IN_TOP5,Two or more top-5 rows of DIFFERENT entities share the same score to 4 decimals; ordering looks arbitrary without exposed tie-breakers.
7925045,Tecky Brains ONG,,,info,DUPLICATE_ROUNDED_SCORES_IN_TOP5,"Top-5 score ties are all the same entity (multi-office); expected, not a ranking defect (info only)."
7925048,Alliant Healthcare Solutions,,,info,NO_QUERY_GEO_RANK1_HAS_LOCATION;DUPLICATE_ROUNDED_SCORES_IN_TOP5,"Query omits city/state and rank-1 carries an address, but no same-name bare row ties it — acceptable when rank-1 is the best/only-named match (info only). Top-5 score ties are all the same entity (multi-office); expected, not a ranking defect (info only)."
7925049,Chinese Business Women's Association,Fremont,CA,info,DUPLICATE_ROUNDED_SCORES_IN_TOP5,"Top-5 score ties are all the same entity (multi-office); expected, not a ranking defect (info only)."
7925053,United Suicide Survivors International,Fort Collins,CO,med,DUPLICATE_ROUNDED_SCORES_IN_TOP5,Two or more top-5 rows of DIFFERENT entities share the same score to 4 decimals; ordering looks arbitrary without exposed tie-breakers.
7925054,Skills / Compétences Canada,Yellowknife,NT,info,,No automated issues flagged; still spot-check for domain edge cases.
7925055,"Church Of God In Christ, Inc.",Winter Park,FL,info,,No automated issues flagged; still spot-check for domain edge cases.
7925056,Beverage Marketing Association,New York,NY,info,,No automated issues flagged; still spot-check for domain edge cases.
7925065,Appui de pointe,Victoria,BC,med,DUPLICATE_ROUNDED_SCORES_IN_TOP5,Two or more top-5 rows of DIFFERENT entities share the same score to 4 decimals; ordering looks arbitrary without exposed tie-breakers.
7925067,The Barn Christian Fellowship,Rancho Cucamonga,CA,info,,No automated issues flagged; still spot-check for domain edge cases.
7925068,Youth for the Nations,New York,NY,info,,No automated issues flagged; still spot-check for domain edge cases.
7925073,Unlock your Power within,,,info,DUPLICATE_ROUNDED_SCORES_IN_TOP5,"Top-5 score ties are all the same entity (multi-office); expected, not a ranking defect (info only)."
7925089,SSB Management,Eagle,ID,med,DUPLICATE_ROUNDED_SCORES_IN_TOP5,Two or more top-5 rows of DIFFERENT entities share the same score to 4 decimals; ordering looks arbitrary without exposed tie-breakers.
7925092,Whitney Carillon Events,Windermere,FL,med,DUPLICATE_ROUNDED_SCORES_IN_TOP5,Two or more top-5 rows of DIFFERENT entities share the same score to 4 decimals; ordering looks arbitrary without exposed tie-breakers.
7925093,Trouvaille Meetings & Events,Willis,TX,med,DUPLICATE_ROUNDED_SCORES_IN_TOP5,Two or more top-5 rows of DIFFERENT entities share the same score to 4 decimals; ordering looks arbitrary without exposed tie-breakers.
7925094,PER,Scottsdale,AZ,info,DUPLICATE_ROUNDED_SCORES_IN_TOP5,"Top-5 score ties are all the same entity (multi-office); expected, not a ranking defect (info only)."
7925095,Venomere Group,Miami,FL,info,,No automated issues flagged; still spot-check for domain edge cases.
7925099,Sourcing on behalf of One Resource Group (An Integrity Company),Remote in GA,GA,info,DUPLICATE_ROUNDED_SCORES_IN_TOP5,"Top-5 score ties are all the same entity (multi-office); expected, not a ranking defect (info only)."
7925100,The Travel Shoppe,Redwood City,CA,info,,No automated issues flagged; still spot-check for domain edge cases.
7925105,We Plan It,Olympia,WA,med,DUPLICATE_ROUNDED_SCORES_IN_TOP5,Two or more top-5 rows of DIFFERENT entities share the same score to 4 decimals; ordering looks arbitrary without exposed tie-breakers.
7925106,Silverwing Travel,Woodmere,NY,med,DUPLICATE_ROUNDED_SCORES_IN_TOP5,Two or more top-5 rows of DIFFERENT entities share the same score to 4 decimals; ordering looks arbitrary without exposed tie-breakers.
7925110,UVET Global Business Travel - Italy,Rome,RM,info,,No automated issues flagged; still spot-check for domain edge cases.
7925113,Woodbrey Family Travel,,,info,,No automated issues flagged; still spot-check for domain edge cases.
7925114,CapFinancial Partners LLC   (CAPTRUST),Dublin,OH,med,DUPLICATE_ROUNDED_SCORES_IN_TOP5,Two or more top-5 rows of DIFFERENT entities share the same score to 4 decimals; ordering looks arbitrary without exposed tie-breakers.
7925118,Shionogi Inc,Yonkers,NY,info,,No automated issues flagged; still spot-check for domain edge cases.
7925123,Worldtek Travel & Event Management,Hamden,CT,med,DUPLICATE_ROUNDED_SCORES_IN_TOP5,Two or more top-5 rows of DIFFERENT entities share the same score to 4 decimals; ordering looks arbitrary without exposed tie-breakers.
7925127,Smartmice,Las Vegas,NV,info,,No automated issues flagged; still spot-check for domain edge cases.
7925131,FIRST Global Agency on Behalf of Nikki Kelley,New York,NY,med,STRONG_SCORE_NON_EXACT_NAME;HYBRID_SEMANTIC_LED_AT_CEILING,Top-1 is a related but non-identical name (heavy_token_overlap_non_equal) at 0.9663; rationale should justify suffix/token gaps. Hybrid (semantic-led) at a ceiling score with non-exact name overlap — defensibility risk for SMEs.
7925132,Two Heads - Germany,"Koln, Cologne",NRW,info,,No automated issues flagged; still spot-check for domain edge cases.
7925291,1199SEIU  UHWE,New York,NY,info,,No automated issues flagged; still spot-check for domain edge cases.
7925292,Cities Today Institute,London,,info,DUPLICATE_ROUNDED_SCORES_IN_TOP5,"Top-5 score ties are all the same entity (multi-office); expected, not a ranking defect (info only)."
7925293,Constellatin Brands,Orlando,FL,info,,No automated issues flagged; still spot-check for domain edge cases.
7925294,Datadog Marketing Team Kickoff 2025,New York,NY,info,,No automated issues flagged; still spot-check for domain edge cases.
7925295,Department of Veterans Affairs HQ,Kansas City,MO,info,,No automated issues flagged; still spot-check for domain edge cases.
7925296,Department of Veterans Affairs HQ,Lake Saint Louis,MO,info,,No automated issues flagged; still spot-check for domain edge cases.
7925297,EMR Capital,Philadelphia,PA,info,,No automated issues flagged; still spot-check for domain edge cases.
7925298,"Evident Scientific MIS, Inc.",Dallas,TX,info,,No automated issues flagged; still spot-check for domain edge cases.
7925299,"General HVAC Solutions America, Inc.",Reno,NV,info,,No automated issues flagged; still spot-check for domain edge cases.
7925300,Guidehouse,Palm Beach Gardens,FL,info,,No automated issues flagged; still spot-check for domain edge cases.
7925301,Harbor Group International,Portsmouth,VA,info,,No automated issues flagged; still spot-check for domain edge cases.
7925302,National Association of Supplement Benefits Insurance (NASBI),Cleveland,OH,info,,No automated issues flagged; still spot-check for domain edge cases.
7925303,New York State Democratic Assembly Campaign Committee,New York,NY,info,,No automated issues flagged; still spot-check for domain edge cases.
7925304,SMCTG Tour Inc,Annandale,VA,med,STRONG_SCORE_NON_EXACT_NAME;HYBRID_SEMANTIC_LED_AT_CEILING,Top-1 is a related but non-identical name (token_subset_mismatch) at 0.9667; rationale should justify suffix/token gaps. Hybrid (semantic-led) at a ceiling score with non-exact name overlap — defensibility risk for SMEs.
7925305,Society of Family Planning,Atlanta,GA,info,,No automated issues flagged; still spot-check for domain edge cases.
7925306,"TPI Global - JTB USA, Incorporated",Goodridge,MN,med,DUPLICATE_ROUNDED_SCORES_IN_TOP5,Two or more top-5 rows of DIFFERENT entities share the same score to 4 decimals; ordering looks arbitrary without exposed tie-breakers.
7925307,United Association Labor Management Cooperative Cooperation Fund,Ottawa,ON,med,DUPLICATE_ROUNDED_SCORES_IN_TOP5,Two or more top-5 rows of DIFFERENT entities share the same score to 4 decimals; ordering looks arbitrary without exposed tie-breakers.
7925308,Valise Live,New York,NY,info,,No automated issues flagged; still spot-check for domain edge cases.
7925309,Vanderbilt Sports Properties,Dallas,TX,info,,No automated issues flagged; still spot-check for domain edge cases.
7925310,"Veeva Systems, Incorporated",New York,NY,info,,No automated issues flagged; still spot-check for domain edge cases.
7925311,FROSCH by Chase Travel,,,info,NO_QUERY_GEO_RANK1_HAS_LOCATION;DUPLICATE_ROUNDED_SCORES_IN_TOP5,"Query omits city/state and rank-1 carries an address, but no same-name bare row ties it — acceptable when rank-1 is the best/only-named match (info only). Top-5 score ties are all the same entity (multi-office); expected, not a ranking defect (info only)."
7925312,Ace Daytons Direct Intl Pte Ltd,Singapore,,info,,No automated issues flagged; still spot-check for domain edge cases.
7925313,Anduril Industries Pte Ltd,,CA,info,DUPLICATE_ROUNDED_SCORES_IN_TOP5,"Top-5 score ties are all the same entity (multi-office); expected, not a ranking defect (info only)."
7925314,Archimed,Lyon,,info,DUPLICATE_ROUNDED_SCORES_IN_TOP5,"Top-5 score ties are all the same entity (multi-office); expected, not a ranking defect (info only)."
7925315,Arthrex Global HQ,Singapore,,info,DUPLICATE_ROUNDED_SCORES_IN_TOP5,"Top-5 score ties are all the same entity (multi-office); expected, not a ranking defect (info only)."
7925316,ASHRAE Singapore Chapter,,,info,NO_QUERY_GEO_RANK1_HAS_LOCATION,"Query omits city/state and rank-1 carries an address, but no same-name bare row ties it — acceptable when rank-1 is the best/only-named match (info only)."
7925317,Bank Art Fair Organizing Committee,,,info,NO_QUERY_GEO_RANK1_HAS_LOCATION;DUPLICATE_ROUNDED_SCORES_IN_TOP5,"Query omits city/state and rank-1 carries an address, but no same-name bare row ties it — acceptable when rank-1 is the best/only-named match (info only). Top-5 score ties are all the same entity (multi-office); expected, not a ranking defect (info only)."
7925318,Belden Singapore Pte Ltd,Singapore,,info,,No automated issues flagged; still spot-check for domain edge cases.
7925319,Best World Lifestyle Pte Ltd,Singapore,,info,,No automated issues flagged; still spot-check for domain edge cases.
7925320,Bing Corporation Limited,,,med,DUPLICATE_ROUNDED_SCORES_IN_TOP5,Two or more top-5 rows of DIFFERENT entities share the same score to 4 decimals; ordering looks arbitrary without exposed tie-breakers.
7925321,Care Community Services Society Singapor,,,info,DUPLICATE_ROUNDED_SCORES_IN_TOP5,"Top-5 score ties are all the same entity (multi-office); expected, not a ranking defect (info only)."
7925322,Embassy of the Republic of Zimbabwe,Jakarta,,info,,No automated issues flagged; still spot-check for domain edge cases.
7925323,ENGIE Supply and Energy Management,Singapore,,info,,No automated issues flagged; still spot-check for domain edge cases.
7925324,Enrich Metrics Pte Ltd,,,info,NO_QUERY_GEO_RANK1_HAS_LOCATION,"Query omits city/state and rank-1 carries an address, but no same-name bare row ties it — acceptable when rank-1 is the best/only-named match (info only)."
7925325,First Abu Dhabi Bank,Singapore,,info,,No automated issues flagged; still spot-check for domain edge cases.
7925326,Hansen,Gothenburg,,info,,No automated issues flagged; still spot-check for domain edge cases.
7925327,IDC Malaysia,Kuala Lumpur,,info,,No automated issues flagged; still spot-check for domain edge cases.
7925328,India Infrastructure Pvt. Limited,Delhi,,info,,No automated issues flagged; still spot-check for domain edge cases.
7925329,Leki Aviation Pte Ltd,,,med,DUPLICATE_ROUNDED_SCORES_IN_TOP5,Two or more top-5 rows of DIFFERENT entities share the same score to 4 decimals; ordering looks arbitrary without exposed tie-breakers.
7925330,Macquarie Asset Management,Singapore,,info,,No automated issues flagged; still spot-check for domain edge cases.
7925331,Netflix Services Korea Ltd,Seoul,,info,,No automated issues flagged; still spot-check for domain edge cases.
7925332,Noerr partnerschaftsgesellshaft mbB,Berlin,,info,,No automated issues flagged; still spot-check for domain edge cases.
7925333,NV5 International,Hong Kong,,info,DUPLICATE_ROUNDED_SCORES_IN_TOP5,"Top-5 score ties are all the same entity (multi-office); expected, not a ranking defect (info only)."
7925334,Pandora Concepts Pte Ltd,,,info,DUPLICATE_ROUNDED_SCORES_IN_TOP5,"Top-5 score ties are all the same entity (multi-office); expected, not a ranking defect (info only)."
7925335,Parkway Group Healthcare Pte Ltd,Singapore,,info,,No automated issues flagged; still spot-check for domain edge cases.
7925336,Pictet Asset Management (Singapore) Pte,Singapore,,info,,No automated issues flagged; still spot-check for domain edge cases.
7925337,PSI CRO,,,info,,No automated issues flagged; still spot-check for domain edge cases.
7925338,Quantedge,,,info,NO_QUERY_GEO_RANK1_HAS_LOCATION;DUPLICATE_ROUNDED_SCORES_IN_TOP5,"Query omits city/state and rank-1 carries an address, but no same-name bare row ties it — acceptable when rank-1 is the best/only-named match (info only). Top-5 score ties are all the same entity (multi-office); expected, not a ranking defect (info only)."
7925341,SGH Postgraduate Medical Institute,Singapore,,info,,No automated issues flagged; still spot-check for domain edge cases.
7925342,Singapore Green Building Council,Singapore,,info,,No automated issues flagged; still spot-check for domain edge cases.
7925343,SingHealth,Singapore,,info,,No automated issues flagged; still spot-check for domain edge cases.
7925344,Sinoppel Device Pte Ltd,Singapore,,info,,No automated issues flagged; still spot-check for domain edge cases.
7925345,Spireworks Pte Ltd,Singapore,,info,,No automated issues flagged; still spot-check for domain edge cases.
7925346,Stanfort Academy,,,info,DUPLICATE_ROUNDED_SCORES_IN_TOP5,"Top-5 score ties are all the same entity (multi-office); expected, not a ranking defect (info only)."
7925347,Tax Academy of Singapore,Singapore,,info,,No automated issues flagged; still spot-check for domain edge cases.
7925348,Tern Travel,Dover,DE,med,DUPLICATE_ROUNDED_SCORES_IN_TOP5,Two or more top-5 rows of DIFFERENT entities share the same score to 4 decimals; ordering looks arbitrary without exposed tie-breakers.
7925349,The Edge Singapore,Singapore,,info,,No automated issues flagged; still spot-check for domain edge cases.
7925350,Thirst Collective Ltd,,,info,DUPLICATE_ROUNDED_SCORES_IN_TOP5,"Top-5 score ties are all the same entity (multi-office); expected, not a ranking defect (info only)."
7925351,Trusted Services Pte Ltd,Singapore,,info,,No automated issues flagged; still spot-check for domain edge cases.
7925352,Waters Corporation,Rydalmere,NSW,info,,No automated issues flagged; still spot-check for domain edge cases.
7925353,Waters Corporation,South Hedland,WA,info,DUPLICATE_ROUNDED_SCORES_IN_TOP5,"Top-5 score ties are all the same entity (multi-office); expected, not a ranking defect (info only)."
7925380,Accuity,,,info,NO_QUERY_GEO_RANK1_HAS_LOCATION,"Query omits city/state and rank-1 carries an address, but no same-name bare row ties it — acceptable when rank-1 is the best/only-named match (info only)."
7925387,Board Leadership for Destinations LLC,Austin,TX,info,,No automated issues flagged; still spot-check for domain edge cases.
7925388,Channel Panel,,,info,NO_QUERY_GEO_RANK1_HAS_LOCATION,"Query omits city/state and rank-1 carries an address, but no same-name bare row ties it — acceptable when rank-1 is the best/only-named match (info only)."
7925389,Collectivus Holdings,,,info,NO_QUERY_GEO_RANK1_HAS_LOCATION;DUPLICATE_ROUNDED_SCORES_IN_TOP5,"Query omits city/state and rank-1 carries an address, but no same-name bare row ties it — acceptable when rank-1 is the best/only-named match (info only). Top-5 score ties are all the same entity (multi-office); expected, not a ranking defect (info only)."
7925391,Cumming Group,Tucson,AZ,info,DUPLICATE_ROUNDED_SCORES_IN_TOP5,"Top-5 score ties are all the same entity (multi-office); expected, not a ranking defect (info only)."
7925392,Fieldwire,San Francisco,CA,info,,No automated issues flagged; still spot-check for domain edge cases.
7925393,Grindr,Issaquah,WA,info,,No automated issues flagged; still spot-check for domain edge cases.
7925394,INSTITUTE FOR HEALTHCARE ADVANCEMENT,Gibsonia,PA,med,DUPLICATE_ROUNDED_SCORES_IN_TOP5,Two or more top-5 rows of DIFFERENT entities share the same score to 4 decimals; ordering looks arbitrary without exposed tie-breakers.
7925395,Internatonal Society of Caricature Artists,Riverside,CA,med,DUPLICATE_ROUNDED_SCORES_IN_TOP5,Two or more top-5 rows of DIFFERENT entities share the same score to 4 decimals; ordering looks arbitrary without exposed tie-breakers.
7925396,Me Plus Ultra,Jensen Beach,FL,info,,No automated issues flagged; still spot-check for domain edge cases.
7925397,MERGE,CHICAGO,IL,med,DUPLICATE_ROUNDED_SCORES_IN_TOP5,Two or more top-5 rows of DIFFERENT entities share the same score to 4 decimals; ordering looks arbitrary without exposed tie-breakers.
7925398,"Power Home Remodeling, LLC",Miami,FL,med,DUPLICATE_ROUNDED_SCORES_IN_TOP5,Two or more top-5 rows of DIFFERENT entities share the same score to 4 decimals; ordering looks arbitrary without exposed tie-breakers.
7925399,RBI Corporate Events,Escondido,CA,info,,No automated issues flagged; still spot-check for domain edge cases.
7925400,RBI Golf Tournaments,Carlsbad,CA,info,,No automated issues flagged; still spot-check for domain edge cases.
7925410,Slatt Capital,Birmingham,AL,med,DUPLICATE_ROUNDED_SCORES_IN_TOP5,Two or more top-5 rows of DIFFERENT entities share the same score to 4 decimals; ordering looks arbitrary without exposed tie-breakers.
7925411,SWING CLUB,Los Angeles,CA,info,,No automated issues flagged; still spot-check for domain edge cases.
7925412,The N2 Company,Chicago,IL,med,STRONG_SCORE_NON_EXACT_NAME;HYBRID_SEMANTIC_LED_AT_CEILING,Top-1 is a related but non-identical name (query_and_top1_names_related_non_equal) at 0.9715; rationale should justify suffix/token gaps. Hybrid (semantic-led) at a ceiling score with non-exact name overlap — defensibility risk for SMEs.
7925414,"Travere Therapeutics, Inc.",Naples,FL,med,DUPLICATE_ROUNDED_SCORES_IN_TOP5,Two or more top-5 rows of DIFFERENT entities share the same score to 4 decimals; ordering looks arbitrary without exposed tie-breakers.
7925415,Triumph Inc.,Radnor,PA,med,DUPLICATE_ROUNDED_SCORES_IN_TOP5,Two or more top-5 rows of DIFFERENT entities share the same score to 4 decimals; ordering looks arbitrary without exposed tie-breakers.
7925429,Women Business Leaders,Arlington,VA,med,STRONG_SCORE_NON_EXACT_NAME;HYBRID_SEMANTIC_LED_AT_CEILING,Top-1 is a related but non-identical name (query_and_top1_names_related_non_equal) at 0.9661; rationale should justify suffix/token gaps. Hybrid (semantic-led) at a ceiling score with non-exact name overlap — defensibility risk for SMEs.
7925430,Pfizer-Arizona,San Jose,San Jose,med,DUPLICATE_ROUNDED_SCORES_IN_TOP5,Two or more top-5 rows of DIFFERENT entities share the same score to 4 decimals; ordering looks arbitrary without exposed tie-breakers.
7925431,*Beulah Baptist Church,Ramseur,NC,med,DUPLICATE_ROUNDED_SCORES_IN_TOP5,Two or more top-5 rows of DIFFERENT entities share the same score to 4 decimals; ordering looks arbitrary without exposed tie-breakers.
7925432,114200 HPN - Delegate Assembly Mtg & Retreat - 2027,,,med,DUPLICATE_ROUNDED_SCORES_IN_TOP5,Two or more top-5 rows of DIFFERENT entities share the same score to 4 decimals; ordering looks arbitrary without exposed tie-breakers.
7925433,114446 HPN - May 2026 Meeting,,,med,DUPLICATE_ROUNDED_SCORES_IN_TOP5,Two or more top-5 rows of DIFFERENT entities share the same score to 4 decimals; ordering looks arbitrary without exposed tie-breakers.
7925434,AERC National Conference,Auburn,CA,info,DUPLICATE_ROUNDED_SCORES_IN_TOP5,"Top-5 score ties are all the same entity (multi-office); expected, not a ranking defect (info only)."
7925435,Alzheimer's Soceity of Santa Clara,Santa Clara,CA,info,,No automated issues flagged; still spot-check for domain edge cases.
7925436,Beverly Homes Gratitude,,,info,,No automated issues flagged; still spot-check for domain edge cases.
7925437,CATHEDRAL OF FAITH FAMILY PRAISE CENTER INTERNATIONAL,MILNER,GA,info,,No automated issues flagged; still spot-check for domain edge cases.
7925440,Good Feet Store,,,info,NO_QUERY_GEO_RANK1_HAS_LOCATION,"Query omits city/state and rank-1 carries an address, but no same-name bare row ties it — acceptable when rank-1 is the best/only-named match (info only)."
7925441,II MEF - Marine Expeditionary Force,,,info,NO_QUERY_GEO_RANK1_HAS_LOCATION;DUPLICATE_ROUNDED_SCORES_IN_TOP5,"Query omits city/state and rank-1 carries an address, but no same-name bare row ties it — acceptable when rank-1 is the best/only-named match (info only). Top-5 score ties are all the same entity (multi-office); expected, not a ranking defect (info only)."
7925442,Kingston MYRES - 2024,Conyers,GA,info,,No automated issues flagged; still spot-check for domain edge cases.
7925448,MYRBH Corporate-ROOMS-2019,Knoxville,TN,med,DUPLICATE_ROUNDED_SCORES_IN_TOP5,Two or more top-5 rows of DIFFERENT entities share the same score to 4 decimals; ordering looks arbitrary without exposed tie-breakers.
7925490,MYRKP Sports,Harrisburg,NC,info,DUPLICATE_ROUNDED_SCORES_IN_TOP5,"Top-5 score ties are all the same entity (multi-office); expected, not a ranking defect (info only)."
7925491,New Greater Deliverance Church,Marion,SC,info,,No automated issues flagged; still spot-check for domain edge cases.
7925492,New Greater Deliverance Church,Greensboro,NC,info,,No automated issues flagged; still spot-check for domain edge cases.
7925493,New Source Network,Graham,Tx,med,DUPLICATE_ROUNDED_SCORES_IN_TOP5,Two or more top-5 rows of DIFFERENT entities share the same score to 4 decimals; ordering looks arbitrary without exposed tie-breakers.
7925494,NPS Panels,,,info,NO_QUERY_GEO_RANK1_HAS_LOCATION;DUPLICATE_ROUNDED_SCORES_IN_TOP5,"Query omits city/state and rank-1 carries an address, but no same-name bare row ties it — acceptable when rank-1 is the best/only-named match (info only). Top-5 score ties are all the same entity (multi-office); expected, not a ranking defect (info only)."
7925495,NPS Panels,Greenville,SC,info,,No automated issues flagged; still spot-check for domain edge cases.
7925496,Prospect Community Church,Maxton,NC,med,DUPLICATE_ROUNDED_SCORES_IN_TOP5,Two or more top-5 rows of DIFFERENT entities share the same score to 4 decimals; ordering looks arbitrary without exposed tie-breakers.
7925497,Russell Freedom Fry,Surfside Beach,SC,med,STRONG_SCORE_NON_EXACT_NAME;DUPLICATE_ROUNDED_SCORES_IN_TOP5;HYBRID_SEMANTIC_LED_AT_CEILING,Top-1 is a related but non-identical name (query_and_top1_names_related_non_equal) at 0.9664; rationale should justify suffix/token gaps. Two or more top-5 rows of DIFFERENT entities share the same score to 4 decimals; ordering looks arbitrary without exposed tie-breakers. Hybrid (semantic-led) at a ceiling score with non-exact name overlap — defensibility risk for SMEs.
7925498,SC Corrections Association,Columbia,SC,info,,No automated issues flagged; still spot-check for domain edge cases.
7925499,Seacoast Concrete Cutting Inc,Wilmington,NC,med,DUPLICATE_ROUNDED_SCORES_IN_TOP5,Two or more top-5 rows of DIFFERENT entities share the same score to 4 decimals; ordering looks arbitrary without exposed tie-breakers.
7925500,Top Gun Sports,Indian Land,SC,med,DUPLICATE_ROUNDED_SCORES_IN_TOP5,Two or more top-5 rows of DIFFERENT entities share the same score to 4 decimals; ordering looks arbitrary without exposed tie-breakers.
7925501,Top Gun Sports,Mount Pleasant,NC,info,,No automated issues flagged; still spot-check for domain edge cases.
7925503,Unity Christian Church,Greenville,SC,med,STRONG_SCORE_NON_EXACT_NAME;HYBRID_SEMANTIC_LED_AT_CEILING,Top-1 is a related but non-identical name (token_subset_mismatch) at 0.9665; rationale should justify suffix/token gaps. Hybrid (semantic-led) at a ceiling score with non-exact name overlap — defensibility risk for SMEs.
7925504,VAST DATA,Plano,TX,info,,No automated issues flagged; still spot-check for domain edge cases.
7925505,Winn Companies LLC,Brentwood,TN,med,DUPLICATE_ROUNDED_SCORES_IN_TOP5,Two or more top-5 rows of DIFFERENT entities share the same score to 4 decimals; ordering looks arbitrary without exposed tie-breakers.
7925506,Asa Reign Event Management,Prattville,AL,med,DUPLICATE_ROUNDED_SCORES_IN_TOP5,Two or more top-5 rows of DIFFERENT entities share the same score to 4 decimals; ordering looks arbitrary without exposed tie-breakers.
7925507,Nous Travel,Los Angeles,CA,info,,No automated issues flagged; still spot-check for domain edge cases.
7925508,Talina's Travel agency,Splendora,TX,med,DUPLICATE_ROUNDED_SCORES_IN_TOP5,Two or more top-5 rows of DIFFERENT entities share the same score to 4 decimals; ordering looks arbitrary without exposed tie-breakers.
7925509,2026 North American Sales Meeting,Allentown,NJ,info,,No automated issues flagged; still spot-check for domain edge cases.
7925510,ACTA Football,Sacramento,CA,info,,No automated issues flagged; still spot-check for domain edge cases.
7925511,Altec Counsel Meeting,,,info,NO_QUERY_GEO_RANK1_HAS_LOCATION,"Query omits city/state and rank-1 carries an address, but no same-name bare row ties it — acceptable when rank-1 is the best/only-named match (info only)."
7925512,Alterra Mountain Co,,,info,,No automated issues flagged; still spot-check for domain edge cases.
7925513,America’s Auto Auction,,,info,NO_QUERY_GEO_RANK1_HAS_LOCATION,"Query omits city/state and rank-1 carries an address, but no same-name bare row ties it — acceptable when rank-1 is the best/only-named match (info only)."
7925514,Amvac Technology Leadership Meeting,Scottsdale,AZ,med,DUPLICATE_ROUNDED_SCORES_IN_TOP5,Two or more top-5 rows of DIFFERENT entities share the same score to 4 decimals; ordering looks arbitrary without exposed tie-breakers.
7925515,Arena AI,Brooklyn,NY,info,,No automated issues flagged; still spot-check for domain edge cases.
7925516,"ASSA Abloy Sales and Marketing, Inc.",Westminster,MD,med,DUPLICATE_ROUNDED_SCORES_IN_TOP5,Two or more top-5 rows of DIFFERENT entities share the same score to 4 decimals; ordering looks arbitrary without exposed tie-breakers.
7925517,"ASSA Abloy Sales and Marketing, Inc.",New Smyrna Beach,FL,info,,No automated issues flagged; still spot-check for domain edge cases.
7925518,"ASSA Abloy Sales and Marketing, Inc.",Glendale,AZ,med,DUPLICATE_ROUNDED_SCORES_IN_TOP5,Two or more top-5 rows of DIFFERENT entities share the same score to 4 decimals; ordering looks arbitrary without exposed tie-breakers.
7925519,Avoca,New York,NY,info,,No automated issues flagged; still spot-check for domain edge cases.
7925520,Basic Home Infusion,Wayne,NJ,med,DUPLICATE_ROUNDED_SCORES_IN_TOP5,Two or more top-5 rows of DIFFERENT entities share the same score to 4 decimals; ordering looks arbitrary without exposed tie-breakers.
7925521,Bellami Hair,,,info,NO_QUERY_GEO_RANK1_HAS_LOCATION;DUPLICATE_ROUNDED_SCORES_IN_TOP5,"Query omits city/state and rank-1 carries an address, but no same-name bare row ties it — acceptable when rank-1 is the best/only-named match (info only). Top-5 score ties are all the same entity (multi-office); expected, not a ranking defect (info only)."
7925522,Bennett Awards,Sacramento,CA,med,DUPLICATE_ROUNDED_SCORES_IN_TOP5,Two or more top-5 rows of DIFFERENT entities share the same score to 4 decimals; ordering looks arbitrary without exposed tie-breakers.
7925525,Beverage Alcohol Retailers Conference,,,info,DUPLICATE_ROUNDED_SCORES_IN_TOP5,"Top-5 score ties are all the same entity (multi-office); expected, not a ranking defect (info only)."
7925526,BMT CTN,Gainesville,FL,med,DUPLICATE_ROUNDED_SCORES_IN_TOP5,Two or more top-5 rows of DIFFERENT entities share the same score to 4 decimals; ordering looks arbitrary without exposed tie-breakers.
7925527,Bond Events Corporation,Godalming,UK,info,DUPLICATE_ROUNDED_SCORES_IN_TOP5,"Top-5 score ties are all the same entity (multi-office); expected, not a ranking defect (info only)."
7925528,Border Tire,San Jose,CA,info,,No automated issues flagged; still spot-check for domain edge cases.
7925530,Brainlab IGS West Regional Meeting,Chicago,IL,info,,No automated issues flagged; still spot-check for domain edge cases.
7925531,"Breckenridge Pharmaceutical, Inc.",,,info,NO_QUERY_GEO_RANK1_HAS_LOCATION;DUPLICATE_ROUNDED_SCORES_IN_TOP5,"Query omits city/state and rank-1 carries an address, but no same-name bare row ties it — acceptable when rank-1 is the best/only-named match (info only). Top-5 score ties are all the same entity (multi-office); expected, not a ranking defect (info only)."
7925532,Brentwood School,San Diego,CA,info,,No automated issues flagged; still spot-check for domain edge cases.
7925533,Brokers' Service Marketing Group,Providence,RI,info,,No automated issues flagged; still spot-check for domain edge cases.
7925534,Brothers Keeper Veteran's Foundation,Nashville,TN,med,DUPLICATE_ROUNDED_SCORES_IN_TOP5,Two or more top-5 rows of DIFFERENT entities share the same score to 4 decimals; ordering looks arbitrary without exposed tie-breakers.
7925535,California District Attorneys Association CDAA,,,info,NO_QUERY_GEO_RANK1_HAS_LOCATION,"Query omits city/state and rank-1 carries an address, but no same-name bare row ties it — acceptable when rank-1 is the best/only-named match (info only)."
7925536,California School Nurses Organization,Tempe,AZ,med,DUPLICATE_ROUNDED_SCORES_IN_TOP5,Two or more top-5 rows of DIFFERENT entities share the same score to 4 decimals; ordering looks arbitrary without exposed tie-breakers.
7925537,"Calix, Inc.",Denver,CO,info,,No automated issues flagged; still spot-check for domain edge cases.
7925538,Carlyle AlpInvest,New York,NY,info,,No automated issues flagged; still spot-check for domain edge cases.
7925539,CFMA Sacramento Chapter,West Sacramento,ca,info,,No automated issues flagged; still spot-check for domain edge cases.
7925540,CHCollective,Silver spring,MD,info,DUPLICATE_ROUNDED_SCORES_IN_TOP5,"Top-5 score ties are all the same entity (multi-office); expected, not a ranking defect (info only)."
7925541,"Circle Internet Contract Services, LLC",,,info,NO_QUERY_GEO_RANK1_HAS_LOCATION;DUPLICATE_ROUNDED_SCORES_IN_TOP5,"Query omits city/state and rank-1 carries an address, but no same-name bare row ties it — acceptable when rank-1 is the best/only-named match (info only). Top-5 score ties are all the same entity (multi-office); expected, not a ranking defect (info only)."
7925547,Coast To Coast Capital,,,med,DUPLICATE_ROUNDED_SCORES_IN_TOP5,Two or more top-5 rows of DIFFERENT entities share the same score to 4 decimals; ordering looks arbitrary without exposed tie-breakers.
7925548,Connexa,London,,info,,No automated issues flagged; still spot-check for domain edge cases.
7925549,Constellatin Brands,Linden,MI,info,,No automated issues flagged; still spot-check for domain edge cases.
7925550,"Corporate Encore Entertainment, LLC",Memphis,TN,med,DUPLICATE_ROUNDED_SCORES_IN_TOP5,Two or more top-5 rows of DIFFERENT entities share the same score to 4 decimals; ordering looks arbitrary without exposed tie-breakers.
7925551,Corteva Agriscienxe,Johnston,IA,info,,No automated issues flagged; still spot-check for domain edge cases.
7925552,CrewAI,Austin,TX,info,,No automated issues flagged; still spot-check for domain edge cases.
7925553,Cruise One/Dream Vacations,Folsom,CA,info,DUPLICATE_ROUNDED_SCORES_IN_TOP5,"Top-5 score ties are all the same entity (multi-office); expected, not a ranking defect (info only)."
7925554,CSGI,Englewood,CO,med,STRONG_SCORE_NON_EXACT_NAME;HYBRID_SEMANTIC_LED_AT_CEILING,Top-1 is a related but non-identical name (query_and_top1_names_related_non_equal) at 0.9651; rationale should justify suffix/token gaps. Hybrid (semantic-led) at a ceiling score with non-exact name overlap — defensibility risk for SMEs.
7925556,Deep Trekker,Kitchener,ON,med,DUPLICATE_ROUNDED_SCORES_IN_TOP5,Two or more top-5 rows of DIFFERENT entities share the same score to 4 decimals; ordering looks arbitrary without exposed tie-breakers.
7925557,Delaware Nurses Assocation,,,info,NO_QUERY_GEO_RANK1_HAS_LOCATION,"Query omits city/state and rank-1 carries an address, but no same-name bare row ties it — acceptable when rank-1 is the best/only-named match (info only)."
7925558,Destination Possible Travel,Lindale,TX,info,DUPLICATE_ROUNDED_SCORES_IN_TOP5,"Top-5 score ties are all the same entity (multi-office); expected, not a ranking defect (info only)."
7925559,Diabetes Research Connection,Del Mar,CA,med,DUPLICATE_ROUNDED_SCORES_IN_TOP5,Two or more top-5 rows of DIFFERENT entities share the same score to 4 decimals; ordering looks arbitrary without exposed tie-breakers.
7925560,Digital Realty New York,Palm Beach Gardens,FL,info,,No automated issues flagged; still spot-check for domain edge cases.
7925561,DiSanto Priest & Co/Bentley Wealth Advisors,,,info,NO_QUERY_GEO_RANK1_HAS_LOCATION;DUPLICATE_ROUNDED_SCORES_IN_TOP5,"Query omits city/state and rank-1 carries an address, but no same-name bare row ties it — acceptable when rank-1 is the best/only-named match (info only). Top-5 score ties are all the same entity (multi-office); expected, not a ranking defect (info only)."
7925562,EARLS KITCHEN AND BAR,,,info,NO_QUERY_GEO_RANK1_HAS_LOCATION;DUPLICATE_ROUNDED_SCORES_IN_TOP5,"Query omits city/state and rank-1 carries an address, but no same-name bare row ties it — acceptable when rank-1 is the best/only-named match (info only). Top-5 score ties are all the same entity (multi-office); expected, not a ranking defect (info only)."
7925563,"Eastern Technologies, Inc.",,,info,NO_QUERY_GEO_RANK1_HAS_LOCATION;DUPLICATE_ROUNDED_SCORES_IN_TOP5,"Query omits city/state and rank-1 carries an address, but no same-name bare row ties it — acceptable when rank-1 is the best/only-named match (info only). Top-5 score ties are all the same entity (multi-office); expected, not a ranking defect (info only)."
7925564,Eclypsium,Portland,OR,info,,No automated issues flagged; still spot-check for domain edge cases.
7925565,EcoShield Pest Control,Canoga Park,CA,med,DUPLICATE_ROUNDED_SCORES_IN_TOP5,Two or more top-5 rows of DIFFERENT entities share the same score to 4 decimals; ordering looks arbitrary without exposed tie-breakers.
7925566,"Essence Consulting, Inc.",Hackensack,NJ,med,DUPLICATE_ROUNDED_SCORES_IN_TOP5,Two or more top-5 rows of DIFFERENT entities share the same score to 4 decimals; ordering looks arbitrary without exposed tie-breakers.
7925567,F.L.Putnam Investment Management Company,Boston,MA,med,DUPLICATE_ROUNDED_SCORES_IN_TOP5,Two or more top-5 rows of DIFFERENT entities share the same score to 4 decimals; ordering looks arbitrary without exposed tie-breakers.
7925568,"FBG Enterprises Opco, LLC.",,,info,NO_QUERY_GEO_RANK1_HAS_LOCATION;DUPLICATE_ROUNDED_SCORES_IN_TOP5,"Query omits city/state and rank-1 carries an address, but no same-name bare row ties it — acceptable when rank-1 is the best/only-named match (info only). Top-5 score ties are all the same entity (multi-office); expected, not a ranking defect (info only)."
7925569,Federato,Palo Alto,CA,med,DUPLICATE_ROUNDED_SCORES_IN_TOP5,Two or more top-5 rows of DIFFERENT entities share the same score to 4 decimals; ordering looks arbitrary without exposed tie-breakers.
7925570,Fieldwire by Hilti,San Francisco,CA,info,,No automated issues flagged; still spot-check for domain edge cases.
7925571,FinFit Life,Santa Clara,CA,med,STRONG_SCORE_NON_EXACT_NAME;HYBRID_SEMANTIC_LED_AT_CEILING,Top-1 is a related but non-identical name (query_and_top1_names_related_non_equal) at 0.9656; rationale should justify suffix/token gaps. Hybrid (semantic-led) at a ceiling score with non-exact name overlap — defensibility risk for SMEs.
7925572,First Episcopal District of the AME Church,,,info,NO_QUERY_GEO_RANK1_HAS_LOCATION,"Query omits city/state and rank-1 carries an address, but no same-name bare row ties it — acceptable when rank-1 is the best/only-named match (info only)."
7925573,First On Site,Mississauga,ON,info,,No automated issues flagged; still spot-check for domain edge cases.
7925574,FirstLight Home Care Regional Meeting,Cincinnati,OH,info,,No automated issues flagged; still spot-check for domain edge cases.
7925575,FrankCrum,Clearwater,FL,info,,No automated issues flagged; still spot-check for domain edge cases.
7925576,Fullbay,Cumming,GA,info,,No automated issues flagged; still spot-check for domain edge cases.
7925578,Global Financial Impact,,,info,NO_QUERY_GEO_RANK1_HAS_LOCATION;DUPLICATE_ROUNDED_SCORES_IN_TOP5,"Query omits city/state and rank-1 carries an address, but no same-name bare row ties it — acceptable when rank-1 is the best/only-named match (info only). Top-5 score ties are all the same entity (multi-office); expected, not a ranking defect (info only)."
7925579,Growth Energy,Washington,DC,info,,No automated issues flagged; still spot-check for domain edge cases.
7925580,GSP Retail,Newark,NJ,med,DUPLICATE_ROUNDED_SCORES_IN_TOP5,Two or more top-5 rows of DIFFERENT entities share the same score to 4 decimals; ordering looks arbitrary without exposed tie-breakers.
7925581,Hanna Interpreting Services,Spring Valley,CA,med,DUPLICATE_ROUNDED_SCORES_IN_TOP5,Two or more top-5 rows of DIFFERENT entities share the same score to 4 decimals; ordering looks arbitrary without exposed tie-breakers.
7925582,Hometown Heroes Inc,,NC,info,,No automated issues flagged; still spot-check for domain edge cases.
7925583,Hotel Engine,,Stanford CA 94305,info,DUPLICATE_ROUNDED_SCORES_IN_TOP5,"Top-5 score ties are all the same entity (multi-office); expected, not a ranking defect (info only)."
7925584,Hotel Engine - PRIMARY,,,info,NO_QUERY_GEO_RANK1_HAS_LOCATION,"Query omits city/state and rank-1 carries an address, but no same-name bare row ties it — acceptable when rank-1 is the best/only-named match (info only)."
7925585,Hotel Planner - MGVLT,Las Vegas,NV,info,,No automated issues flagged; still spot-check for domain edge cases.
7925586,ICE CASTLES,Saint Louis,MO,med,DUPLICATE_ROUNDED_SCORES_IN_TOP5,Two or more top-5 rows of DIFFERENT entities share the same score to 4 decimals; ordering looks arbitrary without exposed tie-breakers.
7925587,ICE-T (Immune Cell Effector Therapy) Conference,Fairway,KS,info,DUPLICATE_ROUNDED_SCORES_IN_TOP5,"Top-5 score ties are all the same entity (multi-office); expected, not a ranking defect (info only)."
7925588,Illume Events,Waco,TX,info,,No automated issues flagged; still spot-check for domain edge cases.
7925589,Institute of Scrap Recycling Industries d/b/a Recycled Materials Association,Washington,DC,med,STRONG_SCORE_NON_EXACT_NAME;HYBRID_SEMANTIC_LED_AT_CEILING,Top-1 is a related but non-identical name (heavy_token_overlap_non_equal) at 0.9667; rationale should justify suffix/token gaps. Hybrid (semantic-led) at a ceiling score with non-exact name overlap — defensibility risk for SMEs.
7925590,"int2 Solutions, LLC",,,info,,No automated issues flagged; still spot-check for domain edge cases.
7925591,Invited Clubs,Memphis,TN,med,DUPLICATE_ROUNDED_SCORES_IN_TOP5,Two or more top-5 rows of DIFFERENT entities share the same score to 4 decimals; ordering looks arbitrary without exposed tie-breakers.
7925592,IPD Hospitality,Atlanta,GA,info,,No automated issues flagged; still spot-check for domain edge cases.
7925593,Jackson & Blanc,,,info,NO_QUERY_GEO_RANK1_HAS_LOCATION;DUPLICATE_ROUNDED_SCORES_IN_TOP5,"Query omits city/state and rank-1 carries an address, but no same-name bare row ties it — acceptable when rank-1 is the best/only-named match (info only). Top-5 score ties are all the same entity (multi-office); expected, not a ranking defect (info only)."
7925594,Justworks,West Des Moines,IA,info,DUPLICATE_ROUNDED_SCORES_IN_TOP5,"Top-5 score ties are all the same entity (multi-office); expected, not a ranking defect (info only)."
7925595,Katie Brown Educational Program,Fall River,MA,info,,No automated issues flagged; still spot-check for domain edge cases.
7925596,Kevin Murphy,Charlotte,NC,med,DUPLICATE_ROUNDED_SCORES_IN_TOP5,Two or more top-5 rows of DIFFERENT entities share the same score to 4 decimals; ordering looks arbitrary without exposed tie-breakers.
7925597,Kiteworks,San Mateo,CA,info,,No automated issues flagged; still spot-check for domain edge cases.
7925598,Klaviyo,Chicago,IL,info,,No automated issues flagged; still spot-check for domain edge cases.
7925599,LHH Star Sales Event DVNFN33FTY6,,,info,NO_QUERY_GEO_RANK1_HAS_LOCATION,"Query omits city/state and rank-1 carries an address, but no same-name bare row ties it — acceptable when rank-1 is the best/only-named match (info only)."
7925600,Lightning AI,New York,NY,info,,No automated issues flagged; still spot-check for domain edge cases.
7925604,Lunamare Escapes,Temecula,CA,info,,No automated issues flagged; still spot-check for domain edge cases.
7925605,Luxe Events by Crystal,Brandywine,MD,med,DUPLICATE_ROUNDED_SCORES_IN_TOP5,Two or more top-5 rows of DIFFERENT entities share the same score to 4 decimals; ordering looks arbitrary without exposed tie-breakers.
7925606,Madison James Group,Chicago,IL,med,STRONG_SCORE_NON_EXACT_NAME;HYBRID_SEMANTIC_LED_AT_CEILING,Top-1 is a related but non-identical name (token_subset_mismatch) at 0.9664; rationale should justify suffix/token gaps. Hybrid (semantic-led) at a ceiling score with non-exact name overlap — defensibility risk for SMEs.
7925607,Main Street Automotive,Covington,LA,med,DUPLICATE_ROUNDED_SCORES_IN_TOP5,Two or more top-5 rows of DIFFERENT entities share the same score to 4 decimals; ordering looks arbitrary without exposed tie-breakers.
7925608,Margaritaville Hotel Nashville,Washington,DC,info,,No automated issues flagged; still spot-check for domain edge cases.
7925609,Masonic Grand Lodge AF&AM,,,info,DUPLICATE_ROUNDED_SCORES_IN_TOP5,"Top-5 score ties are all the same entity (multi-office); expected, not a ranking defect (info only)."
7925610,McCarthy Holdings,Des Peres,MO,info,,No automated issues flagged; still spot-check for domain edge cases.
7925611,McLamore Family Foundation,Dallas,TX,info,,No automated issues flagged; still spot-check for domain edge cases.
7925612,Midweek Church,El Cajon,CA,med,DUPLICATE_ROUNDED_SCORES_IN_TOP5,Two or more top-5 rows of DIFFERENT entities share the same score to 4 decimals; ordering looks arbitrary without exposed tie-breakers.
7925613,"MNTN, Inc.",,,info,,No automated issues flagged; still spot-check for domain edge cases.
7925614,MyEmployees,Raleigh,NC,info,,No automated issues flagged; still spot-check for domain edge cases.
7925615,naturaLED,Ontario,CA,info,,No automated issues flagged; still spot-check for domain edge cases.
7925616,Neoss,Westborough,MA,info,,No automated issues flagged; still spot-check for domain edge cases.
7925617,Nooks,,,med,NO_QUERY_GEO_RANK1_HAS_LOCATION;DUPLICATE_ROUNDED_SCORES_IN_TOP5,"Query omits city/state and rank-1 carries an address, but no same-name bare row ties it — acceptable when rank-1 is the best/only-named match (info only). Two or more top-5 rows of DIFFERENT entities share the same score to 4 decimals; ordering looks arbitrary without exposed tie-breakers."
7925618,North American Die Cast Assoc. (NADCA),,,info,NO_QUERY_GEO_RANK1_HAS_LOCATION;DUPLICATE_ROUNDED_SCORES_IN_TOP5,"Query omits city/state and rank-1 carries an address, but no same-name bare row ties it — acceptable when rank-1 is the best/only-named match (info only). Top-5 score ties are all the same entity (multi-office); expected, not a ranking defect (info only)."
7925619,Northeast Bat Working Group,,,info,NO_QUERY_GEO_RANK1_HAS_LOCATION,"Query omits city/state and rank-1 carries an address, but no same-name bare row ties it — acceptable when rank-1 is the best/only-named match (info only)."
7925620,"NorthStar Insurance Services, Incorporated",Appleton,WI,med,DUPLICATE_ROUNDED_SCORES_IN_TOP5,Two or more top-5 rows of DIFFERENT entities share the same score to 4 decimals; ordering looks arbitrary without exposed tie-breakers.
7925621,Novus Architects,Mount Pleasant,SC,med,DUPLICATE_ROUNDED_SCORES_IN_TOP5,Two or more top-5 rows of DIFFERENT entities share the same score to 4 decimals; ordering looks arbitrary without exposed tie-breakers.
7925622,NWN,Exeter,RI,med,DUPLICATE_ROUNDED_SCORES_IN_TOP5,Two or more top-5 rows of DIFFERENT entities share the same score to 4 decimals; ordering looks arbitrary without exposed tie-breakers.
7925623,Oakview Group,Stateline,NV,med,DUPLICATE_ROUNDED_SCORES_IN_TOP5,Two or more top-5 rows of DIFFERENT entities share the same score to 4 decimals; ordering looks arbitrary without exposed tie-breakers.
7925629,OGT,Kidlington,Oxfordshire,info,,No automated issues flagged; still spot-check for domain edge cases.
7925630,"OMNIA Partners, LLC.",,,info,,No automated issues flagged; still spot-check for domain edge cases.
7925635,One Project,Palo Alto,CA,med,DUPLICATE_ROUNDED_SCORES_IN_TOP5,Two or more top-5 rows of DIFFERENT entities share the same score to 4 decimals; ordering looks arbitrary without exposed tie-breakers.
7925636,OneBeat Dance Brands,Ocean Township,NJ,med,DUPLICATE_ROUNDED_SCORES_IN_TOP5,Two or more top-5 rows of DIFFERENT entities share the same score to 4 decimals; ordering looks arbitrary without exposed tie-breakers.
7925637,OneMain Financial Inc.,Evnasville,IN,info,,No automated issues flagged; still spot-check for domain edge cases.
7925638,OpenSciEd,New York,NY,info,,No automated issues flagged; still spot-check for domain edge cases.
7925639,OPTONY INC,,,info,NO_QUERY_GEO_RANK1_HAS_LOCATION,"Query omits city/state and rank-1 carries an address, but no same-name bare row ties it — acceptable when rank-1 is the best/only-named match (info only)."
7925640,Orion180 Insurance,Melbourne,FL,med,DUPLICATE_ROUNDED_SCORES_IN_TOP5,Two or more top-5 rows of DIFFERENT entities share the same score to 4 decimals; ordering looks arbitrary without exposed tie-breakers.
7925641,Ormat Technologies,,,info,NO_QUERY_GEO_RANK1_HAS_LOCATION;DUPLICATE_ROUNDED_SCORES_IN_TOP5,"Query omits city/state and rank-1 carries an address, but no same-name bare row ties it — acceptable when rank-1 is the best/only-named match (info only). Top-5 score ties are all the same entity (multi-office); expected, not a ranking defect (info only)."
7925642,Osaic 821903 Osaic 2026 Ovation Incentive Apr2026 VDN9HGJBQ69,Fenton,MO,info,,No automated issues flagged; still spot-check for domain edge cases.
7925643,Pacific College of Health and Science,San Diego,CA,info,,No automated issues flagged; still spot-check for domain edge cases.
7925644,Pacific Health Group,,,med,NO_QUERY_GEO_RANK1_HAS_LOCATION;DUPLICATE_ROUNDED_SCORES_IN_TOP5,"Query omits city/state and rank-1 carries an address, but no same-name bare row ties it — acceptable when rank-1 is the best/only-named match (info only). Two or more top-5 rows of DIFFERENT entities share the same score to 4 decimals; ordering looks arbitrary without exposed tie-breakers."
7925651,Parker Hannifan O Ring Divison,Cleveland,OH,info,,No automated issues flagged; still spot-check for domain edge cases.
7925652,Pathward,Cookeville,TN,med,DUPLICATE_ROUNDED_SCORES_IN_TOP5,Two or more top-5 rows of DIFFERENT entities share the same score to 4 decimals; ordering looks arbitrary without exposed tie-breakers.
7925657,PC Housing,San Diego,CA,med,STRONG_SCORE_NON_EXACT_NAME;HYBRID_SEMANTIC_LED_AT_CEILING,Top-1 is a related but non-identical name (query_and_top1_names_related_non_equal) at 0.9729; rationale should justify suffix/token gaps. Hybrid (semantic-led) at a ceiling score with non-exact name overlap — defensibility risk for SMEs.
7925658,PECG - Professional Engineers in CA Govt.,Sacramento,CA,info,,No automated issues flagged; still spot-check for domain edge cases.
7925659,Pellera Technologies,Lincoln,RI,med,DUPLICATE_ROUNDED_SCORES_IN_TOP5,Two or more top-5 rows of DIFFERENT entities share the same score to 4 decimals; ordering looks arbitrary without exposed tie-breakers.
7925660,Platinum Weddings LLC,Delray Beach,FL,info,,No automated issues flagged; still spot-check for domain edge cases.
7925661,Power Services Group,Melrose Park,IL,med,STRONG_SCORE_NON_EXACT_NAME;DUPLICATE_ROUNDED_SCORES_IN_TOP5;HYBRID_SEMANTIC_LED_AT_CEILING,Top-1 is a related but non-identical name (token_subset_mismatch) at 0.9663; rationale should justify suffix/token gaps. Two or more top-5 rows of DIFFERENT entities share the same score to 4 decimals; ordering looks arbitrary without exposed tie-breakers. Hybrid (semantic-led) at a ceiling score with non-exact name overlap — defensibility risk for SMEs.
7925667,Production Group CB XCNC3NBWZGK,,,info,NO_QUERY_GEO_RANK1_HAS_LOCATION;DUPLICATE_ROUNDED_SCORES_IN_TOP5,"Query omits city/state and rank-1 carries an address, but no same-name bare row ties it — acceptable when rank-1 is the best/only-named match (info only). Top-5 score ties are all the same entity (multi-office); expected, not a ranking defect (info only)."
7925668,Professional Networks,,,info,NO_QUERY_GEO_RANK1_HAS_LOCATION,"Query omits city/state and rank-1 carries an address, but no same-name bare row ties it — acceptable when rank-1 is the best/only-named match (info only)."
7925669,RDG Designs,Des Moines,IA,info,DUPLICATE_ROUNDED_SCORES_IN_TOP5,"Top-5 score ties are all the same entity (multi-office); expected, not a ranking defect (info only)."
7925670,"Redpanda Data, Inc.",SAN FRANCISCO,CA,info,,No automated issues flagged; still spot-check for domain edge cases.
7925674,"Scopely, Inc.",,,info,NO_QUERY_GEO_RANK1_HAS_LOCATION;DUPLICATE_ROUNDED_SCORES_IN_TOP5,"Query omits city/state and rank-1 carries an address, but no same-name bare row ties it — acceptable when rank-1 is the best/only-named match (info only). Top-5 score ties are all the same entity (multi-office); expected, not a ranking defect (info only)."
7925675,See Agency and Agent,Denver,CO,info,,No automated issues flagged; still spot-check for domain edge cases.
7925676,Segway Navimow,Mountain View,CA,med,DUPLICATE_ROUNDED_SCORES_IN_TOP5,Two or more top-5 rows of DIFFERENT entities share the same score to 4 decimals; ordering looks arbitrary without exposed tie-breakers.
7925677,Selector AI,Dallas,TX,med,DUPLICATE_ROUNDED_SCORES_IN_TOP5,Two or more top-5 rows of DIFFERENT entities share the same score to 4 decimals; ordering looks arbitrary without exposed tie-breakers.
7925678,Service Experts,Charlotte,NC,info,,No automated issues flagged; still spot-check for domain edge cases.
7925679,SESI Schools,Newington,CT,med,DUPLICATE_ROUNDED_SCORES_IN_TOP5,Two or more top-5 rows of DIFFERENT entities share the same score to 4 decimals; ordering looks arbitrary without exposed tie-breakers.
7925680,Shasta Dental Services,Lehi,UT,med,DUPLICATE_ROUNDED_SCORES_IN_TOP5,Two or more top-5 rows of DIFFERENT entities share the same score to 4 decimals; ordering looks arbitrary without exposed tie-breakers.
7925681,Siena Lending Group,,,info,NO_QUERY_GEO_RANK1_HAS_LOCATION;DUPLICATE_ROUNDED_SCORES_IN_TOP5,"Query omits city/state and rank-1 carries an address, but no same-name bare row ties it — acceptable when rank-1 is the best/only-named match (info only). Top-5 score ties are all the same entity (multi-office); expected, not a ranking defect (info only)."
7925682,Smartling,Philadelphia,PA,info,,No automated issues flagged; still spot-check for domain edge cases.
7925693,Society for the Study of Psychiatry and Culture (SSPC),,,info,DUPLICATE_ROUNDED_SCORES_IN_TOP5,"Top-5 score ties are all the same entity (multi-office); expected, not a ranking defect (info only)."
7925694,Sojourn Adventures,Johns Creek,GA,info,,No automated issues flagged; still spot-check for domain edge cases.
7925695,Southern Sleep Society 2016,Oldsmar,FL,med,DUPLICATE_ROUNDED_SCORES_IN_TOP5,Two or more top-5 rows of DIFFERENT entities share the same score to 4 decimals; ordering looks arbitrary without exposed tie-breakers.
7925696,Southwestern Finance Association,,,med,NO_QUERY_GEO_RANK1_HAS_LOCATION;DUPLICATE_ROUNDED_SCORES_IN_TOP5,"Query omits city/state and rank-1 carries an address, but no same-name bare row ties it — acceptable when rank-1 is the best/only-named match (info only). Two or more top-5 rows of DIFFERENT entities share the same score to 4 decimals; ordering looks arbitrary without exposed tie-breakers."
7925697,Spellers Freedom Foundation,Oceanside,CA,info,,No automated issues flagged; still spot-check for domain edge cases.
7925698,Spina Bifida Clinic at Monroe Carell Jr. Children's Hospital at Vanderbilt,Nashville,TN,info,,No automated issues flagged; still spot-check for domain edge cases.
7925699,STEPR,,,info,,No automated issues flagged; still spot-check for domain edge cases.
7925711,Talkdesk,San Carlos,CA,info,DUPLICATE_ROUNDED_SCORES_IN_TOP5,"Top-5 score ties are all the same entity (multi-office); expected, not a ranking defect (info only)."
7925712,Talos,,,info,NO_QUERY_GEO_RANK1_HAS_LOCATION;DUPLICATE_ROUNDED_SCORES_IN_TOP5,"Query omits city/state and rank-1 carries an address, but no same-name bare row ties it — acceptable when rank-1 is the best/only-named match (info only). Top-5 score ties are all the same entity (multi-office); expected, not a ranking defect (info only)."
7925713,"TaskUs Holdings, Inc.",New Braunfels,TX,info,DUPLICATE_ROUNDED_SCORES_IN_TOP5,"Top-5 score ties are all the same entity (multi-office); expected, not a ranking defect (info only)."
7925714,Taylor Law,Charleston,SC,med,DUPLICATE_ROUNDED_SCORES_IN_TOP5,Two or more top-5 rows of DIFFERENT entities share the same score to 4 decimals; ordering looks arbitrary without exposed tie-breakers.
7925715,Team Offsite,Elk Grove,CA,info,,No automated issues flagged; still spot-check for domain edge cases.
7925716,Texas Capital,Richardson,TX,info,,No automated issues flagged; still spot-check for domain edge cases.
7925717,TGL Golf Holding LLC,San Francisco,CA,info,,No automated issues flagged; still spot-check for domain edge cases.
7925718,The Clark Legacy Music Group,Madeira Beach,FL,info,,No automated issues flagged; still spot-check for domain edge cases.
7925719,The Doula Darcy,,,info,DUPLICATE_ROUNDED_SCORES_IN_TOP5,"Top-5 score ties are all the same entity (multi-office); expected, not a ranking defect (info only)."
7925720,The Gilded Birds,Boston,MA,med,DUPLICATE_ROUNDED_SCORES_IN_TOP5,Two or more top-5 rows of DIFFERENT entities share the same score to 4 decimals; ordering looks arbitrary without exposed tie-breakers.
7925721,The Oceantic Network,Towson,MD,info,DUPLICATE_ROUNDED_SCORES_IN_TOP5,"Top-5 score ties are all the same entity (multi-office); expected, not a ranking defect (info only)."
7925722,The United Association of Journeymen and Apprentices of the Plumbing and Pipe Fitting Industry of the United States and Canada,,,info,DUPLICATE_ROUNDED_SCORES_IN_TOP5,"Top-5 score ties are all the same entity (multi-office); expected, not a ranking defect (info only)."
7925723,The Winsor School,,,info,NO_QUERY_GEO_RANK1_HAS_LOCATION;DUPLICATE_ROUNDED_SCORES_IN_TOP5,"Query omits city/state and rank-1 carries an address, but no same-name bare row ties it — acceptable when rank-1 is the best/only-named match (info only). Top-5 score ties are all the same entity (multi-office); expected, not a ranking defect (info only)."
7925724,Tidal Grow Agriscience,,,info,NO_QUERY_GEO_RANK1_HAS_LOCATION;DUPLICATE_ROUNDED_SCORES_IN_TOP5,"Query omits city/state and rank-1 carries an address, but no same-name bare row ties it — acceptable when rank-1 is the best/only-named match (info only). Top-5 score ties are all the same entity (multi-office); expected, not a ranking defect (info only)."
7925725,Tonies US,Fort Wayne,IN,med,DUPLICATE_ROUNDED_SCORES_IN_TOP5,Two or more top-5 rows of DIFFERENT entities share the same score to 4 decimals; ordering looks arbitrary without exposed tie-breakers.
7925726,Towie Travel,Rumson,NJ,info,,No automated issues flagged; still spot-check for domain edge cases.
7925727,TRANSTEX LLC,Indianapolis,IN,info,,No automated issues flagged; still spot-check for domain edge cases.
7925728,Travel Journey KC,Atlanta,GA,info,,No automated issues flagged; still spot-check for domain edge cases.
7925729,University of California at San Diego All Campus,Carlsbad,CA,info,,No automated issues flagged; still spot-check for domain edge cases.
7925730,Veterinary Studay Groups Incorporated HQ,Duluth,GA,info,,No automated issues flagged; still spot-check for domain edge cases.
7925731,VISTA Marketing Partners LLC,Indialantic,FL,med,DUPLICATE_ROUNDED_SCORES_IN_TOP5,Two or more top-5 rows of DIFFERENT entities share the same score to 4 decimals; ordering looks arbitrary without exposed tie-breakers.
7925732,Waste Connections HQ,Fenton,MO,med,DUPLICATE_ROUNDED_SCORES_IN_TOP5,Two or more top-5 rows of DIFFERENT entities share the same score to 4 decimals; ordering looks arbitrary without exposed tie-breakers.
7925733,"Waterton Residential, LLC",,,info,,No automated issues flagged; still spot-check for domain edge cases.
7925734,We Offsite,Confidential for now,,med,DUPLICATE_ROUNDED_SCORES_IN_TOP5,Two or more top-5 rows of DIFFERENT entities share the same score to 4 decimals; ordering looks arbitrary without exposed tie-breakers.
7925735,Webconnex,Sacramento,CA,info,,No automated issues flagged; still spot-check for domain edge cases.
7925759,Women’s Business Development Council,,,info,NO_QUERY_GEO_RANK1_HAS_LOCATION;DUPLICATE_ROUNDED_SCORES_IN_TOP5,"Query omits city/state and rank-1 carries an address, but no same-name bare row ties it — acceptable when rank-1 is the best/only-named match (info only). Top-5 score ties are all the same entity (multi-office); expected, not a ranking defect (info only)."
7925760,"Xylem, Inc.",Middletown,CT,info,DUPLICATE_ROUNDED_SCORES_IN_TOP5,"Top-5 score ties are all the same entity (multi-office); expected, not a ranking defect (info only)."
7925761,Young Professionals Network,Merced,,info,DUPLICATE_ROUNDED_SCORES_IN_TOP5,"Top-5 score ties are all the same entity (multi-office); expected, not a ranking defect (info only)."
7925762,Adelante Partners Inc.,Pasadena,CA,med,DUPLICATE_ROUNDED_SCORES_IN_TOP5,Two or more top-5 rows of DIFFERENT entities share the same score to 4 decimals; ordering looks arbitrary without exposed tie-breakers.
7925763,Corinthian Events,Newport,RI,info,DUPLICATE_ROUNDED_SCORES_IN_TOP5,"Top-5 score ties are all the same entity (multi-office); expected, not a ranking defect (info only)."
7925764,CTM Global,Annapolis,MD,med,DUPLICATE_ROUNDED_SCORES_IN_TOP5,Two or more top-5 rows of DIFFERENT entities share the same score to 4 decimals; ordering looks arbitrary without exposed tie-breakers.
7925765,Envoyage Group,,,info,NO_QUERY_GEO_RANK1_HAS_LOCATION;DUPLICATE_ROUNDED_SCORES_IN_TOP5,"Query omits city/state and rank-1 carries an address, but no same-name bare row ties it — acceptable when rank-1 is the best/only-named match (info only). Top-5 score ties are all the same entity (multi-office); expected, not a ranking defect (info only)."
7925766,Global Site Select,,,info,NO_QUERY_GEO_RANK1_HAS_LOCATION;DUPLICATE_ROUNDED_SCORES_IN_TOP5,"Query omits city/state and rank-1 carries an address, but no same-name bare row ties it — acceptable when rank-1 is the best/only-named match (info only). Top-5 score ties are all the same entity (multi-office); expected, not a ranking defect (info only)."
7925767,Hop Skip Inc.,Chicago,IL,info,,No automated issues flagged; still spot-check for domain edge cases.
7925768,Institute of Scrap Recycling Industries d/b/a Recycled Materials Association,Galveston,TX,info,,No automated issues flagged; still spot-check for domain edge cases.
7925769,"KE Events, LLC",,,med,DUPLICATE_ROUNDED_SCORES_IN_TOP5,Two or more top-5 rows of DIFFERENT entities share the same score to 4 decimals; ordering looks arbitrary without exposed tie-breakers.
7925770,Maritz Global Travel - PRIMARY,Nashville,TN,info,,No automated issues flagged; still spot-check for domain edge cases.
7925771,"Meeting Sources, Inc.",Phoenix,AZ,med,STRONG_SCORE_NON_EXACT_NAME;HYBRID_SEMANTIC_LED_AT_CEILING,Top-1 is a related but non-identical name (query_and_top1_names_related_non_equal) at 0.9650; rationale should justify suffix/token gaps. Hybrid (semantic-led) at a ceiling score with non-exact name overlap — defensibility risk for SMEs.
7925772,Moxi Events,Belton,MO,info,,No automated issues flagged; still spot-check for domain edge cases.
7925773,Plans in Paradise,,,info,NO_QUERY_GEO_RANK1_HAS_LOCATION;DUPLICATE_ROUNDED_SCORES_IN_TOP5,"Query omits city/state and rank-1 carries an address, but no same-name bare row ties it — acceptable when rank-1 is the best/only-named match (info only). Top-5 score ties are all the same entity (multi-office); expected, not a ranking defect (info only)."
7925774,Proof Experiences Inc.,,,info,NO_QUERY_GEO_RANK1_HAS_LOCATION;DUPLICATE_ROUNDED_SCORES_IN_TOP5,"Query omits city/state and rank-1 carries an address, but no same-name bare row ties it — acceptable when rank-1 is the best/only-named match (info only). Top-5 score ties are all the same entity (multi-office); expected, not a ranking defect (info only)."
7925775,Saint Vincent de Paul School,Nashville,TN,med,DUPLICATE_ROUNDED_SCORES_IN_TOP5,Two or more top-5 rows of DIFFERENT entities share the same score to 4 decimals; ordering looks arbitrary without exposed tie-breakers.
7925776,Select Service,Salem,OR,med,DUPLICATE_ROUNDED_SCORES_IN_TOP5,Two or more top-5 rows of DIFFERENT entities share the same score to 4 decimals; ordering looks arbitrary without exposed tie-breakers.
7925777,T3 Sixty Event Group,Springhill,TN,med,DUPLICATE_ROUNDED_SCORES_IN_TOP5,Two or more top-5 rows of DIFFERENT entities share the same score to 4 decimals; ordering looks arbitrary without exposed tie-breakers.
7925778,Trinity Travel Ltd,,,info,,No automated issues flagged; still spot-check for domain edge cases.
7925779,FPA of South Florida,,,info,NO_QUERY_GEO_RANK1_HAS_LOCATION;DUPLICATE_ROUNDED_SCORES_IN_TOP5,"Query omits city/state and rank-1 carries an address, but no same-name bare row ties it — acceptable when rank-1 is the best/only-named match (info only). Top-5 score ties are all the same entity (multi-office); expected, not a ranking defect (info only)."
7925786,The Longest Night Midwinter Masque,Fort Lauderdale,FL,med,DUPLICATE_ROUNDED_SCORES_IN_TOP5,Two or more top-5 rows of DIFFERENT entities share the same score to 4 decimals; ordering looks arbitrary without exposed tie-breakers.
7925789,Dulles Region Sports,Addison,TX,info,,No automated issues flagged; still spot-check for domain edge cases.
7925797,Hotel Engine,Gaithersburg,MD,info,DUPLICATE_ROUNDED_SCORES_IN_TOP5,"Top-5 score ties are all the same entity (multi-office); expected, not a ranking defect (info only)."
7925798,McLamore-Clark Margaret,Brooklyn,NY,info,,No automated issues flagged; still spot-check for domain edge cases.
7925799,Jim Thorpe High School,,,info,NO_QUERY_GEO_RANK1_HAS_LOCATION,"Query omits city/state and rank-1 carries an address, but no same-name bare row ties it — acceptable when rank-1 is the best/only-named match (info only)."
7925800,Crown Commercial Services,Makati,,info,DUPLICATE_ROUNDED_SCORES_IN_TOP5,"Top-5 score ties are all the same entity (multi-office); expected, not a ranking defect (info only)."
7925801,Crown Commercial Services,London,,info,DUPLICATE_ROUNDED_SCORES_IN_TOP5,"Top-5 score ties are all the same entity (multi-office); expected, not a ranking defect (info only)."
7925802,HBC Event Services (Hi-Po) Bethesda Premier Cup Tournament 9u-12u  BOYS,Makati City,,info,DUPLICATE_ROUNDED_SCORES_IN_TOP5,"Top-5 score ties are all the same entity (multi-office); expected, not a ranking defect (info only)."
7925803,HBC Event Services Bethesda Premier Cup Tournament 9u-12u GIRLS,Makati City,,info,DUPLICATE_ROUNDED_SCORES_IN_TOP5,"Top-5 score ties are all the same entity (multi-office); expected, not a ranking defect (info only)."
7925804,Henry Linda,Silver Spring,MD-Maryland,info,,No automated issues flagged; still spot-check for domain edge cases.
7925805,DMV Coaches Association,Washington,DC,info,,No automated issues flagged; still spot-check for domain edge cases.
7925806,Fastbreak.ai,Makati,,info,,No automated issues flagged; still spot-check for domain edge cases.
7925807,25-0273b - SAI,,,info,,No automated issues flagged; still spot-check for domain edge cases.
7925808,Project Midwest @ Naptown Challenge,,,info,NO_QUERY_GEO_RANK1_HAS_LOCATION,"Query omits city/state and rank-1 carries an address, but no same-name bare row ties it — acceptable when rank-1 is the best/only-named match (info only)."
7925810,Montgomery County Government,Rockville,Md,info,,No automated issues flagged; still spot-check for domain edge cases.
7925811,MUB,,,info,DUPLICATE_ROUNDED_SCORES_IN_TOP5,"Top-5 score ties are all the same entity (multi-office); expected, not a ranking defect (info only)."
7925812,Armada AI,,,info,NO_QUERY_GEO_RANK1_HAS_LOCATION,"Query omits city/state and rank-1 carries an address, but no same-name bare row ties it — acceptable when rank-1 is the best/only-named match (info only)."
7925813,Cho Megan,,,info,,No automated issues flagged; still spot-check for domain edge cases.
7925814,Capital One USCC AX Quarterly Planning,,,info,NO_QUERY_GEO_RANK1_HAS_LOCATION;DUPLICATE_ROUNDED_SCORES_IN_TOP5,"Query omits city/state and rank-1 carries an address, but no same-name bare row ties it — acceptable when rank-1 is the best/only-named match (info only). Top-5 score ties are all the same entity (multi-office); expected, not a ranking defect (info only)."
7925815,University of Alaska Anchorage/Women's Gymnastics,,,info,NO_QUERY_GEO_RANK1_HAS_LOCATION;DUPLICATE_ROUNDED_SCORES_IN_TOP5,"Query omits city/state and rank-1 carries an address, but no same-name bare row ties it — acceptable when rank-1 is the best/only-named match (info only). Top-5 score ties are all the same entity (multi-office); expected, not a ranking defect (info only)."
7925816,OneWell,,,info,NO_QUERY_GEO_RANK1_HAS_LOCATION;DUPLICATE_ROUNDED_SCORES_IN_TOP5,"Query omits city/state and rank-1 carries an address, but no same-name bare row ties it — acceptable when rank-1 is the best/only-named match (info only). Top-5 score ties are all the same entity (multi-office); expected, not a ranking defect (info only)."
7925817,JTAT ATAP,,,info,NO_QUERY_GEO_RANK1_HAS_LOCATION;DUPLICATE_ROUNDED_SCORES_IN_TOP5,"Query omits city/state and rank-1 carries an address, but no same-name bare row ties it — acceptable when rank-1 is the best/only-named match (info only). Top-5 score ties are all the same entity (multi-office); expected, not a ranking defect (info only)."
7925819,Vidoori,,,info,NO_QUERY_GEO_RANK1_HAS_LOCATION;DUPLICATE_ROUNDED_SCORES_IN_TOP5,"Query omits city/state and rank-1 carries an address, but no same-name bare row ties it — acceptable when rank-1 is the best/only-named match (info only). Top-5 score ties are all the same entity (multi-office); expected, not a ranking defect (info only)."
7925820,Alarm.com Security Forum,,,info,NO_QUERY_GEO_RANK1_HAS_LOCATION,"Query omits city/state and rank-1 carries an address, but no same-name bare row ties it — acceptable when rank-1 is the best/only-named match (info only)."
7925821,Data Surge,,,info,NO_QUERY_GEO_RANK1_HAS_LOCATION;DUPLICATE_ROUNDED_SCORES_IN_TOP5,"Query omits city/state and rank-1 carries an address, but no same-name bare row ties it — acceptable when rank-1 is the best/only-named match (info only). Top-5 score ties are all the same entity (multi-office); expected, not a ranking defect (info only)."
7925822,Global Learning Opportunities,Phoenix,AZ,info,,No automated issues flagged; still spot-check for domain edge cases.
7925823,TSA via CLC/Corpay - Snow storm support - DULLES,Anderson,SC,info,DUPLICATE_ROUNDED_SCORES_IN_TOP5,"Top-5 score ties are all the same entity (multi-office); expected, not a ranking defect (info only)."
7925824,SPAN Parent Advocacy Network,Newark,NJ,info,,No automated issues flagged; still spot-check for domain edge cases.
7925825,SZNS Solutions,,,info,NO_QUERY_GEO_RANK1_HAS_LOCATION;DUPLICATE_ROUNDED_SCORES_IN_TOP5,"Query omits city/state and rank-1 carries an address, but no same-name bare row ties it — acceptable when rank-1 is the best/only-named match (info only). Top-5 score ties are all the same entity (multi-office); expected, not a ranking defect (info only)."
7925826,VytlOne,,,info,NO_QUERY_GEO_RANK1_HAS_LOCATION;DUPLICATE_ROUNDED_SCORES_IN_TOP5,"Query omits city/state and rank-1 carries an address, but no same-name bare row ties it — acceptable when rank-1 is the best/only-named match (info only). Top-5 score ties are all the same entity (multi-office); expected, not a ranking defect (info only)."
7925827,ETM Service Shanghai Limited,Shanghai,31-Shanghai,info,,No automated issues flagged; still spot-check for domain edge cases.
7925830,HMG Strategy,Fairfield,CT,info,,No automated issues flagged; still spot-check for domain edge cases.
7925831,FEDEX PREFERRED,Brooklyn,NY,med,DUPLICATE_ROUNDED_SCORES_IN_TOP5,Two or more top-5 rows of DIFFERENT entities share the same score to 4 decimals; ordering looks arbitrary without exposed tie-breakers.
7925832,Columbia Books & Information Services-Thompson Grants,Arlington,VA,info,,No automated issues flagged; still spot-check for domain edge cases.
7925833,MCI Client Leader Meeting - DC,,,info,NO_QUERY_GEO_RANK1_HAS_LOCATION,"Query omits city/state and rank-1 carries an address, but no same-name bare row ties it — acceptable when rank-1 is the best/only-named match (info only)."
7925834,Online Bookings - WASSL,Cary,NC,med,DUPLICATE_ROUNDED_SCORES_IN_TOP5,Two or more top-5 rows of DIFFERENT entities share the same score to 4 decimals; ordering looks arbitrary without exposed tie-breakers.
7925835,Online Bookings - WASSL,Purcellville,VA,med,DUPLICATE_ROUNDED_SCORES_IN_TOP5,Two or more top-5 rows of DIFFERENT entities share the same score to 4 decimals; ordering looks arbitrary without exposed tie-breakers.
7925836,Online Bookings - WASSL,Millsboro,DE,med,DUPLICATE_ROUNDED_SCORES_IN_TOP5,Two or more top-5 rows of DIFFERENT entities share the same score to 4 decimals; ordering looks arbitrary without exposed tie-breakers.
7925837,Online Bookings - WASSL,ARDEN,NC,med,DUPLICATE_ROUNDED_SCORES_IN_TOP5,Two or more top-5 rows of DIFFERENT entities share the same score to 4 decimals; ordering looks arbitrary without exposed tie-breakers.
7925838,Online Bookings - WASSL,Santa Ynez,CA,info,,No automated issues flagged; still spot-check for domain edge cases.
7925839,Online Bookings - WASSL,South Charleston,WV,med,DUPLICATE_ROUNDED_SCORES_IN_TOP5,Two or more top-5 rows of DIFFERENT entities share the same score to 4 decimals; ordering looks arbitrary without exposed tie-breakers.
7925840,Opus Regulatory,,,info,DUPLICATE_ROUNDED_SCORES_IN_TOP5,"Top-5 score ties are all the same entity (multi-office); expected, not a ranking defect (info only)."
7925841,RazorFlow,,,info,NO_QUERY_GEO_RANK1_HAS_LOCATION;DUPLICATE_ROUNDED_SCORES_IN_TOP5,"Query omits city/state and rank-1 carries an address, but no same-name bare row ties it — acceptable when rank-1 is the best/only-named match (info only). Top-5 score ties are all the same entity (multi-office); expected, not a ranking defect (info only)."
7925842,"NetImpact Strategies, Inc.",Herndon,VA,info,,No automated issues flagged; still spot-check for domain edge cases.
7925843,Texas High School,,,med,NO_QUERY_GEO_RANK1_HAS_LOCATION;DUPLICATE_ROUNDED_SCORES_IN_TOP5,"Query omits city/state and rank-1 carries an address, but no same-name bare row ties it — acceptable when rank-1 is the best/only-named match (info only). Two or more top-5 rows of DIFFERENT entities share the same score to 4 decimals; ordering looks arbitrary without exposed tie-breakers."
7925844,Mid-South Gifted Academy,Naucalpan,Estado de Mexico,med,DUPLICATE_ROUNDED_SCORES_IN_TOP5,Two or more top-5 rows of DIFFERENT entities share the same score to 4 decimals; ordering looks arbitrary without exposed tie-breakers.
7925845,Fonix Travel Agency,Odorheiu Secuiesc,HR,med,DUPLICATE_ROUNDED_SCORES_IN_TOP5,Two or more top-5 rows of DIFFERENT entities share the same score to 4 decimals; ordering looks arbitrary without exposed tie-breakers.
7925846,WPP Media,New York,NY,info,,No automated issues flagged; still spot-check for domain edge cases.
7925849,USTA Mid-Atlantic Foundation,,,info,,No automated issues flagged; still spot-check for domain edge cases.
7925850,JOVEO,,,info,NO_QUERY_GEO_RANK1_HAS_LOCATION;DUPLICATE_ROUNDED_SCORES_IN_TOP5,"Query omits city/state and rank-1 carries an address, but no same-name bare row ties it — acceptable when rank-1 is the best/only-named match (info only). Top-5 score ties are all the same entity (multi-office); expected, not a ranking defect (info only)."
7925851,Turnaround Consulting,Detroit,MI,med,DUPLICATE_ROUNDED_SCORES_IN_TOP5,Two or more top-5 rows of DIFFERENT entities share the same score to 4 decimals; ordering looks arbitrary without exposed tie-breakers.
7925854,Halcyon Watson LLC,,,info,NO_QUERY_GEO_RANK1_HAS_LOCATION;DUPLICATE_ROUNDED_SCORES_IN_TOP5,"Query omits city/state and rank-1 carries an address, but no same-name bare row ties it — acceptable when rank-1 is the best/only-named match (info only). Top-5 score ties are all the same entity (multi-office); expected, not a ranking defect (info only)."
7925855,CCR Sports,Makati,,info,DUPLICATE_ROUNDED_SCORES_IN_TOP5,"Top-5 score ties are all the same entity (multi-office); expected, not a ranking defect (info only)."
7925856,JRC Integrated Systems,Arlington,VA,info,,No automated issues flagged; still spot-check for domain edge cases.
7925857,Blue Ridge AV,Alexandria,VA,info,,No automated issues flagged; still spot-check for domain edge cases.
7925858,Asmar Schor McKenna,Washington,DC,med,STRONG_SCORE_NON_EXACT_NAME;HYBRID_SEMANTIC_LED_AT_CEILING,Top-1 is a related but non-identical name (query_and_top1_names_related_non_equal) at 0.9659; rationale should justify suffix/token gaps. Hybrid (semantic-led) at a ceiling score with non-exact name overlap — defensibility risk for SMEs.
7925859,"Mosquito Management, LLC",Richmond,VA,med,DUPLICATE_ROUNDED_SCORES_IN_TOP5,Two or more top-5 rows of DIFFERENT entities share the same score to 4 decimals; ordering looks arbitrary without exposed tie-breakers.
7925863,JOICY NAILS SPA,Ocala,FL,info,,No automated issues flagged; still spot-check for domain edge cases.
7925868,"Marie Moran & Company, LLC",Oceanside,CA,info,,No automated issues flagged; still spot-check for domain edge cases.
7925869,Integrated Professional Solutions,Richmond,VA,med,DUPLICATE_ROUNDED_SCORES_IN_TOP5,Two or more top-5 rows of DIFFERENT entities share the same score to 4 decimals; ordering looks arbitrary without exposed tie-breakers.
7925870,Loudoun United,Leesburg,VA,med,STRONG_SCORE_NON_EXACT_NAME;HYBRID_SEMANTIC_LED_AT_CEILING,Top-1 is a related but non-identical name (query_and_top1_names_related_non_equal) at 0.9733; rationale should justify suffix/token gaps. Hybrid (semantic-led) at a ceiling score with non-exact name overlap — defensibility risk for SMEs.
7925871,Loudoun United,Naucalpan,Estado de Mexico,med,STRONG_SCORE_NON_EXACT_NAME;DUPLICATE_ROUNDED_SCORES_IN_TOP5;HYBRID_SEMANTIC_LED_AT_CEILING,Top-1 is a related but non-identical name (query_and_top1_names_related_non_equal) at 0.9652; rationale should justify suffix/token gaps. Two or more top-5 rows of DIFFERENT entities share the same score to 4 decimals; ordering looks arbitrary without exposed tie-breakers. Hybrid (semantic-led) at a ceiling score with non-exact name overlap — defensibility risk for SMEs.
7925872,14U Junior Dawgs,Richmond,VA,med,DUPLICATE_ROUNDED_SCORES_IN_TOP5,Two or more top-5 rows of DIFFERENT entities share the same score to 4 decimals; ordering looks arbitrary without exposed tie-breakers.
7925874,Threshers Lacrosse,Baltimore,MD,info,,No automated issues flagged; still spot-check for domain edge cases.
7925875,"Traveling Teams, Inc.",Makati,,info,DUPLICATE_ROUNDED_SCORES_IN_TOP5,"Top-5 score ties are all the same entity (multi-office); expected, not a ranking defect (info only)."
7925876,Morven Park,Naucalpan,Estado de Mexico,info,,No automated issues flagged; still spot-check for domain edge cases.
7925877,Tough2gether Foundation,Wamego,KS,med,DUPLICATE_ROUNDED_SCORES_IN_TOP5,Two or more top-5 rows of DIFFERENT entities share the same score to 4 decimals; ordering looks arbitrary without exposed tie-breakers.
7925878,Marvin Doors and Windows,Bloomington,MN,med,DUPLICATE_ROUNDED_SCORES_IN_TOP5,Two or more top-5 rows of DIFFERENT entities share the same score to 4 decimals; ordering looks arbitrary without exposed tie-breakers.
7925879,The Great Estate Road Show,Toms River,NJ,med,DUPLICATE_ROUNDED_SCORES_IN_TOP5,Two or more top-5 rows of DIFFERENT entities share the same score to 4 decimals; ordering looks arbitrary without exposed tie-breakers.
7925880,Long Bridge Rail Project - Joint Venture,Pittsburgh,PA,info,,No automated issues flagged; still spot-check for domain edge cases.
7925881,"American Contracting & Environmental Services, Inc.",Baltimore,MD,info,DUPLICATE_ROUNDED_SCORES_IN_TOP5,"Top-5 score ties are all the same entity (multi-office); expected, not a ranking defect (info only)."
7925882,Partnership Entertainment,L Crescenta,CA,med,DUPLICATE_ROUNDED_SCORES_IN_TOP5,Two or more top-5 rows of DIFFERENT entities share the same score to 4 decimals; ordering looks arbitrary without exposed tie-breakers.
7925883,KabaFusion,Boca Raton,FL,med,DUPLICATE_ROUNDED_SCORES_IN_TOP5,Two or more top-5 rows of DIFFERENT entities share the same score to 4 decimals; ordering looks arbitrary without exposed tie-breakers.
7925884,Azerbaijani Women of America,,,info,NO_QUERY_GEO_RANK1_HAS_LOCATION,"Query omits city/state and rank-1 carries an address, but no same-name bare row ties it — acceptable when rank-1 is the best/only-named match (info only)."
7925887,The Apostolic Church International,Garrison,MD-Maryland,med,DUPLICATE_ROUNDED_SCORES_IN_TOP5,Two or more top-5 rows of DIFFERENT entities share the same score to 4 decimals; ordering looks arbitrary without exposed tie-breakers.
7925888,Visit Loudoun,New Orleans,LA,med,STRONG_SCORE_NON_EXACT_NAME;DUPLICATE_ROUNDED_SCORES_IN_TOP5;HYBRID_SEMANTIC_LED_AT_CEILING,Top-1 is a related but non-identical name (query_and_top1_names_related_non_equal) at 0.9656; rationale should justify suffix/token gaps. Two or more top-5 rows of DIFFERENT entities share the same score to 4 decimals; ordering looks arbitrary without exposed tie-breakers. Hybrid (semantic-led) at a ceiling score with non-exact name overlap — defensibility risk for SMEs.
7925889,Groups360,Elkridge,MD,info,DUPLICATE_ROUNDED_SCORES_IN_TOP5,"Top-5 score ties are all the same entity (multi-office); expected, not a ranking defect (info only)."
7925890,Groups360,Chicago,IL,info,,No automated issues flagged; still spot-check for domain edge cases.
7925891,Groups360,Irvine,CA,info,DUPLICATE_ROUNDED_SCORES_IN_TOP5,"Top-5 score ties are all the same entity (multi-office); expected, not a ranking defect (info only)."
7925892,Groups360,Montgomery Village,MD,info,DUPLICATE_ROUNDED_SCORES_IN_TOP5,"Top-5 score ties are all the same entity (multi-office); expected, not a ranking defect (info only)."
7925893,Groups360,Ocean City,MD,info,DUPLICATE_ROUNDED_SCORES_IN_TOP5,"Top-5 score ties are all the same entity (multi-office); expected, not a ranking defect (info only)."
7925894,Groups360,Reston,VA,info,DUPLICATE_ROUNDED_SCORES_IN_TOP5,"Top-5 score ties are all the same entity (multi-office); expected, not a ranking defect (info only)."
7925895,Groups360,Atlanta,GA,info,DUPLICATE_ROUNDED_SCORES_IN_TOP5,"Top-5 score ties are all the same entity (multi-office); expected, not a ranking defect (info only)."
7925896,Trump National Golf Club Washington DC LLC,Seattle,WA-Washington,info,,No automated issues flagged; still spot-check for domain edge cases.
7925897,Nothing Bundt Cakes,Herndon,VA,info,DUPLICATE_ROUNDED_SCORES_IN_TOP5,"Top-5 score ties are all the same entity (multi-office); expected, not a ranking defect (info only)."
7925898,WGL Energy,,,info,NO_QUERY_GEO_RANK1_HAS_LOCATION,"Query omits city/state and rank-1 carries an address, but no same-name bare row ties it — acceptable when rank-1 is the best/only-named match (info only)."
7925899,G2 Travel USA LTD,Tin Hau,,info,DUPLICATE_ROUNDED_SCORES_IN_TOP5,"Top-5 score ties are all the same entity (multi-office); expected, not a ranking defect (info only)."
7925900,T.White Parker,Reston,VA,med,DUPLICATE_ROUNDED_SCORES_IN_TOP5,Two or more top-5 rows of DIFFERENT entities share the same score to 4 decimals; ordering looks arbitrary without exposed tie-breakers.
7925901,Dulles Region Meetings,Winchester,VA,info,,No automated issues flagged; still spot-check for domain edge cases.
7925902,OHCAL Mid-Atlantic,Miami,FL,info,,No automated issues flagged; still spot-check for domain edge cases.
7925903,OHCAL Mid-Atlantic,Milford,CT,med,DUPLICATE_ROUNDED_SCORES_IN_TOP5,Two or more top-5 rows of DIFFERENT entities share the same score to 4 decimals; ordering looks arbitrary without exposed tie-breakers.
7925904,OHCAL Mid-Atlantic,Knoxville,TN,med,DUPLICATE_ROUNDED_SCORES_IN_TOP5,Two or more top-5 rows of DIFFERENT entities share the same score to 4 decimals; ordering looks arbitrary without exposed tie-breakers.
7925905,HBC Event Services (Hi-Po) Bethesda Premier Cup Tournament 9u-12u  BOYS,,,info,,No automated issues flagged; still spot-check for domain edge cases.
7925906,HBC Event Services Bethesda Premier Cup Tournament 9u-12u GIRLS,,,info,,No automated issues flagged; still spot-check for domain edge cases.
7925911,www.helmsbriscoe.com,Mill Creek,WA,info,DUPLICATE_ROUNDED_SCORES_IN_TOP5,"Top-5 score ties are all the same entity (multi-office); expected, not a ranking defect (info only)."
7925912,ICON Sales Incentive Trip 2022,,,med,DUPLICATE_ROUNDED_SCORES_IN_TOP5,Two or more top-5 rows of DIFFERENT entities share the same score to 4 decimals; ordering looks arbitrary without exposed tie-breakers.
7925913,President's Club 2019,,,med,DUPLICATE_ROUNDED_SCORES_IN_TOP5,Two or more top-5 rows of DIFFERENT entities share the same score to 4 decimals; ordering looks arbitrary without exposed tie-breakers.
7925914,Bluebird Leaders Retreat 2027,,,info,DUPLICATE_ROUNDED_SCORES_IN_TOP5,"Top-5 score ties are all the same entity (multi-office); expected, not a ranking defect (info only)."
7925915,Global Payments 2027 Presidents Club,,,info,DUPLICATE_ROUNDED_SCORES_IN_TOP5,"Top-5 score ties are all the same entity (multi-office); expected, not a ranking defect (info only)."
7925916,SompoRe,New York,NY,info,,No automated issues flagged; still spot-check for domain edge cases.
7925917,The Type-Writer & Truly Wonderful Events,Fort Lauderdale,FL,info,,No automated issues flagged; still spot-check for domain edge cases.
7925918,Bellami,,,info,NO_QUERY_GEO_RANK1_HAS_LOCATION;DUPLICATE_ROUNDED_SCORES_IN_TOP5,"Query omits city/state and rank-1 carries an address, but no same-name bare row ties it — acceptable when rank-1 is the best/only-named match (info only). Top-5 score ties are all the same entity (multi-office); expected, not a ranking defect (info only)."
7925919,SFK Tours,,,info,DUPLICATE_ROUNDED_SCORES_IN_TOP5,"Top-5 score ties are all the same entity (multi-office); expected, not a ranking defect (info only)."
7925920,Vet Voyagers,,WI,info,,No automated issues flagged; still spot-check for domain edge cases.
7925922,Prestige MJM FAM 2026,,,info,NO_QUERY_GEO_RANK1_HAS_LOCATION,"Query omits city/state and rank-1 carries an address, but no same-name bare row ties it — acceptable when rank-1 is the best/only-named match (info only)."
7925923,The Home for Little Wanderers,,,info,NO_QUERY_GEO_RANK1_HAS_LOCATION;DUPLICATE_ROUNDED_SCORES_IN_TOP5,"Query omits city/state and rank-1 carries an address, but no same-name bare row ties it — acceptable when rank-1 is the best/only-named match (info only). Top-5 score ties are all the same entity (multi-office); expected, not a ranking defect (info only)."
7925924,Bermuda Walls,,,info,DUPLICATE_ROUNDED_SCORES_IN_TOP5,"Top-5 score ties are all the same entity (multi-office); expected, not a ranking defect (info only)."
7925929,USSS RSA,,,info,NO_QUERY_GEO_RANK1_HAS_LOCATION;DUPLICATE_ROUNDED_SCORES_IN_TOP5,"Query omits city/state and rank-1 carries an address, but no same-name bare row ties it — acceptable when rank-1 is the best/only-named match (info only). Top-5 score ties are all the same entity (multi-office); expected, not a ranking defect (info only)."
7925930,"United States Artists, Chicago, June 202",,,info,DUPLICATE_ROUNDED_SCORES_IN_TOP5,"Top-5 score ties are all the same entity (multi-office); expected, not a ranking defect (info only)."
7925931,United Suicide Survivors International,,,info,NO_QUERY_GEO_RANK1_HAS_LOCATION,"Query omits city/state and rank-1 carries an address, but no same-name bare row ties it — acceptable when rank-1 is the best/only-named match (info only)."
7925932,National Coalition for Dialogue &,,,med,NO_QUERY_GEO_RANK1_HAS_LOCATION;DUPLICATE_ROUNDED_SCORES_IN_TOP5,"Query omits city/state and rank-1 carries an address, but no same-name bare row ties it — acceptable when rank-1 is the best/only-named match (info only). Two or more top-5 rows of DIFFERENT entities share the same score to 4 decimals; ordering looks arbitrary without exposed tie-breakers."
7925933,"National Assocation, Medical",,,info,NO_QUERY_GEO_RANK1_HAS_LOCATION;DUPLICATE_ROUNDED_SCORES_IN_TOP5,"Query omits city/state and rank-1 carries an address, but no same-name bare row ties it — acceptable when rank-1 is the best/only-named match (info only). Top-5 score ties are all the same entity (multi-office); expected, not a ranking defect (info only)."
7925934,National Affordable Housing,Alexandria,VA,med,STRONG_SCORE_NON_EXACT_NAME;HYBRID_SEMANTIC_LED_AT_CEILING,Top-1 is a related but non-identical name (query_and_top1_names_related_non_equal) at 0.9719; rationale should justify suffix/token gaps. Hybrid (semantic-led) at a ceiling score with non-exact name overlap — defensibility risk for SMEs.
7925935,COST Spring 2027 Meeting,,,info,,No automated issues flagged; still spot-check for domain edge cases.
7925936,Council of Counseling Psychology Trainin,,,info,NO_QUERY_GEO_RANK1_HAS_LOCATION,"Query omits city/state and rank-1 carries an address, but no same-name bare row ties it — acceptable when rank-1 is the best/only-named match (info only)."
7925937,CSC Annual Conference 2028,,,med,NO_QUERY_GEO_RANK1_HAS_LOCATION;DUPLICATE_ROUNDED_SCORES_IN_TOP5,"Query omits city/state and rank-1 carries an address, but no same-name bare row ties it — acceptable when rank-1 is the best/only-named match (info only). Two or more top-5 rows of DIFFERENT entities share the same score to 4 decimals; ordering looks arbitrary without exposed tie-breakers."
7925938,CURE Epilepsy Foundation,Chicago,IL,info,,No automated issues flagged; still spot-check for domain edge cases.
7925939,EPRI Steam Turbine Generator User Group,,,info,NO_QUERY_GEO_RANK1_HAS_LOCATION,"Query omits city/state and rank-1 carries an address, but no same-name bare row ties it — acceptable when rank-1 is the best/only-named match (info only)."
7925940,IIA IGNITE 2027,,,info,NO_QUERY_GEO_RANK1_HAS_LOCATION;DUPLICATE_ROUNDED_SCORES_IN_TOP5,"Query omits city/state and rank-1 carries an address, but no same-name bare row ties it — acceptable when rank-1 is the best/only-named match (info only). Top-5 score ties are all the same entity (multi-office); expected, not a ranking defect (info only)."
7925941,American Association of Residential,,,info,NO_QUERY_GEO_RANK1_HAS_LOCATION,"Query omits city/state and rank-1 carries an address, but no same-name bare row ties it — acceptable when rank-1 is the best/only-named match (info only)."
7925942,HOW Design Live 2019,,,info,,No automated issues flagged; still spot-check for domain edge cases.
7925943,2025 Quest Franchise Conference,,,med,DUPLICATE_ROUNDED_SCORES_IN_TOP5,Two or more top-5 rows of DIFFERENT entities share the same score to 4 decimals; ordering looks arbitrary without exposed tie-breakers.
7925944,The Texas Club of Internists 2024,,,med,DUPLICATE_ROUNDED_SCORES_IN_TOP5,Two or more top-5 rows of DIFFERENT entities share the same score to 4 decimals; ordering looks arbitrary without exposed tie-breakers.
7925945,2027 Fall Conference,,,info,NO_QUERY_GEO_RANK1_HAS_LOCATION,"Query omits city/state and rank-1 carries an address, but no same-name bare row ties it — acceptable when rank-1 is the best/only-named match (info only)."
7925946,2027 HBA Conference,,,info,NO_QUERY_GEO_RANK1_HAS_LOCATION,"Query omits city/state and rank-1 carries an address, but no same-name bare row ties it — acceptable when rank-1 is the best/only-named match (info only)."
7925947,2029 Marketing Sales & Service Summit &,,,info,,No automated issues flagged; still spot-check for domain edge cases.
7925948,AAID Feb Meeting,,,info,DUPLICATE_ROUNDED_SCORES_IN_TOP5,"Top-5 score ties are all the same entity (multi-office); expected, not a ranking defect (info only)."
7925949,Am. Chemical Society 2029 Spring Nation*,,,info,,No automated issues flagged; still spot-check for domain edge cases.
7925950,AMA 2028 Annual Conference,,,info,NO_QUERY_GEO_RANK1_HAS_LOCATION,"Query omits city/state and rank-1 carries an address, but no same-name bare row ties it — acceptable when rank-1 is the best/only-named match (info only)."
7925951,2026 Worldwide Sales Kick Off Meeting,,,info,,No automated issues flagged; still spot-check for domain edge cases.
7925952,AM&I Conference - September 2028,,,info,,No automated issues flagged; still spot-check for domain edge cases.
7925953,Acrisure Re,Toronto,ON,info,,No automated issues flagged; still spot-check for domain edge cases.
7925954,9 DSU,,,info,NO_QUERY_GEO_RANK1_HAS_LOCATION;DUPLICATE_ROUNDED_SCORES_IN_TOP5,"Query omits city/state and rank-1 carries an address, but no same-name bare row ties it — acceptable when rank-1 is the best/only-named match (info only). Top-5 score ties are all the same entity (multi-office); expected, not a ranking defect (info only)."
7925955,50 DSU,,,info,,No automated issues flagged; still spot-check for domain edge cases.
7925956,2026 PRO-Talk Live,,,info,,No automated issues flagged; still spot-check for domain edge cases.
7925958,BMO FINANCIAL GROUP GLOBAL MASTER,Toronto,ON,info,,No automated issues flagged; still spot-check for domain edge cases.
7925959,Chevrolet Elite Leaders 2026,,,info,,No automated issues flagged; still spot-check for domain edge cases.
7925960,CompRe Group,Manchester,Greater Manchester,med,DUPLICATE_ROUNDED_SCORES_IN_TOP5,Two or more top-5 rows of DIFFERENT entities share the same score to 4 decimals; ordering looks arbitrary without exposed tie-breakers.
7925961,Hotelplanner - Business Meeting,,,info,,No automated issues flagged; still spot-check for domain edge cases.
7925962,Howden Re,Stamford,CT,info,,No automated issues flagged; still spot-check for domain edge cases.
7925963,Cosmos Portugal 1N,,,info,NO_QUERY_GEO_RANK1_HAS_LOCATION,"Query omits city/state and rank-1 carries an address, but no same-name bare row ties it — acceptable when rank-1 is the best/only-named match (info only)."
7925964,Group Bookings,,,info,,No automated issues flagged; still spot-check for domain edge cases.
7925965,Financial Services Incentive Program,,,info,,No automated issues flagged; still spot-check for domain edge cases.
7925966,Expertise Limited,,,info,NO_QUERY_GEO_RANK1_HAS_LOCATION;DUPLICATE_ROUNDED_SCORES_IN_TOP5,"Query omits city/state and rank-1 carries an address, but no same-name bare row ties it — acceptable when rank-1 is the best/only-named match (info only). Top-5 score ties are all the same entity (multi-office); expected, not a ranking defect (info only)."
7925967,ContentCon AMER 2026,,,info,,No automated issues flagged; still spot-check for domain edge cases.
7925968,Mayo Clinic 2026 Genetics in Cardiology,,,info,DUPLICATE_ROUNDED_SCORES_IN_TOP5,"Top-5 score ties are all the same entity (multi-office); expected, not a ranking defect (info only)."
7925969,Millman,Chicago,IL,med,STRONG_SCORE_NON_EXACT_NAME;HYBRID_SEMANTIC_LED_AT_CEILING,Top-1 is a related but non-identical name (query_and_top1_names_related_non_equal) at 0.9648; rationale should justify suffix/token gaps. Hybrid (semantic-led) at a ceiling score with non-exact name overlap — defensibility risk for SMEs.
7925970,Leyton,Boston,MA,info,,No automated issues flagged; still spot-check for domain edge cases.
7925971,Lucas Tiberio,Santa Monica,CA,med,DUPLICATE_ROUNDED_SCORES_IN_TOP5,Two or more top-5 rows of DIFFERENT entities share the same score to 4 decimals; ordering looks arbitrary without exposed tie-breakers.
7925972,National CineMedia - NCM,Englewood,CA,med,DUPLICATE_ROUNDED_SCORES_IN_TOP5,Two or more top-5 rows of DIFFERENT entities share the same score to 4 decimals; ordering looks arbitrary without exposed tie-breakers.
7925976,Colleague Winter Storm,,,info,DUPLICATE_ROUNDED_SCORES_IN_TOP5,"Top-5 score ties are all the same entity (multi-office); expected, not a ranking defect (info only)."
7925977,Corporate Holiday Luncheon,,,info,,No automated issues flagged; still spot-check for domain edge cases.
7926001,Events by Sorrell,Manchester,NH,med,DUPLICATE_ROUNDED_SCORES_IN_TOP5,Two or more top-5 rows of DIFFERENT entities share the same score to 4 decimals; ordering looks arbitrary without exposed tie-breakers.
7926002,EmpowHER Women’s Luncheon,,,info,NO_QUERY_GEO_RANK1_HAS_LOCATION;DUPLICATE_ROUNDED_SCORES_IN_TOP5,"Query omits city/state and rank-1 carries an address, but no same-name bare row ties it — acceptable when rank-1 is the best/only-named match (info only). Top-5 score ties are all the same entity (multi-office); expected, not a ranking defect (info only)."
7926003,Democratic Governors,Brooklyn,NY,info,,No automated issues flagged; still spot-check for domain edge cases.
7926004,Cybersecurity Leadership Executive Netwo,Calabasas,CA,med,DUPLICATE_ROUNDED_SCORES_IN_TOP5,Two or more top-5 rows of DIFFERENT entities share the same score to 4 decimals; ordering looks arbitrary without exposed tie-breakers.
7926005,Daytona Series A Party,,,info,NO_QUERY_GEO_RANK1_HAS_LOCATION;DUPLICATE_ROUNDED_SCORES_IN_TOP5,"Query omits city/state and rank-1 carries an address, but no same-name bare row ties it — acceptable when rank-1 is the best/only-named match (info only). Top-5 score ties are all the same entity (multi-office); expected, not a ranking defect (info only)."
7926006,DC United FC,Washington,DC,info,,No automated issues flagged; still spot-check for domain edge cases.
7926007,Decagon AI Penthouse Event,,,info,NO_QUERY_GEO_RANK1_HAS_LOCATION,"Query omits city/state and rank-1 carries an address, but no same-name bare row ties it — acceptable when rank-1 is the best/only-named match (info only)."
7926008,Ferrari Owners Gala,,CA,info,DUPLICATE_ROUNDED_SCORES_IN_TOP5,"Top-5 score ties are all the same entity (multi-office); expected, not a ranking defect (info only)."
7926009,Fidelis Insurance Group,,Bermuda,info,,No automated issues flagged; still spot-check for domain edge cases.
7926010,Fidelis Insurance Group,Pembroke,Bermuda,info,,No automated issues flagged; still spot-check for domain edge cases.
7926012,Figone-Hardy Wedding Tasting,,,info,,No automated issues flagged; still spot-check for domain edge cases.
7926013,Families Out Loud,,,info,NO_QUERY_GEO_RANK1_HAS_LOCATION,"Query omits city/state and rank-1 carries an address, but no same-name bare row ties it — acceptable when rank-1 is the best/only-named match (info only)."
7926018,Gina Heyman Luncheon,Chicago,IL,info,,No automated issues flagged; still spot-check for domain edge cases.
7926019,Global Advisory Clients and Markets Boar,,,info,NO_QUERY_GEO_RANK1_HAS_LOCATION;DUPLICATE_ROUNDED_SCORES_IN_TOP5,"Query omits city/state and rank-1 carries an address, but no same-name bare row ties it — acceptable when rank-1 is the best/only-named match (info only). Top-5 score ties are all the same entity (multi-office); expected, not a ranking defect (info only)."
7926020,Global Advisory Industries,Chicago,IL,info,,No automated issues flagged; still spot-check for domain edge cases.
7926022,Global Office,Concord,CA,med,DUPLICATE_ROUNDED_SCORES_IN_TOP5,Two or more top-5 rows of DIFFERENT entities share the same score to 4 decimals; ordering looks arbitrary without exposed tie-breakers.
7926023,Graham Rieser,,,info,DUPLICATE_ROUNDED_SCORES_IN_TOP5,"Top-5 score ties are all the same entity (multi-office); expected, not a ranking defect (info only)."
7926024,Hawi Management Reception,,,info,DUPLICATE_ROUNDED_SCORES_IN_TOP5,"Top-5 score ties are all the same entity (multi-office); expected, not a ranking defect (info only)."
7926029,Immobiliare Managemen,Menlo Park,CA,med,DUPLICATE_ROUNDED_SCORES_IN_TOP5,Two or more top-5 rows of DIFFERENT entities share the same score to 4 decimals; ordering looks arbitrary without exposed tie-breakers.
7926030,Hunter Bell @ Hamilton Shops,,,info,,No automated issues flagged; still spot-check for domain edge cases.
7926031,City of Hamilton,Hamilton,Bermuda,info,,No automated issues flagged; still spot-check for domain edge cases.
7926032,CLUBHOUSE GRILL EVENTS 2026,,,info,NO_QUERY_GEO_RANK1_HAS_LOCATION;DUPLICATE_ROUNDED_SCORES_IN_TOP5,"Query omits city/state and rank-1 carries an address, but no same-name bare row ties it — acceptable when rank-1 is the best/only-named match (info only). Top-5 score ties are all the same entity (multi-office); expected, not a ranking defect (info only)."
7926033,Coblentz Law Reception,,,info,NO_QUERY_GEO_RANK1_HAS_LOCATION,"Query omits city/state and rank-1 carries an address, but no same-name bare row ties it — acceptable when rank-1 is the best/only-named match (info only)."
7926034,Church Breakfast,,Bermuda,info,,No automated issues flagged; still spot-check for domain edge cases.
7926036,Brad Jensen,,,info,,No automated issues flagged; still spot-check for domain edge cases.
7926038,C-Vision International`,,,info,NO_QUERY_GEO_RANK1_HAS_LOCATION;DUPLICATE_ROUNDED_SCORES_IN_TOP5,"Query omits city/state and rank-1 carries an address, but no same-name bare row ties it — acceptable when rank-1 is the best/only-named match (info only). Top-5 score ties are all the same entity (multi-office); expected, not a ranking defect (info only)."
7926039,Bustle & Lace LLC,Chicago,IL,info,,No automated issues flagged; still spot-check for domain edge cases.
7926040,Astwood Dickinson,,,info,NO_QUERY_GEO_RANK1_HAS_LOCATION,"Query omits city/state and rank-1 carries an address, but no same-name bare row ties it — acceptable when rank-1 is the best/only-named match (info only)."
7926042,Bishar Baptism Celebration,,,info,,No automated issues flagged; still spot-check for domain edge cases.
7926043,Bermuda Cancer & Health,Paget,Bermuda,info,,No automated issues flagged; still spot-check for domain edge cases.
7926044,Art.Fair.Mont.,,,info,DUPLICATE_ROUNDED_SCORES_IN_TOP5,"Top-5 score ties are all the same entity (multi-office); expected, not a ranking defect (info only)."
7926045,Beacon Bank,Boston,MA,info,,No automated issues flagged; still spot-check for domain edge cases.
7926046,Beacon Bank Reception,,,info,NO_QUERY_GEO_RANK1_HAS_LOCATION;DUPLICATE_ROUNDED_SCORES_IN_TOP5,"Query omits city/state and rank-1 carries an address, but no same-name bare row ties it — acceptable when rank-1 is the best/only-named match (info only). Top-5 score ties are all the same entity (multi-office); expected, not a ranking defect (info only)."
7926054,Coldwell Banker Bermuda Realty,,,med,DUPLICATE_ROUNDED_SCORES_IN_TOP5,Two or more top-5 rows of DIFFERENT entities share the same score to 4 decimals; ordering looks arbitrary without exposed tie-breakers.
7926056,2020 Passover Group,,,info,DUPLICATE_ROUNDED_SCORES_IN_TOP5,"Top-5 score ties are all the same entity (multi-office); expected, not a ranking defect (info only)."
7926057,9 Room Nights (HE-159552),,,info,DUPLICATE_ROUNDED_SCORES_IN_TOP5,"Top-5 score ties are all the same entity (multi-office); expected, not a ranking defect (info only)."
7926058,9 Room Nights (HE-159562),,,info,DUPLICATE_ROUNDED_SCORES_IN_TOP5,"Top-5 score ties are all the same entity (multi-office); expected, not a ranking defect (info only)."
7926060,Absolute Sport,Westerville,OH,med,DUPLICATE_ROUNDED_SCORES_IN_TOP5,Two or more top-5 rows of DIFFERENT entities share the same score to 4 decimals; ordering looks arbitrary without exposed tie-breakers.
7926061,Advent School,,,info,DUPLICATE_ROUNDED_SCORES_IN_TOP5,"Top-5 score ties are all the same entity (multi-office); expected, not a ranking defect (info only)."
7926062,AMAYA PRIVATE DINING 2026,,,info,NO_QUERY_GEO_RANK1_HAS_LOCATION;DUPLICATE_ROUNDED_SCORES_IN_TOP5,"Query omits city/state and rank-1 carries an address, but no same-name bare row ties it — acceptable when rank-1 is the best/only-named match (info only). Top-5 score ties are all the same entity (multi-office); expected, not a ranking defect (info only)."
7926063,AMAYA PRIVATE DINING 2026,Brooklyn,NY,med,DUPLICATE_ROUNDED_SCORES_IN_TOP5,Two or more top-5 rows of DIFFERENT entities share the same score to 4 decimals; ordering looks arbitrary without exposed tie-breakers.
7926064,AMAYA PRIVATE DINING 2026,Jersey City,NJ,med,DUPLICATE_ROUNDED_SCORES_IN_TOP5,Two or more top-5 rows of DIFFERENT entities share the same score to 4 decimals; ordering looks arbitrary without exposed tie-breakers.
7926065,AMAYA PRIVATE DINING 2026,Las Vegas,NV,info,DUPLICATE_ROUNDED_SCORES_IN_TOP5,"Top-5 score ties are all the same entity (multi-office); expected, not a ranking defect (info only)."
7926069,Aliano 3rd Anniversary,Concord,CA,med,DUPLICATE_ROUNDED_SCORES_IN_TOP5,Two or more top-5 rows of DIFFERENT entities share the same score to 4 decimals; ordering looks arbitrary without exposed tie-breakers.
7926071,Jabra Ghanayem Engagement Party RB,Jacksonville,FL,info,,No automated issues flagged; still spot-check for domain edge cases.
7926072,Jacque Winston,,,info,NO_QUERY_GEO_RANK1_HAS_LOCATION;DUPLICATE_ROUNDED_SCORES_IN_TOP5,"Query omits city/state and rank-1 carries an address, but no same-name bare row ties it — acceptable when rank-1 is the best/only-named match (info only). Top-5 score ties are all the same entity (multi-office); expected, not a ranking defect (info only)."
7926074,JB Pritzker Election Watch Party,Chicago,IL,info,,No automated issues flagged; still spot-check for domain edge cases.
7926077,Jotform,San Francisco,CA,info,,No automated issues flagged; still spot-check for domain edge cases.
7926080,Lucky Sun Event,San Diego,CA,info,,No automated issues flagged; still spot-check for domain edge cases.
7926081,Lotto Room Block,San Francisco,CA,info,,No automated issues flagged; still spot-check for domain edge cases.
7926082,LOVB San Francisco Owners Summit,Los Angeles,CA,info,,No automated issues flagged; still spot-check for domain edge cases.
7926083,Liithos,,,info,NO_QUERY_GEO_RANK1_HAS_LOCATION,"Query omits city/state and rank-1 carries an address, but no same-name bare row ties it — acceptable when rank-1 is the best/only-named match (info only)."
7926085,Kerwin Family,Long Beach,CA,med,DUPLICATE_ROUNDED_SCORES_IN_TOP5,Two or more top-5 rows of DIFFERENT entities share the same score to 4 decimals; ordering looks arbitrary without exposed tie-breakers.
7926088,MM Event Group LLC,Brooklyn,NY,info,,No automated issues flagged; still spot-check for domain edge cases.
7926089,Morgan Stanley Breakfast Meeting,,,info,NO_QUERY_GEO_RANK1_HAS_LOCATION,"Query omits city/state and rank-1 carries an address, but no same-name bare row ties it — acceptable when rank-1 is the best/only-named match (info only)."
7926091,MassRobotics Gala,,,info,DUPLICATE_ROUNDED_SCORES_IN_TOP5,"Top-5 score ties are all the same entity (multi-office); expected, not a ranking defect (info only)."
7926092,Impact 2026,Phoenix,AZ,info,,No automated issues flagged; still spot-check for domain edge cases.
7926093,Maya Gas Group (B Party),Jackson,WY,med,DUPLICATE_ROUNDED_SCORES_IN_TOP5,Two or more top-5 rows of DIFFERENT entities share the same score to 4 decimals; ordering looks arbitrary without exposed tie-breakers.
7926097,Michael Popok Interview,,,info,,No automated issues flagged; still spot-check for domain edge cases.
7926099,Millfield School,,,info,DUPLICATE_ROUNDED_SCORES_IN_TOP5,"Top-5 score ties are all the same entity (multi-office); expected, not a ranking defect (info only)."
7926100,National Association of Corporate,,,med,NO_QUERY_GEO_RANK1_HAS_LOCATION;DUPLICATE_ROUNDED_SCORES_IN_TOP5,"Query omits city/state and rank-1 carries an address, but no same-name bare row ties it — acceptable when rank-1 is the best/only-named match (info only). Two or more top-5 rows of DIFFERENT entities share the same score to 4 decimals; ordering looks arbitrary without exposed tie-breakers."
7926102,NTT Data Meeting,,,info,,No automated issues flagged; still spot-check for domain edge cases.
7926103,Portal26 Champions in Security,,,info,DUPLICATE_ROUNDED_SCORES_IN_TOP5,"Top-5 score ties are all the same entity (multi-office); expected, not a ranking defect (info only)."
7926104,Philadelphia FC,,,info,DUPLICATE_ROUNDED_SCORES_IN_TOP5,"Top-5 score ties are all the same entity (multi-office); expected, not a ranking defect (info only)."
7926105,Parag Chokshi,,,info,NO_QUERY_GEO_RANK1_HAS_LOCATION,"Query omits city/state and rank-1 carries an address, but no same-name bare row ties it — acceptable when rank-1 is the best/only-named match (info only)."
7926106,Pro Rivals Golf Tour,,,info,NO_QUERY_GEO_RANK1_HAS_LOCATION,"Query omits city/state and rank-1 carries an address, but no same-name bare row ties it — acceptable when rank-1 is the best/only-named match (info only)."
7926107,Randolph Street Market Festival,Chicago,IL,info,,No automated issues flagged; still spot-check for domain edge cases.
7926108,Recruitment Coach,Edinburgh,Scotland,info,,No automated issues flagged; still spot-check for domain edge cases.
7926109,Renee Stephan,,,info,NO_QUERY_GEO_RANK1_HAS_LOCATION;DUPLICATE_ROUNDED_SCORES_IN_TOP5,"Query omits city/state and rank-1 carries an address, but no same-name bare row ties it — acceptable when rank-1 is the best/only-named match (info only). Top-5 score ties are all the same entity (multi-office); expected, not a ranking defect (info only)."
7926114,Sail GP France,,,info,NO_QUERY_GEO_RANK1_HAS_LOCATION;DUPLICATE_ROUNDED_SCORES_IN_TOP5,"Query omits city/state and rank-1 carries an address, but no same-name bare row ties it — acceptable when rank-1 is the best/only-named match (info only). Top-5 score ties are all the same entity (multi-office); expected, not a ranking defect (info only)."
7926117,UASI Solutions,,,info,NO_QUERY_GEO_RANK1_HAS_LOCATION;DUPLICATE_ROUNDED_SCORES_IN_TOP5,"Query omits city/state and rank-1 carries an address, but no same-name bare row ties it — acceptable when rank-1 is the best/only-named match (info only). Top-5 score ties are all the same entity (multi-office); expected, not a ranking defect (info only)."
7926118,UF Mens Basketball Courtesy,,,info,NO_QUERY_GEO_RANK1_HAS_LOCATION,"Query omits city/state and rank-1 carries an address, but no same-name bare row ties it — acceptable when rank-1 is the best/only-named match (info only)."
7926120,The Kayla Carter Group,,,info,NO_QUERY_GEO_RANK1_HAS_LOCATION;DUPLICATE_ROUNDED_SCORES_IN_TOP5,"Query omits city/state and rank-1 carries an address, but no same-name bare row ties it — acceptable when rank-1 is the best/only-named match (info only). Top-5 score ties are all the same entity (multi-office); expected, not a ranking defect (info only)."
7926121,Texas Festival Events,Dallas,TX,info,,No automated issues flagged; still spot-check for domain edge cases.
7926122,The Wu Committee,Boston,MA,info,,No automated issues flagged; still spot-check for domain edge cases.
7926124,Todd Korthals,,,info,,No automated issues flagged; still spot-check for domain edge cases.
7926125,Travelinko,,,info,DUPLICATE_ROUNDED_SCORES_IN_TOP5,"Top-5 score ties are all the same entity (multi-office); expected, not a ranking defect (info only)."
7926126,Sephora Director+ Offsite,,,info,NO_QUERY_GEO_RANK1_HAS_LOCATION;DUPLICATE_ROUNDED_SCORES_IN_TOP5,"Query omits city/state and rank-1 carries an address, but no same-name bare row ties it — acceptable when rank-1 is the best/only-named match (info only). Top-5 score ties are all the same entity (multi-office); expected, not a ranking defect (info only)."
7926128,Sifter Solutions Inc.,Chicago,IL,info,,No automated issues flagged; still spot-check for domain edge cases.
7926133,Sonoma Valley Wines,,,info,NO_QUERY_GEO_RANK1_HAS_LOCATION,"Query omits city/state and rank-1 carries an address, but no same-name bare row ties it — acceptable when rank-1 is the best/only-named match (info only)."
7926135,Stoney Clover Ln SuperBowl,,,info,NO_QUERY_GEO_RANK1_HAS_LOCATION;DUPLICATE_ROUNDED_SCORES_IN_TOP5,"Query omits city/state and rank-1 carries an address, but no same-name bare row ties it — acceptable when rank-1 is the best/only-named match (info only). Top-5 score ties are all the same entity (multi-office); expected, not a ranking defect (info only)."
7926136,Super Bowl Viewing,,Bermuda,info,DUPLICATE_ROUNDED_SCORES_IN_TOP5,"Top-5 score ties are all the same entity (multi-office); expected, not a ranking defect (info only)."
7926138,Speak by Design,Chicago,IL,info,,No automated issues flagged; still spot-check for domain edge cases.
7926139,Tejash Patel's Diwali Party,Chicago,IL,info,,No automated issues flagged; still spot-check for domain edge cases.
7926154,WWOM Reception,,,info,,No automated issues flagged; still spot-check for domain edge cases.
7926155,SF Travel Annual Luncheon,,,info,NO_QUERY_GEO_RANK1_HAS_LOCATION;DUPLICATE_ROUNDED_SCORES_IN_TOP5,"Query omits city/state and rank-1 carries an address, but no same-name bare row ties it — acceptable when rank-1 is the best/only-named match (info only). Top-5 score ties are all the same entity (multi-office); expected, not a ranking defect (info only)."
7926157,Zapier Outpost,,,info,,No automated issues flagged; still spot-check for domain edge cases.
7926158,Work Crew 2026 HP8441484,,,info,,No automated issues flagged; still spot-check for domain edge cases.
7926159,Workday 2026 Roadshow,,,info,DUPLICATE_ROUNDED_SCORES_IN_TOP5,"Top-5 score ties are all the same entity (multi-office); expected, not a ranking defect (info only)."
7926160,Worldwide Sales Kickoff Meeting,,,med,DUPLICATE_ROUNDED_SCORES_IN_TOP5,Two or more top-5 rows of DIFFERENT entities share the same score to 4 decimals; ordering looks arbitrary without exposed tie-breakers.
7926161,West Coast 2027,,,high,GATE_A_TOP5_TIE_CLUSTER,No automated issues flagged; still spot-check for domain edge cases.
7926162,Westlake Village Planning,,,info,NO_QUERY_GEO_RANK1_HAS_LOCATION;DUPLICATE_ROUNDED_SCORES_IN_TOP5,"Query omits city/state and rank-1 carries an address, but no same-name bare row ties it — acceptable when rank-1 is the best/only-named match (info only). Top-5 score ties are all the same entity (multi-office); expected, not a ranking defect (info only)."
7926163,Wheels Meeting,,,info,DUPLICATE_ROUNDED_SCORES_IN_TOP5,"Top-5 score ties are all the same entity (multi-office); expected, not a ranking defect (info only)."
7926164,Winston & Strawn LLP JPM 2027,,,info,NO_QUERY_GEO_RANK1_HAS_LOCATION;DUPLICATE_ROUNDED_SCORES_IN_TOP5,"Query omits city/state and rank-1 carries an address, but no same-name bare row ties it — acceptable when rank-1 is the best/only-named match (info only). Top-5 score ties are all the same entity (multi-office); expected, not a ranking defect (info only)."
7926171,Terns Ad Board,,,info,NO_QUERY_GEO_RANK1_HAS_LOCATION,"Query omits city/state and rank-1 carries an address, but no same-name bare row ties it — acceptable when rank-1 is the best/only-named match (info only)."
7926173,Spotlight,Kansas City,MO,med,STRONG_SCORE_NON_EXACT_NAME;HYBRID_SEMANTIC_LED_AT_CEILING,Top-1 is a related but non-identical name (query_and_top1_names_related_non_equal) at 0.9663; rationale should justify suffix/token gaps. Hybrid (semantic-led) at a ceiling score with non-exact name overlap — defensibility risk for SMEs.
7926174,Talent Agency UTA Executive Retreat,,,info,NO_QUERY_GEO_RANK1_HAS_LOCATION,"Query omits city/state and rank-1 carries an address, but no same-name bare row ties it — acceptable when rank-1 is the best/only-named match (info only)."
7926175,Taylormade Golf Winter 2026 NSM,,,info,NO_QUERY_GEO_RANK1_HAS_LOCATION,"Query omits city/state and rank-1 carries an address, but no same-name bare row ties it — acceptable when rank-1 is the best/only-named match (info only)."
7926176,Stout,Chicago,IL,info,,No automated issues flagged; still spot-check for domain edge cases.
7926177,Studio Consulting Corp,,,med,NO_QUERY_GEO_RANK1_HAS_LOCATION;DUPLICATE_ROUNDED_SCORES_IN_TOP5,"Query omits city/state and rank-1 carries an address, but no same-name bare row ties it — acceptable when rank-1 is the best/only-named match (info only). Two or more top-5 rows of DIFFERENT entities share the same score to 4 decimals; ordering looks arbitrary without exposed tie-breakers."
7926178,Sophie and Magma Room Block,,,info,NO_QUERY_GEO_RANK1_HAS_LOCATION,"Query omits city/state and rank-1 carries an address, but no same-name bare row ties it — acceptable when rank-1 is the best/only-named match (info only)."
7926179,Sound Physicians 2026 Medical Director S,,,info,,No automated issues flagged; still spot-check for domain edge cases.
7926180,Somerset Re.,Pembroke,Bermuda,med,DUPLICATE_ROUNDED_SCORES_IN_TOP5,Two or more top-5 rows of DIFFERENT entities share the same score to 4 decimals; ordering looks arbitrary without exposed tie-breakers.
7926181,Skylight Marketing Retreat 2026,,,info,NO_QUERY_GEO_RANK1_HAS_LOCATION;DUPLICATE_ROUNDED_SCORES_IN_TOP5,"Query omits city/state and rank-1 carries an address, but no same-name bare row ties it — acceptable when rank-1 is the best/only-named match (info only). Top-5 score ties are all the same entity (multi-office); expected, not a ranking defect (info only)."
7926183,Scorpion,Draper,UT,info,DUPLICATE_ROUNDED_SCORES_IN_TOP5,"Top-5 score ties are all the same entity (multi-office); expected, not a ranking defect (info only)."
7926184,Sempra Energy BOD Meeting,,,info,,No automated issues flagged; still spot-check for domain edge cases.
7926185,Semtech - AirLink Partners Event 2026,,,info,DUPLICATE_ROUNDED_SCORES_IN_TOP5,"Top-5 score ties are all the same entity (multi-office); expected, not a ranking defect (info only)."
7926186,Serent Capital CEO Summit,,,info,DUPLICATE_ROUNDED_SCORES_IN_TOP5,"Top-5 score ties are all the same entity (multi-office); expected, not a ranking defect (info only)."
7926187,Shamrock Offsite Event March 2026,,,info,,No automated issues flagged; still spot-check for domain edge cases.
7926188,Siddhanath Yoga Church Meditation Retrea,,,info,NO_QUERY_GEO_RANK1_HAS_LOCATION;DUPLICATE_ROUNDED_SCORES_IN_TOP5,"Query omits city/state and rank-1 carries an address, but no same-name bare row ties it — acceptable when rank-1 is the best/only-named match (info only). Top-5 score ties are all the same entity (multi-office); expected, not a ranking defect (info only)."
7926189,Triumph Annual Meeting 2026,,,info,,No automated issues flagged; still spot-check for domain edge cases.
7926190,Tucana Global,,,info,NO_QUERY_GEO_RANK1_HAS_LOCATION,"Query omits city/state and rank-1 carries an address, but no same-name bare row ties it — acceptable when rank-1 is the best/only-named match (info only)."
7926191,TW Metal Summit 2027,,,info,,No automated issues flagged; still spot-check for domain edge cases.
7926192,Tiffany and Co Leadership Meeting,,,info,DUPLICATE_ROUNDED_SCORES_IN_TOP5,"Top-5 score ties are all the same entity (multi-office); expected, not a ranking defect (info only)."
7926193,TEXPER,,,info,NO_QUERY_GEO_RANK1_HAS_LOCATION,"Query omits city/state and rank-1 carries an address, but no same-name bare row ties it — acceptable when rank-1 is the best/only-named match (info only)."
7926194,The Brandt Dettling Group,,,info,NO_QUERY_GEO_RANK1_HAS_LOCATION,"Query omits city/state and rank-1 carries an address, but no same-name bare row ties it — acceptable when rank-1 is the best/only-named match (info only)."
7926195,The Broker Bootcamp - Manufacturers,,,info,NO_QUERY_GEO_RANK1_HAS_LOCATION;DUPLICATE_ROUNDED_SCORES_IN_TOP5,"Query omits city/state and rank-1 carries an address, but no same-name bare row ties it — acceptable when rank-1 is the best/only-named match (info only). Top-5 score ties are all the same entity (multi-office); expected, not a ranking defect (info only)."
7926196,The Meetings Advocate,,,info,NO_QUERY_GEO_RANK1_HAS_LOCATION;DUPLICATE_ROUNDED_SCORES_IN_TOP5,"Query omits city/state and rank-1 carries an address, but no same-name bare row ties it — acceptable when rank-1 is the best/only-named match (info only). Top-5 score ties are all the same entity (multi-office); expected, not a ranking defect (info only)."
7926197,"The Mutual Risk Retention Group, Inc.",San Diego,CA,info,,No automated issues flagged; still spot-check for domain edge cases.
7926198,Terrie O'Connor Realtors,,,info,,No automated issues flagged; still spot-check for domain edge cases.
7926199,V3 Companies 2026 Retreat,,,info,DUPLICATE_ROUNDED_SCORES_IN_TOP5,"Top-5 score ties are all the same entity (multi-office); expected, not a ranking defect (info only)."
7926200,Various companies,,,info,NO_QUERY_GEO_RANK1_HAS_LOCATION;DUPLICATE_ROUNDED_SCORES_IN_TOP5,"Query omits city/state and rank-1 carries an address, but no same-name bare row ties it — acceptable when rank-1 is the best/only-named match (info only). Top-5 score ties are all the same entity (multi-office); expected, not a ranking defect (info only)."
7926201,VF Corp,,,info,NO_QUERY_GEO_RANK1_HAS_LOCATION,"Query omits city/state and rank-1 carries an address, but no same-name bare row ties it — acceptable when rank-1 is the best/only-named match (info only)."
7926202,Via Board Meeting,,,info,DUPLICATE_ROUNDED_SCORES_IN_TOP5,"Top-5 score ties are all the same entity (multi-office); expected, not a ranking defect (info only)."
7926203,Voit Real Estate Summer Event,,,info,DUPLICATE_ROUNDED_SCORES_IN_TOP5,"Top-5 score ties are all the same entity (multi-office); expected, not a ranking defect (info only)."
7926204,Warren James,,,info,NO_QUERY_GEO_RANK1_HAS_LOCATION;DUPLICATE_ROUNDED_SCORES_IN_TOP5,"Query omits city/state and rank-1 carries an address, but no same-name bare row ties it — acceptable when rank-1 is the best/only-named match (info only). Top-5 score ties are all the same entity (multi-office); expected, not a ranking defect (info only)."
7926205,"Waste Connections Lonestar, Inc.",Austin,TX,info,,No automated issues flagged; still spot-check for domain edge cases.
7926206,Underdog Fantasy,,,info,NO_QUERY_GEO_RANK1_HAS_LOCATION;DUPLICATE_ROUNDED_SCORES_IN_TOP5,"Query omits city/state and rank-1 carries an address, but no same-name bare row ties it — acceptable when rank-1 is the best/only-named match (info only). Top-5 score ties are all the same entity (multi-office); expected, not a ranking defect (info only)."
7926207,Union Pacific - Board of Directors,,,info,,No automated issues flagged; still spot-check for domain edge cases.
7926208,"University of California Irvine ""Foundat",,,med,NO_QUERY_GEO_RANK1_HAS_LOCATION;DUPLICATE_ROUNDED_SCORES_IN_TOP5,"Query omits city/state and rank-1 carries an address, but no same-name bare row ties it — acceptable when rank-1 is the best/only-named match (info only). Two or more top-5 rows of DIFFERENT entities share the same score to 4 decimals; ordering looks arbitrary without exposed tie-breakers."
7926209,Urology Group,,,info,NO_QUERY_GEO_RANK1_HAS_LOCATION,"Query omits city/state and rank-1 carries an address, but no same-name bare row ties it — acceptable when rank-1 is the best/only-named match (info only)."
7926210,UroToday,Reno,NV,info,DUPLICATE_ROUNDED_SCORES_IN_TOP5,"Top-5 score ties are all the same entity (multi-office); expected, not a ranking defect (info only)."
7926211,Savant Wealth Management,,,info,NO_QUERY_GEO_RANK1_HAS_LOCATION;DUPLICATE_ROUNDED_SCORES_IN_TOP5,"Query omits city/state and rank-1 carries an address, but no same-name bare row ties it — acceptable when rank-1 is the best/only-named match (info only). Top-5 score ties are all the same entity (multi-office); expected, not a ranking defect (info only)."
7926212,Science of Skin Longevity,,,info,NO_QUERY_GEO_RANK1_HAS_LOCATION,"Query omits city/state and rank-1 carries an address, but no same-name bare row ties it — acceptable when rank-1 is the best/only-named match (info only)."
7926213,San Diego Region BHAG Kickoff,,,info,NO_QUERY_GEO_RANK1_HAS_LOCATION;DUPLICATE_ROUNDED_SCORES_IN_TOP5,"Query omits city/state and rank-1 carries an address, but no same-name bare row ties it — acceptable when rank-1 is the best/only-named match (info only). Top-5 score ties are all the same entity (multi-office); expected, not a ranking defect (info only)."
7926220,RG Events/Function-4,,,info,NO_QUERY_GEO_RANK1_HAS_LOCATION;DUPLICATE_ROUNDED_SCORES_IN_TOP5,"Query omits city/state and rank-1 carries an address, but no same-name bare row ties it — acceptable when rank-1 is the best/only-named match (info only). Top-5 score ties are all the same entity (multi-office); expected, not a ranking defect (info only)."
7926223,Resource Systems Association,,,med,NO_QUERY_GEO_RANK1_HAS_LOCATION;DUPLICATE_ROUNDED_SCORES_IN_TOP5,"Query omits city/state and rank-1 carries an address, but no same-name bare row ties it — acceptable when rank-1 is the best/only-named match (info only). Two or more top-5 rows of DIFFERENT entities share the same score to 4 decimals; ordering looks arbitrary without exposed tie-breakers."
7926227,RELX - LexisNexis Legal & Professional,New York,NY,info,,No automated issues flagged; still spot-check for domain edge cases.
7926228,RenaissanceRe,Hamilton,Bermuda,info,,No automated issues flagged; still spot-check for domain edge cases.
7926229,Procore Culture Academy 2026,,,info,NO_QUERY_GEO_RANK1_HAS_LOCATION,"Query omits city/state and rank-1 carries an address, but no same-name bare row ties it — acceptable when rank-1 is the best/only-named match (info only)."
7926230,Qualcomm CIO Meeting May 2026,,,info,,No automated issues flagged; still spot-check for domain edge cases.
7926231,Qualcomm Data Center Investment Day,,,info,NO_QUERY_GEO_RANK1_HAS_LOCATION,"Query omits city/state and rank-1 carries an address, but no same-name bare row ties it — acceptable when rank-1 is the best/only-named match (info only)."
7926232,Qualcomm Venture’s CEO Summit,,,info,DUPLICATE_ROUNDED_SCORES_IN_TOP5,"Top-5 score ties are all the same entity (multi-office); expected, not a ranking defect (info only)."
7926233,Radisson Blu Corporate Group Overflow,Chicago,IL,info,,No automated issues flagged; still spot-check for domain edge cases.
7926234,Raffles and Fairmont,Sunnyside,NY,med,DUPLICATE_ROUNDED_SCORES_IN_TOP5,Two or more top-5 rows of DIFFERENT entities share the same score to 4 decimals; ordering looks arbitrary without exposed tie-breakers.
7926235,Paymentus,,,info,NO_QUERY_GEO_RANK1_HAS_LOCATION;DUPLICATE_ROUNDED_SCORES_IN_TOP5,"Query omits city/state and rank-1 carries an address, but no same-name bare row ties it — acceptable when rank-1 is the best/only-named match (info only). Top-5 score ties are all the same entity (multi-office); expected, not a ranking defect (info only)."
7926236,PCX Austin,Detroit,MI,med,DUPLICATE_ROUNDED_SCORES_IN_TOP5,Two or more top-5 rows of DIFFERENT entities share the same score to 4 decimals; ordering looks arbitrary without exposed tie-breakers.
7926237,Penn Bright Events,Houston,TX,info,,No automated issues flagged; still spot-check for domain edge cases.
7926238,Pennington Partners,,MD,info,,No automated issues flagged; still spot-check for domain edge cases.
7926239,Pfizer Leaders Meeting 2026,,,info,DUPLICATE_ROUNDED_SCORES_IN_TOP5,"Top-5 score ties are all the same entity (multi-office); expected, not a ranking defect (info only)."
7926240,Pharma Party Chi,,,info,DUPLICATE_ROUNDED_SCORES_IN_TOP5,"Top-5 score ties are all the same entity (multi-office); expected, not a ranking defect (info only)."
7926241,Pharma Us Investigator Meeting,,,med,DUPLICATE_ROUNDED_SCORES_IN_TOP5,Two or more top-5 rows of DIFFERENT entities share the same score to 4 decimals; ordering looks arbitrary without exposed tie-breakers.
7926242,PharmOne,,,info,,No automated issues flagged; still spot-check for domain edge cases.
7926243,Philadelphia Freedom Band,,,med,NO_QUERY_GEO_RANK1_HAS_LOCATION;DUPLICATE_ROUNDED_SCORES_IN_TOP5,"Query omits city/state and rank-1 carries an address, but no same-name bare row ties it — acceptable when rank-1 is the best/only-named match (info only). Two or more top-5 rows of DIFFERENT entities share the same score to 4 decimals; ordering looks arbitrary without exposed tie-breakers."
7926244,Pimicotinib Launch Meeting-Revised Dates,,,info,,No automated issues flagged; still spot-check for domain edge cases.
7926245,POA Revised,,,info,DUPLICATE_ROUNDED_SCORES_IN_TOP5,"Top-5 score ties are all the same entity (multi-office); expected, not a ranking defect (info only)."
7926246,Power to Decide 2026,,,info,DUPLICATE_ROUNDED_SCORES_IN_TOP5,"Top-5 score ties are all the same entity (multi-office); expected, not a ranking defect (info only)."
7926247,PPG Aerospace Sales Strategy Meeting,,,info,NO_QUERY_GEO_RANK1_HAS_LOCATION,"Query omits city/state and rank-1 carries an address, but no same-name bare row ties it — acceptable when rank-1 is the best/only-named match (info only)."
7926248,National Vas,,,med,NO_QUERY_GEO_RANK1_HAS_LOCATION;DUPLICATE_ROUNDED_SCORES_IN_TOP5,"Query omits city/state and rank-1 carries an address, but no same-name bare row ties it — acceptable when rank-1 is the best/only-named match (info only). Two or more top-5 rows of DIFFERENT entities share the same score to 4 decimals; ordering looks arbitrary without exposed tie-breakers."
7926249,Nutrien Ag Solutions Learning Conference,,,info,NO_QUERY_GEO_RANK1_HAS_LOCATION;DUPLICATE_ROUNDED_SCORES_IN_TOP5,"Query omits city/state and rank-1 carries an address, but no same-name bare row ties it — acceptable when rank-1 is the best/only-named match (info only). Top-5 score ties are all the same entity (multi-office); expected, not a ranking defect (info only)."
7926250,NYL - 2028 President's Council,,,med,DUPLICATE_ROUNDED_SCORES_IN_TOP5,Two or more top-5 rows of DIFFERENT entities share the same score to 4 decimals; ordering looks arbitrary without exposed tie-breakers.
7926251,OBI,Los Angeles,CA,info,,No automated issues flagged; still spot-check for domain edge cases.
7926252,Octagon - F1,,,info,DUPLICATE_ROUNDED_SCORES_IN_TOP5,"Top-5 score ties are all the same entity (multi-office); expected, not a ranking defect (info only)."
7926253,Ocular Surface Disease Launch Meeting,,,info,NO_QUERY_GEO_RANK1_HAS_LOCATION,"Query omits city/state and rank-1 carries an address, but no same-name bare row ties it — acceptable when rank-1 is the best/only-named match (info only)."
7926254,OneMain Incentive 2027,,,info,,No automated issues flagged; still spot-check for domain edge cases.
7926255,Osteopathic Physicians & Surgeons of Cal,,,med,NO_QUERY_GEO_RANK1_HAS_LOCATION;DUPLICATE_ROUNDED_SCORES_IN_TOP5,"Query omits city/state and rank-1 carries an address, but no same-name bare row ties it — acceptable when rank-1 is the best/only-named match (info only). Two or more top-5 rows of DIFFERENT entities share the same score to 4 decimals; ordering looks arbitrary without exposed tie-breakers."
7926256,Overflow Block from Swissotel _ WSP/HPN,,,info,NO_QUERY_GEO_RANK1_HAS_LOCATION,"Query omits city/state and rank-1 carries an address, but no same-name bare row ties it — acceptable when rank-1 is the best/only-named match (info only)."
7926257,Overflow Room Block Gavel Option 1,,,info,,No automated issues flagged; still spot-check for domain edge cases.
7926258,Overflow Room Block Gavel Option 2,,,info,,No automated issues flagged; still spot-check for domain edge cases.
7926259,Netwrix,Wilmington,DE,info,,No automated issues flagged; still spot-check for domain edge cases.
7926260,Neurocrine Biosciences March Meeting,,,info,DUPLICATE_ROUNDED_SCORES_IN_TOP5,"Top-5 score ties are all the same entity (multi-office); expected, not a ranking defect (info only)."
7926261,Newport Group,,,info,NO_QUERY_GEO_RANK1_HAS_LOCATION,"Query omits city/state and rank-1 carries an address, but no same-name bare row ties it — acceptable when rank-1 is the best/only-named match (info only)."
7926262,NJUNS - National Joint Utilities,,,info,NO_QUERY_GEO_RANK1_HAS_LOCATION;DUPLICATE_ROUNDED_SCORES_IN_TOP5,"Query omits city/state and rank-1 carries an address, but no same-name bare row ties it — acceptable when rank-1 is the best/only-named match (info only). Top-5 score ties are all the same entity (multi-office); expected, not a ranking defect (info only)."
7926263,North Point Closing Event,,,info,,No automated issues flagged; still spot-check for domain edge cases.
7926264,Nourish Company-wide All-Hands Meeting 2,,,info,NO_QUERY_GEO_RANK1_HAS_LOCATION,"Query omits city/state and rank-1 carries an address, but no same-name bare row ties it — acceptable when rank-1 is the best/only-named match (info only)."
7926265,National Association of Government Web P,,,info,NO_QUERY_GEO_RANK1_HAS_LOCATION,"Query omits city/state and rank-1 carries an address, but no same-name bare row ties it — acceptable when rank-1 is the best/only-named match (info only)."
7926266,Miller Insurance,Hamilton,Bermuda,med,DUPLICATE_ROUNDED_SCORES_IN_TOP5,Two or more top-5 rows of DIFFERENT entities share the same score to 4 decimals; ordering looks arbitrary without exposed tie-breakers.
7926267,Meanwhile,Hamilton,Bermuda,info,DUPLICATE_ROUNDED_SCORES_IN_TOP5,"Top-5 score ties are all the same entity (multi-office); expected, not a ranking defect (info only)."
7926268,Meeting Aug 2026,,,info,,No automated issues flagged; still spot-check for domain edge cases.
7926269,Mercury Marketing Team Offsite,,,info,,No automated issues flagged; still spot-check for domain edge cases.
7926270,May Small Business Division 114343,,,info,,No automated issues flagged; still spot-check for domain edge cases.
7926271,Management Off-site,,,info,NO_QUERY_GEO_RANK1_HAS_LOCATION,"Query omits city/state and rank-1 carries an address, but no same-name bare row ties it — acceptable when rank-1 is the best/only-named match (info only)."
7926272,Manager Meeting Dec 2026,,,info,NO_QUERY_GEO_RANK1_HAS_LOCATION,"Query omits city/state and rank-1 carries an address, but no same-name bare row ties it — acceptable when rank-1 is the best/only-named match (info only)."
7926273,March Madness Incentive Trip,,,info,,No automated issues flagged; still spot-check for domain edge cases.
7926274,March Madness Incentive Trip – Rocket,,,info,DUPLICATE_ROUNDED_SCORES_IN_TOP5,"Top-5 score ties are all the same entity (multi-office); expected, not a ranking defect (info only)."
7926275,Morrison Street Advisors Room Block,Houston,TX,info,,No automated issues flagged; still spot-check for domain edge cases.
7926277,Moxi Events,,KS,info,DUPLICATE_ROUNDED_SCORES_IN_TOP5,"Top-5 score ties are all the same entity (multi-office); expected, not a ranking defect (info only)."
7926278,MTA-ICO72168,,,info,,No automated issues flagged; still spot-check for domain edge cases.
7926279,MTG Group A-PARTY,,,info,NO_QUERY_GEO_RANK1_HAS_LOCATION,"Query omits city/state and rank-1 carries an address, but no same-name bare row ties it — acceptable when rank-1 is the best/only-named match (info only)."
7926280,NA VP Meeting 2026,,,info,DUPLICATE_ROUNDED_SCORES_IN_TOP5,"Top-5 score ties are all the same entity (multi-office); expected, not a ranking defect (info only)."
7926281,"Mintz, Levin, Cohn, Ferris, Glovsky and",,,info,NO_QUERY_GEO_RANK1_HAS_LOCATION,"Query omits city/state and rank-1 carries an address, but no same-name bare row ties it — acceptable when rank-1 is the best/only-named match (info only)."
7926282,"Mississippi Lime Company, dba MLC",,,info,NO_QUERY_GEO_RANK1_HAS_LOCATION;DUPLICATE_ROUNDED_SCORES_IN_TOP5,"Query omits city/state and rank-1 carries an address, but no same-name bare row ties it — acceptable when rank-1 is the best/only-named match (info only). Top-5 score ties are all the same entity (multi-office); expected, not a ranking defect (info only)."
7926283,MLP Meeting May 2026,,,info,,No automated issues flagged; still spot-check for domain edge cases.
7926284,MBLB Law Firm Retreat,,LA,med,DUPLICATE_ROUNDED_SCORES_IN_TOP5,Two or more top-5 rows of DIFFERENT entities share the same score to 4 decimals; ordering looks arbitrary without exposed tie-breakers.
7926285,National Alliance of Wound Care & Ostomy,,,info,NO_QUERY_GEO_RANK1_HAS_LOCATION;DUPLICATE_ROUNDED_SCORES_IN_TOP5,"Query omits city/state and rank-1 carries an address, but no same-name bare row ties it — acceptable when rank-1 is the best/only-named match (info only). Top-5 score ties are all the same entity (multi-office); expected, not a ranking defect (info only)."
7926286,L&F Indemnity,Hamilton,Bermuda,info,,No automated issues flagged; still spot-check for domain edge cases.
7926289,Laura Van L Business Meeting,,,info,,No automated issues flagged; still spot-check for domain edge cases.
7926290,Law Partners 2026,,,info,DUPLICATE_ROUNDED_SCORES_IN_TOP5,"Top-5 score ties are all the same entity (multi-office); expected, not a ranking defect (info only)."
7926291,Lightyear,New York,NY,info,,No automated issues flagged; still spot-check for domain edge cases.
7926292,Litigation Training Conference 2026 Ove,,,info,,No automated issues flagged; still spot-check for domain edge cases.
7926293,Litigation Training Conference 2026 Over,,,info,,No automated issues flagged; still spot-check for domain edge cases.
7926294,LivaNova 1H,,,info,NO_QUERY_GEO_RANK1_HAS_LOCATION,"Query omits city/state and rank-1 carries an address, but no same-name bare row ties it — acceptable when rank-1 is the best/only-named match (info only)."
7926295,Luis Soto Group,,,info,NO_QUERY_GEO_RANK1_HAS_LOCATION;DUPLICATE_ROUNDED_SCORES_IN_TOP5,"Query omits city/state and rank-1 carries an address, but no same-name bare row ties it — acceptable when rank-1 is the best/only-named match (info only). Top-5 score ties are all the same entity (multi-office); expected, not a ranking defect (info only)."
7926296,Kentik,Mission,,info,DUPLICATE_ROUNDED_SCORES_IN_TOP5,"Top-5 score ties are all the same entity (multi-office); expected, not a ranking defect (info only)."
7926297,KENX,Atlantic City,NJ,info,,No automated issues flagged; still spot-check for domain edge cases.
7926298,JERSEY FILMS 2ND AVENUE,Los Angeles,CA,info,,No automated issues flagged; still spot-check for domain edge cases.
7926299,Inesperado Tour 2026 – Pandora y Flans,,,info,NO_QUERY_GEO_RANK1_HAS_LOCATION,"Query omits city/state and rank-1 carries an address, but no same-name bare row ties it — acceptable when rank-1 is the best/only-named match (info only)."
7926300,Info Law Group,Chicago,IL,info,,No automated issues flagged; still spot-check for domain edge cases.
7926301,Infolock,,,info,NO_QUERY_GEO_RANK1_HAS_LOCATION;DUPLICATE_ROUNDED_SCORES_IN_TOP5,"Query omits city/state and rank-1 carries an address, but no same-name bare row ties it — acceptable when rank-1 is the best/only-named match (info only). Top-5 score ties are all the same entity (multi-office); expected, not a ranking defect (info only)."
7926302,Instacart 2026 Ops & CX Functional Event,,,info,,No automated issues flagged; still spot-check for domain edge cases.
7926303,International Consortium on Newborn Sequ,,,info,NO_QUERY_GEO_RANK1_HAS_LOCATION,"Query omits city/state and rank-1 carries an address, but no same-name bare row ties it — acceptable when rank-1 is the best/only-named match (info only)."
7926304,Intes,,,info,NO_QUERY_GEO_RANK1_HAS_LOCATION;DUPLICATE_ROUNDED_SCORES_IN_TOP5,"Query omits city/state and rank-1 carries an address, but no same-name bare row ties it — acceptable when rank-1 is the best/only-named match (info only). Top-5 score ties are all the same entity (multi-office); expected, not a ranking defect (info only)."
7926305,Alvarez & Marsal All PEPI Meeting,,,info,NO_QUERY_GEO_RANK1_HAS_LOCATION,"Query omits city/state and rank-1 carries an address, but no same-name bare row ties it — acceptable when rank-1 is the best/only-named match (info only)."
7926306,Alvarez & Marsal Healthcare Industry,New York,NY,med,STRONG_SCORE_NON_EXACT_NAME;HYBRID_SEMANTIC_LED_AT_CEILING,Top-1 is a related but non-identical name (query_and_top1_names_related_non_equal) at 0.9664; rationale should justify suffix/token gaps. Hybrid (semantic-led) at a ceiling score with non-exact name overlap — defensibility risk for SMEs.
7926307,Adidas Golf Summer 2026 NSM,,,info,NO_QUERY_GEO_RANK1_HAS_LOCATION,"Query omits city/state and rank-1 carries an address, but no same-name bare row ties it — acceptable when rank-1 is the best/only-named match (info only)."
7926308,"ADSO via Etherio Group, Inc",,,info,NO_QUERY_GEO_RANK1_HAS_LOCATION,"Query omits city/state and rank-1 carries an address, but no same-name bare row ties it — acceptable when rank-1 is the best/only-named match (info only)."
7926309,Adv Women's Hernia Summit 2026,,,info,,No automated issues flagged; still spot-check for domain edge cases.
7926310,American Association of Genitourinary Su,,,info,NO_QUERY_GEO_RANK1_HAS_LOCATION;DUPLICATE_ROUNDED_SCORES_IN_TOP5,"Query omits city/state and rank-1 carries an address, but no same-name bare row ties it — acceptable when rank-1 is the best/only-named match (info only). Top-5 score ties are all the same entity (multi-office); expected, not a ranking defect (info only)."
7926311,Amana Training Summit,,,med,DUPLICATE_ROUNDED_SCORES_IN_TOP5,Two or more top-5 rows of DIFFERENT entities share the same score to 4 decimals; ordering looks arbitrary without exposed tie-breakers.
7926313,"AgencyBloc, LLC",,,info,,No automated issues flagged; still spot-check for domain edge cases.
7926314,AGIS,,,info,NO_QUERY_GEO_RANK1_HAS_LOCATION,"Query omits city/state and rank-1 carries an address, but no same-name bare row ties it — acceptable when rank-1 is the best/only-named match (info only)."
7926315,Agri Sompo,,,info,DUPLICATE_ROUNDED_SCORES_IN_TOP5,"Top-5 score ties are all the same entity (multi-office); expected, not a ranking defect (info only)."
7926316,AIPAC - American Israel Public Affairs C,,,info,NO_QUERY_GEO_RANK1_HAS_LOCATION;DUPLICATE_ROUNDED_SCORES_IN_TOP5,"Query omits city/state and rank-1 carries an address, but no same-name bare row ties it — acceptable when rank-1 is the best/only-named match (info only). Top-5 score ties are all the same entity (multi-office); expected, not a ranking defect (info only)."
7926317,Alert Media,,,info,NO_QUERY_GEO_RANK1_HAS_LOCATION;DUPLICATE_ROUNDED_SCORES_IN_TOP5,"Query omits city/state and rank-1 carries an address, but no same-name bare row ties it — acceptable when rank-1 is the best/only-named match (info only). Top-5 score ties are all the same entity (multi-office); expected, not a ranking defect (info only)."
7926318,Alexandra Mate Group,,,info,NO_QUERY_GEO_RANK1_HAS_LOCATION;DUPLICATE_ROUNDED_SCORES_IN_TOP5,"Query omits city/state and rank-1 carries an address, but no same-name bare row ties it — acceptable when rank-1 is the best/only-named match (info only). Top-5 score ties are all the same entity (multi-office); expected, not a ranking defect (info only)."
7926319,ACSA Board Retreat,,,info,NO_QUERY_GEO_RANK1_HAS_LOCATION,"Query omits city/state and rank-1 carries an address, but no same-name bare row ties it — acceptable when rank-1 is the best/only-named match (info only)."
7926320,A&H Producer Advisory Council,,,info,NO_QUERY_GEO_RANK1_HAS_LOCATION;DUPLICATE_ROUNDED_SCORES_IN_TOP5,"Query omits city/state and rank-1 carries an address, but no same-name bare row ties it — acceptable when rank-1 is the best/only-named match (info only). Top-5 score ties are all the same entity (multi-office); expected, not a ranking defect (info only)."
7926321,President's Club 2023,,,med,DUPLICATE_ROUNDED_SCORES_IN_TOP5,Two or more top-5 rows of DIFFERENT entities share the same score to 4 decimals; ordering looks arbitrary without exposed tie-breakers.
7926322,Walmart Chicago,,,med,DUPLICATE_ROUNDED_SCORES_IN_TOP5,Two or more top-5 rows of DIFFERENT entities share the same score to 4 decimals; ordering looks arbitrary without exposed tie-breakers.
7926323,002WHL USACS Sr. Resident Forum,,,info,,No automated issues flagged; still spot-check for domain edge cases.
7926324,00712 allexperience Client Group,,,info,DUPLICATE_ROUNDED_SCORES_IN_TOP5,"Top-5 score ties are all the same entity (multi-office); expected, not a ranking defect (info only)."
7926325,11th Annual Diabetes and Obesity Conf,,,info,NO_QUERY_GEO_RANK1_HAS_LOCATION,"Query omits city/state and rank-1 carries an address, but no same-name bare row ties it — acceptable when rank-1 is the best/only-named match (info only)."
7926326,17 Room Nights (HE-156816),,,info,DUPLICATE_ROUNDED_SCORES_IN_TOP5,"Top-5 score ties are all the same entity (multi-office); expected, not a ranking defect (info only)."
7926327,2026 Avalon Healthcare Solutions CMO Sum,,,info,DUPLICATE_ROUNDED_SCORES_IN_TOP5,"Top-5 score ties are all the same entity (multi-office); expected, not a ranking defect (info only)."
7926328,2026 Client Advisory Offsite,,,info,,No automated issues flagged; still spot-check for domain edge cases.
7926329,2026 Daikin DCP,,,info,,No automated issues flagged; still spot-check for domain edge cases.
7926330,2027 Vision Care POA,,,info,NO_QUERY_GEO_RANK1_HAS_LOCATION;DUPLICATE_ROUNDED_SCORES_IN_TOP5,"Query omits city/state and rank-1 carries an address, but no same-name bare row ties it — acceptable when rank-1 is the best/only-named match (info only). Top-5 score ties are all the same entity (multi-office); expected, not a ranking defect (info only)."
7926331,2029 ConnectED Conference,,,med,DUPLICATE_ROUNDED_SCORES_IN_TOP5,Two or more top-5 rows of DIFFERENT entities share the same score to 4 decimals; ordering looks arbitrary without exposed tie-breakers.
7926332,8am,Austin,TX,info,,No automated issues flagged; still spot-check for domain edge cases.
7926333,2029 NYLI Partners Meeting,,,info,DUPLICATE_ROUNDED_SCORES_IN_TOP5,"Top-5 score ties are all the same entity (multi-office); expected, not a ranking defect (info only)."
7926334,"31st Annual Hypertension, Diabetes & Dys",,,info,DUPLICATE_ROUNDED_SCORES_IN_TOP5,"Top-5 score ties are all the same entity (multi-office); expected, not a ranking defect (info only)."
7926335,46 room nights HE-163281,,,info,,No automated issues flagged; still spot-check for domain edge cases.
7926336,2026 TA AB,,,info,NO_QUERY_GEO_RANK1_HAS_LOCATION,"Query omits city/state and rank-1 carries an address, but no same-name bare row ties it — acceptable when rank-1 is the best/only-named match (info only)."
7926337,2026 Room Block 114524,,,info,,No automated issues flagged; still spot-check for domain edge cases.
7926339,2027 Marsh Transactional Risk Summit,,,info,DUPLICATE_ROUNDED_SCORES_IN_TOP5,"Top-5 score ties are all the same entity (multi-office); expected, not a ranking defect (info only)."
7926340,Banner Partner Retreat,,,info,,No automated issues flagged; still spot-check for domain edge cases.
7926341,Barnes Beverage Group,Annapolis,MD,med,DUPLICATE_ROUNDED_SCORES_IN_TOP5,Two or more top-5 rows of DIFFERENT entities share the same score to 4 decimals; ordering looks arbitrary without exposed tie-breakers.
7926342,Barry Callebaut's,Chicago,IL,info,,No automated issues flagged; still spot-check for domain edge cases.
7926343,Basis,Chicago,IL,info,,No automated issues flagged; still spot-check for domain edge cases.
7926344,BCTGM 2027 Meeting,,,info,NO_QUERY_GEO_RANK1_HAS_LOCATION;DUPLICATE_ROUNDED_SCORES_IN_TOP5,"Query omits city/state and rank-1 carries an address, but no same-name bare row ties it — acceptable when rank-1 is the best/only-named match (info only). Top-5 score ties are all the same entity (multi-office); expected, not a ranking defect (info only)."
7926345,BDO Bermuda,Hamilton,Bermuda,info,,No automated issues flagged; still spot-check for domain edge cases.
7926346,Axsome - NSM Meeting,,,info,DUPLICATE_ROUNDED_SCORES_IN_TOP5,"Top-5 score ties are all the same entity (multi-office); expected, not a ranking defect (info only)."
7926347,Axsome Pharmaceutical,,,info,DUPLICATE_ROUNDED_SCORES_IN_TOP5,"Top-5 score ties are all the same entity (multi-office); expected, not a ranking defect (info only)."
7926348,"Baker Tilly Advisory Group, LP",,,info,,No automated issues flagged; still spot-check for domain edge cases.
7926349,American Learning Executive Summit 2027,,,info,DUPLICATE_ROUNDED_SCORES_IN_TOP5,"Top-5 score ties are all the same entity (multi-office); expected, not a ranking defect (info only)."
7926350,American Ostepathic Association,Chicago,IL,info,,No automated issues flagged; still spot-check for domain edge cases.
7926351,Annual Conference 2026,,,info,,No automated issues flagged; still spot-check for domain edge cases.
7926352,Annual National Hospitalist Confere,,,info,NO_QUERY_GEO_RANK1_HAS_LOCATION;DUPLICATE_ROUNDED_SCORES_IN_TOP5,"Query omits city/state and rank-1 carries an address, but no same-name bare row ties it — acceptable when rank-1 is the best/only-named match (info only). Top-5 score ties are all the same entity (multi-office); expected, not a ranking defect (info only)."
7926353,Annual Private Wealth Spring Retreat,,,info,NO_QUERY_GEO_RANK1_HAS_LOCATION,"Query omits city/state and rank-1 carries an address, but no same-name bare row ties it — acceptable when rank-1 is the best/only-named match (info only)."
7926354,Annual Women’s Health Conference,,,info,,No automated issues flagged; still spot-check for domain edge cases.
7926355,Anything Anywhere Anytime,Brussels,,info,,No automated issues flagged; still spot-check for domain edge cases.
7926356,APO Associate Partner Orientation,,,info,,No automated issues flagged; still spot-check for domain edge cases.
7926357,April 2026 OVERFLOW 114586,,,info,,No automated issues flagged; still spot-check for domain edge cases.
7926358,Ariat International,,,info,NO_QUERY_GEO_RANK1_HAS_LOCATION,"Query omits city/state and rank-1 carries an address, but no same-name bare row ties it — acceptable when rank-1 is the best/only-named match (info only)."
7926359,ARIEL RE BDA LIMITED,,,info,NO_QUERY_GEO_RANK1_HAS_LOCATION;DUPLICATE_ROUNDED_SCORES_IN_TOP5,"Query omits city/state and rank-1 carries an address, but no same-name bare row ties it — acceptable when rank-1 is the best/only-named match (info only). Top-5 score ties are all the same entity (multi-office); expected, not a ranking defect (info only)."
7926360,Ascot Bermuda Limited,Pembroke,Bermuda,info,,No automated issues flagged; still spot-check for domain edge cases.
7926361,Association for University & College Cou,,,info,DUPLICATE_ROUNDED_SCORES_IN_TOP5,"Top-5 score ties are all the same entity (multi-office); expected, not a ranking defect (info only)."
7926362,Belleza-Cosmetics Group - Spain,,,info,DUPLICATE_ROUNDED_SCORES_IN_TOP5,"Top-5 score ties are all the same entity (multi-office); expected, not a ranking defect (info only)."
7926363,BeOne Medicines,San Mateo,CA,info,,No automated issues flagged; still spot-check for domain edge cases.
7926364,Berger Family Gathering,,,info,NO_QUERY_GEO_RANK1_HAS_LOCATION,"Query omits city/state and rank-1 carries an address, but no same-name bare row ties it — acceptable when rank-1 is the best/only-named match (info only)."
7926365,Bermuda Deposit Insurance Corporation,,,med,NO_QUERY_GEO_RANK1_HAS_LOCATION;DUPLICATE_ROUNDED_SCORES_IN_TOP5,"Query omits city/state and rank-1 carries an address, but no same-name bare row ties it — acceptable when rank-1 is the best/only-named match (info only). Two or more top-5 rows of DIFFERENT entities share the same score to 4 decimals; ordering looks arbitrary without exposed tie-breakers."
7926366,Bermuda Realty Company Limited,,,info,DUPLICATE_ROUNDED_SCORES_IN_TOP5,"Top-5 score ties are all the same entity (multi-office); expected, not a ranking defect (info only)."
7926367,BNY Pershing’s Elite Advisor Summit 2,,,info,NO_QUERY_GEO_RANK1_HAS_LOCATION;DUPLICATE_ROUNDED_SCORES_IN_TOP5,"Query omits city/state and rank-1 carries an address, but no same-name bare row ties it — acceptable when rank-1 is the best/only-named match (info only). Top-5 score ties are all the same entity (multi-office); expected, not a ranking defect (info only)."
7926368,Board Meetings ID1241165,,,info,NO_QUERY_GEO_RANK1_HAS_LOCATION,"Query omits city/state and rank-1 carries an address, but no same-name bare row ties it — acceptable when rank-1 is the best/only-named match (info only)."
7926370,C&C Club Annual Outing,,,info,,No automated issues flagged; still spot-check for domain edge cases.
7926371,Cal Saws,Gold River,CA,med,DUPLICATE_ROUNDED_SCORES_IN_TOP5,Two or more top-5 rows of DIFFERENT entities share the same score to 4 decimals; ordering looks arbitrary without exposed tie-breakers.
7926372,CalCSA 2026 ADM and Legal College,,,info,,No automated issues flagged; still spot-check for domain edge cases.
7926373,CatalYm Board,San Francisco,CA,info,,No automated issues flagged; still spot-check for domain edge cases.
7926374,Center for Tech and Civic Life,Chicago,IL,info,,No automated issues flagged; still spot-check for domain edge cases.
7926375,Chase Travel Group ELT Meeting,,,info,,No automated issues flagged; still spot-check for domain edge cases.
7926376,Business Meeting 2026 HP8425575,,,info,NO_QUERY_GEO_RANK1_HAS_LOCATION,"Query omits city/state and rank-1 carries an address, but no same-name bare row ties it — acceptable when rank-1 is the best/only-named match (info only)."
7926377,Business Meeting 2026 HP8448246,,,info,,No automated issues flagged; still spot-check for domain edge cases.
7926378,Business Meeting HP8461462,,,info,NO_QUERY_GEO_RANK1_HAS_LOCATION,"Query omits city/state and rank-1 carries an address, but no same-name bare row ties it — acceptable when rank-1 is the best/only-named match (info only)."
7926379,Business Meeting HP8470229,,,info,NO_QUERY_GEO_RANK1_HAS_LOCATION,"Query omits city/state and rank-1 carries an address, but no same-name bare row ties it — acceptable when rank-1 is the best/only-named match (info only)."
7926380,Business Meeting HP8472356,,,info,NO_QUERY_GEO_RANK1_HAS_LOCATION,"Query omits city/state and rank-1 carries an address, but no same-name bare row ties it — acceptable when rank-1 is the best/only-named match (info only)."
7926381,Business Meeting HP8474382,,,info,NO_QUERY_GEO_RANK1_HAS_LOCATION,"Query omits city/state and rank-1 carries an address, but no same-name bare row ties it — acceptable when rank-1 is the best/only-named match (info only)."
7926382,Business Meeting HP8475682,,,info,NO_QUERY_GEO_RANK1_HAS_LOCATION,"Query omits city/state and rank-1 carries an address, but no same-name bare row ties it — acceptable when rank-1 is the best/only-named match (info only)."
7926383,Chicago Sports Network Client Trip,,,info,NO_QUERY_GEO_RANK1_HAS_LOCATION,"Query omits city/state and rank-1 carries an address, but no same-name bare row ties it — acceptable when rank-1 is the best/only-named match (info only)."
7926384,Chief of Staff Bootcamp 2026,,,info,NO_QUERY_GEO_RANK1_HAS_LOCATION,"Query omits city/state and rank-1 carries an address, but no same-name bare row ties it — acceptable when rank-1 is the best/only-named match (info only)."
7926385,Chiesi 2026 AIR Launch Meeting,,,info,,No automated issues flagged; still spot-check for domain edge cases.
7926386,Chomps,,,info,NO_QUERY_GEO_RANK1_HAS_LOCATION;DUPLICATE_ROUNDED_SCORES_IN_TOP5,"Query omits city/state and rank-1 carries an address, but no same-name bare row ties it — acceptable when rank-1 is the best/only-named match (info only). Top-5 score ties are all the same entity (multi-office); expected, not a ranking defect (info only)."
7926387,CIMAX Meeting,,,med,NO_QUERY_GEO_RANK1_HAS_LOCATION;DUPLICATE_ROUNDED_SCORES_IN_TOP5,"Query omits city/state and rank-1 carries an address, but no same-name bare row ties it — acceptable when rank-1 is the best/only-named match (info only). Two or more top-5 rows of DIFFERENT entities share the same score to 4 decimals; ordering looks arbitrary without exposed tie-breakers."
7926389,Cogency Global Corporate Offsite,,,info,DUPLICATE_ROUNDED_SCORES_IN_TOP5,"Top-5 score ties are all the same entity (multi-office); expected, not a ranking defect (info only)."
7926390,Clickhouse,,,info,NO_QUERY_GEO_RANK1_HAS_LOCATION;DUPLICATE_ROUNDED_SCORES_IN_TOP5,"Query omits city/state and rank-1 carries an address, but no same-name bare row ties it — acceptable when rank-1 is the best/only-named match (info only). Top-5 score ties are all the same entity (multi-office); expected, not a ranking defect (info only)."
7926395,Congress Bookers for AAN,,,info,,No automated issues flagged; still spot-check for domain edge cases.
7926396,Hyundai Genesis NDAC/RAB,,,info,DUPLICATE_ROUNDED_SCORES_IN_TOP5,"Top-5 score ties are all the same entity (multi-office); expected, not a ranking defect (info only)."
7926397,IDEA TRAVEL SOLUTIONS LLC,,,info,DUPLICATE_ROUNDED_SCORES_IN_TOP5,"Top-5 score ties are all the same entity (multi-office); expected, not a ranking defect (info only)."
7926398,IEEE Systems Council,Grand Rapids,MI,med,DUPLICATE_ROUNDED_SCORES_IN_TOP5,Two or more top-5 rows of DIFFERENT entities share the same score to 4 decimals; ordering looks arbitrary without exposed tie-breakers.
7926399,IFS Institute,Chicago,,med,DUPLICATE_ROUNDED_SCORES_IN_TOP5,Two or more top-5 rows of DIFFERENT entities share the same score to 4 decimals; ordering looks arbitrary without exposed tie-breakers.
7926400,Immunity Bio,,,info,NO_QUERY_GEO_RANK1_HAS_LOCATION,"Query omits city/state and rank-1 carries an address, but no same-name bare row ties it — acceptable when rank-1 is the best/only-named match (info only)."
7926401,Imagine Learning,Novi,MI,med,DUPLICATE_ROUNDED_SCORES_IN_TOP5,Two or more top-5 rows of DIFFERENT entities share the same score to 4 decimals; ordering looks arbitrary without exposed tie-breakers.
7926402,Hall Constructors,,BC,info,DUPLICATE_ROUNDED_SCORES_IN_TOP5,"Top-5 score ties are all the same entity (multi-office); expected, not a ranking defect (info only)."
7926403,GWT (Gainwell Technologies),,,info,NO_QUERY_GEO_RANK1_HAS_LOCATION;DUPLICATE_ROUNDED_SCORES_IN_TOP5,"Query omits city/state and rank-1 carries an address, but no same-name bare row ties it — acceptable when rank-1 is the best/only-named match (info only). Top-5 score ties are all the same entity (multi-office); expected, not a ranking defect (info only)."
7926404,Hanress,San Francisco,CA,info,,No automated issues flagged; still spot-check for domain edge cases.
7926406,Hematology Fall Meeting (BN70117),,,info,DUPLICATE_ROUNDED_SCORES_IN_TOP5,"Top-5 score ties are all the same entity (multi-office); expected, not a ranking defect (info only)."
7926407,Henderson Room Block,Chicago,IL,med,STRONG_SCORE_NON_EXACT_NAME;DUPLICATE_ROUNDED_SCORES_IN_TOP5;HYBRID_SEMANTIC_LED_AT_CEILING,Top-1 is a related but non-identical name (token_subset_mismatch) at 0.9658; rationale should justify suffix/token gaps. Two or more top-5 rows of DIFFERENT entities share the same score to 4 decimals; ordering looks arbitrary without exposed tie-breakers. Hybrid (semantic-led) at a ceiling score with non-exact name overlap — defensibility risk for SMEs.
7926408,Hims Inc. Quality Offsite 2026,,,info,,No automated issues flagged; still spot-check for domain edge cases.
7926409,Hippo Insurance,San Jose,CA,info,,No automated issues flagged; still spot-check for domain edge cases.
7926410,HMA - Health Mgmt Associates,,,info,NO_QUERY_GEO_RANK1_HAS_LOCATION;DUPLICATE_ROUNDED_SCORES_IN_TOP5,"Query omits city/state and rank-1 carries an address, but no same-name bare row ties it — acceptable when rank-1 is the best/only-named match (info only). Top-5 score ties are all the same entity (multi-office); expected, not a ranking defect (info only)."
7926412,HomeVestors 2026 Chicago Summit,,,info,,No automated issues flagged; still spot-check for domain edge cases.
7926413,Honcho Productions,Brooklyn,NY,info,,No automated issues flagged; still spot-check for domain edge cases.
7926415,Greycris LLC,San Francisco,CA,info,,No automated issues flagged; still spot-check for domain edge cases.
7926416,Grindr-2026 July-Summer All Team Offsite,Los Angeles,CA,info,,No automated issues flagged; still spot-check for domain edge cases.
7926417,Group Desk,,,info,NO_QUERY_GEO_RANK1_HAS_LOCATION,"Query omits city/state and rank-1 carries an address, but no same-name bare row ties it — acceptable when rank-1 is the best/only-named match (info only)."
7926418,Grover Gaming,,,info,NO_QUERY_GEO_RANK1_HAS_LOCATION;DUPLICATE_ROUNDED_SCORES_IN_TOP5,"Query omits city/state and rank-1 carries an address, but no same-name bare row ties it — acceptable when rank-1 is the best/only-named match (info only). Top-5 score ties are all the same entity (multi-office); expected, not a ranking defect (info only)."
7926419,Global Inclusion,,,med,DUPLICATE_ROUNDED_SCORES_IN_TOP5,Two or more top-5 rows of DIFFERENT entities share the same score to 4 decimals; ordering looks arbitrary without exposed tie-breakers.
7926420,Google K&I Senior Leadership Summit,,,info,DUPLICATE_ROUNDED_SCORES_IN_TOP5,"Top-5 score ties are all the same entity (multi-office); expected, not a ranking defect (info only)."
7926422,Geotab Grow January 2027,,,info,,No automated issues flagged; still spot-check for domain edge cases.
7926423,GI Sales ABMs Development Training,,,info,NO_QUERY_GEO_RANK1_HAS_LOCATION,"Query omits city/state and rank-1 carries an address, but no same-name bare row ties it — acceptable when rank-1 is the best/only-named match (info only)."
7926424,Fish & Richardson Office Managers,,,info,NO_QUERY_GEO_RANK1_HAS_LOCATION,"Query omits city/state and rank-1 carries an address, but no same-name bare row ties it — acceptable when rank-1 is the best/only-named match (info only)."
7926425,Fora Alumni Group Booking,,,info,DUPLICATE_ROUNDED_SCORES_IN_TOP5,"Top-5 score ties are all the same entity (multi-office); expected, not a ranking defect (info only)."
7926426,Ford Regional Golf Event,,,info,NO_QUERY_GEO_RANK1_HAS_LOCATION;DUPLICATE_ROUNDED_SCORES_IN_TOP5,"Query omits city/state and rank-1 carries an address, but no same-name bare row ties it — acceptable when rank-1 is the best/only-named match (info only). Top-5 score ties are all the same entity (multi-office); expected, not a ranking defect (info only)."
7926427,Fortune50 Conference,,,info,DUPLICATE_ROUNDED_SCORES_IN_TOP5,"Top-5 score ties are all the same entity (multi-office); expected, not a ranking defect (info only)."
7926428,Fraternity Sorority HP8425170,,,info,DUPLICATE_ROUNDED_SCORES_IN_TOP5,"Top-5 score ties are all the same entity (multi-office); expected, not a ranking defect (info only)."
7926437,Fastest Labs,,,med,NO_QUERY_GEO_RANK1_HAS_LOCATION;DUPLICATE_ROUNDED_SCORES_IN_TOP5,"Query omits city/state and rank-1 carries an address, but no same-name bare row ties it — acceptable when rank-1 is the best/only-named match (info only). Two or more top-5 rows of DIFFERENT entities share the same score to 4 decimals; ordering looks arbitrary without exposed tie-breakers."
7926438,FCB - CAB Leadership 2027,,,info,,No automated issues flagged; still spot-check for domain edge cases.
7926439,FCCS LTE FC S17,,,info,,No automated issues flagged; still spot-check for domain edge cases.
7926440,Fentimans,Houston,TX,med,DUPLICATE_ROUNDED_SCORES_IN_TOP5,Two or more top-5 rows of DIFFERENT entities share the same score to 4 decimals; ordering looks arbitrary without exposed tie-breakers.
7926441,FERMÀT Client Advisory Board Retreat,,,info,,No automated issues flagged; still spot-check for domain edge cases.
7926442,Fidelity National Title’s Top Performe,,,info,DUPLICATE_ROUNDED_SCORES_IN_TOP5,"Top-5 score ties are all the same entity (multi-office); expected, not a ranking defect (info only)."
7926443,FICM Top 10 2026,,,info,,No automated issues flagged; still spot-check for domain edge cases.
7926444,Fall Leadership Meeting,,,info,,No automated issues flagged; still spot-check for domain edge cases.
7926445,DeepLearning AI,Reno,NV,med,DUPLICATE_ROUNDED_SCORES_IN_TOP5,Two or more top-5 rows of DIFFERENT entities share the same score to 4 decimals; ordering looks arbitrary without exposed tie-breakers.
7926446,Dealer Tire Audi Incentive 2026,,,info,NO_QUERY_GEO_RANK1_HAS_LOCATION,"Query omits city/state and rank-1 carries an address, but no same-name bare row ties it — acceptable when rank-1 is the best/only-named match (info only)."
7926447,Cyera,Los Angeles,CA,info,,No automated issues flagged; still spot-check for domain edge cases.
7926448,CZT Discovery27TX,,,info,NO_QUERY_GEO_RANK1_HAS_LOCATION,"Query omits city/state and rank-1 carries an address, but no same-name bare row ties it — acceptable when rank-1 is the best/only-named match (info only)."
7926449,Davies Group,,Bermuda,info,DUPLICATE_ROUNDED_SCORES_IN_TOP5,"Top-5 score ties are all the same entity (multi-office); expected, not a ranking defect (info only)."
7926451,Dayforce,Ottawa,ON,info,,No automated issues flagged; still spot-check for domain edge cases.
7926452,Curio Science Interactive Regional Forum,,,info,NO_QUERY_GEO_RANK1_HAS_LOCATION;DUPLICATE_ROUNDED_SCORES_IN_TOP5,"Query omits city/state and rank-1 carries an address, but no same-name bare row ties it — acceptable when rank-1 is the best/only-named match (info only). Top-5 score ties are all the same entity (multi-office); expected, not a ranking defect (info only)."
7926453,Customer Advisory Board (CAB) 2026,,,info,,No automated issues flagged; still spot-check for domain edge cases.
7926454,CVPC 2026,,,info,,No automated issues flagged; still spot-check for domain edge cases.
7926455,CXU 2026,,,info,DUPLICATE_ROUNDED_SCORES_IN_TOP5,"Top-5 score ties are all the same entity (multi-office); expected, not a ranking defect (info only)."
7926456,Council of Large Affordable Housing Owne,Washington,DC,info,,No automated issues flagged; still spot-check for domain edge cases.
7926457,Crossroads Concert LLC c/o CohnReznick,New York,NY,info,,No automated issues flagged; still spot-check for domain edge cases.
7926458,Digital Fuel Capital LLC,,,info,DUPLICATE_ROUNDED_SCORES_IN_TOP5,"Top-5 score ties are all the same entity (multi-office); expected, not a ranking defect (info only)."
7926459,DoorDash F&S 2026 Spring Offsite,,,info,,No automated issues flagged; still spot-check for domain edge cases.
7926460,Dorsey + Whitney LLP,,,info,,No automated issues flagged; still spot-check for domain edge cases.
7926461,DrafKings,Boston,MA,info,,No automated issues flagged; still spot-check for domain edge cases.
7926462,DrafKings,Boston,MA,info,,No automated issues flagged; still spot-check for domain edge cases.
7926463,DroneDeploy High Flyer,,,info,NO_QUERY_GEO_RANK1_HAS_LOCATION;DUPLICATE_ROUNDED_SCORES_IN_TOP5,"Query omits city/state and rank-1 carries an address, but no same-name bare row ties it — acceptable when rank-1 is the best/only-named match (info only). Top-5 score ties are all the same entity (multi-office); expected, not a ranking defect (info only)."
7926464,DSB Rock Island 2026 Partner Trip,,,info,,No automated issues flagged; still spot-check for domain edge cases.
7926465,E. Ritter Retreat 2026,,,info,,No automated issues flagged; still spot-check for domain edge cases.
7926466,Earnest Consulting Group,Boston,MA,info,,No automated issues flagged; still spot-check for domain edge cases.
7926467,Edgewise,,,info,NO_QUERY_GEO_RANK1_HAS_LOCATION;DUPLICATE_ROUNDED_SCORES_IN_TOP5,"Query omits city/state and rank-1 carries an address, but no same-name bare row ties it — acceptable when rank-1 is the best/only-named match (info only). Top-5 score ties are all the same entity (multi-office); expected, not a ranking defect (info only)."
7926469,Emerson Test & Measurement Global SKO,,,info,NO_QUERY_GEO_RANK1_HAS_LOCATION;DUPLICATE_ROUNDED_SCORES_IN_TOP5,"Query omits city/state and rank-1 carries an address, but no same-name bare row ties it — acceptable when rank-1 is the best/only-named match (info only). Top-5 score ties are all the same entity (multi-office); expected, not a ranking defect (info only)."
7926470,Encore Bank,Austin,TX,info,,No automated issues flagged; still spot-check for domain edge cases.
7926471,Energy and Water Executive Forum 2027,,,info,,No automated issues flagged; still spot-check for domain edge cases.
7926472,Enterprise Mobility,Austin,TX,info,,No automated issues flagged; still spot-check for domain edge cases.
7926473,Eventure Austin Program Feb 2026,,,info,,No automated issues flagged; still spot-check for domain edge cases.
7926474,Everest,New York,NY,med,DUPLICATE_ROUNDED_SCORES_IN_TOP5,Two or more top-5 rows of DIFFERENT entities share the same score to 4 decimals; ordering looks arbitrary without exposed tie-breakers.
7926475,Eufora Intnernational,,,info,,No automated issues flagged; still spot-check for domain edge cases.
7926476,Eventbrite Group,,,info,,No automated issues flagged; still spot-check for domain edge cases.
7926477,Cornerstone Research Officer Meeting,,,info,NO_QUERY_GEO_RANK1_HAS_LOCATION;DUPLICATE_ROUNDED_SCORES_IN_TOP5,"Query omits city/state and rank-1 carries an address, but no same-name bare row ties it — acceptable when rank-1 is the best/only-named match (info only). Top-5 score ties are all the same entity (multi-office); expected, not a ranking defect (info only)."
7926478,Cornerstone Urology Network,,,info,NO_QUERY_GEO_RANK1_HAS_LOCATION;DUPLICATE_ROUNDED_SCORES_IN_TOP5,"Query omits city/state and rank-1 carries an address, but no same-name bare row ties it — acceptable when rank-1 is the best/only-named match (info only). Top-5 score ties are all the same entity (multi-office); expected, not a ranking defect (info only)."
7926479,Corporate Event for MB 1N,New Canaan,CT,med,DUPLICATE_ROUNDED_SCORES_IN_TOP5,Two or more top-5 rows of DIFFERENT entities share the same score to 4 decimals; ordering looks arbitrary without exposed tie-breakers.
7926480,Corwin,Camarillo,CA,med,STRONG_SCORE_NON_EXACT_NAME;HYBRID_SEMANTIC_LED_AT_CEILING,Top-1 is a related but non-identical name (query_and_top1_names_related_non_equal) at 0.9660; rationale should justify suffix/token gaps. Hybrid (semantic-led) at a ceiling score with non-exact name overlap — defensibility risk for SMEs.
7926481,Corporate Incentive Travel HP8467594,,,info,,No automated issues flagged; still spot-check for domain edge cases.
7926482,Common Spirit Health Executive Leadershi,,,info,,No automated issues flagged; still spot-check for domain edge cases.
7926483,"Complete Management Strategies, LLC",Houston,TX,info,,No automated issues flagged; still spot-check for domain edge cases.
7926484,Convention 2027 HP8461113,,,info,,No automated issues flagged; still spot-check for domain edge cases.
7926485,"Affiliated Independent Distributors, Inc",Pipersville,PA,info,,No automated issues flagged; still spot-check for domain edge cases.
7926486,ALTOUR,Parsippany,NJ,info,,No automated issues flagged; still spot-check for domain edge cases.
7926487,Bayer Meeting Management Team @ Maritz T,,,info,NO_QUERY_GEO_RANK1_HAS_LOCATION;DUPLICATE_ROUNDED_SCORES_IN_TOP5,"Query omits city/state and rank-1 carries an address, but no same-name bare row ties it — acceptable when rank-1 is the best/only-named match (info only). Top-5 score ties are all the same entity (multi-office); expected, not a ranking defect (info only)."
7926488,Bayer Meeting Management Team @ Maritz T,Lansdale,NJ,med,DUPLICATE_ROUNDED_SCORES_IN_TOP5,Two or more top-5 rows of DIFFERENT entities share the same score to 4 decimals; ordering looks arbitrary without exposed tie-breakers.
7926489,Bayer Meeting Management Team @ Maritz T,Lansdale,PA,info,,No automated issues flagged; still spot-check for domain edge cases.
7926490,Bayer Meeting Management Team @ Maritz T,Lansdale,PA,info,,No automated issues flagged; still spot-check for domain edge cases.
7926491,Beyond Excellent Events,Pittsburgh,PA,med,DUPLICATE_ROUNDED_SCORES_IN_TOP5,Two or more top-5 rows of DIFFERENT entities share the same score to 4 decimals; ordering looks arbitrary without exposed tie-breakers.
7926492,Cathy Palmateer,Fennville,MI,med,DUPLICATE_ROUNDED_SCORES_IN_TOP5,Two or more top-5 rows of DIFFERENT entities share the same score to 4 decimals; ordering looks arbitrary without exposed tie-breakers.
7926493,CLAHO,Washington,DC,info,,No automated issues flagged; still spot-check for domain edge cases.
7926494,Cygnet Events,Chicago,IL,info,,No automated issues flagged; still spot-check for domain edge cases.
7926495,Dasfete,,Bermuda,info,,No automated issues flagged; still spot-check for domain edge cases.
7926496,Direct Tavel,"San Jose, CA (SJC)",CA,info,,No automated issues flagged; still spot-check for domain edge cases.
7926497,"Emota, part of Inizio Engage XD",Southlake,TX,info,DUPLICATE_ROUNDED_SCORES_IN_TOP5,"Top-5 score ties are all the same entity (multi-office); expected, not a ranking defect (info only)."
7926498,"Event and The City, LLC",,,med,NO_QUERY_GEO_RANK1_HAS_LOCATION;DUPLICATE_ROUNDED_SCORES_IN_TOP5,"Query omits city/state and rank-1 carries an address, but no same-name bare row ties it — acceptable when rank-1 is the best/only-named match (info only). Two or more top-5 rows of DIFFERENT entities share the same score to 4 decimals; ordering looks arbitrary without exposed tie-breakers."
7926499,FIRST,New York,NY,info,,No automated issues flagged; still spot-check for domain edge cases.
7926500,GTC,Beverly Hills,CA,med,DUPLICATE_ROUNDED_SCORES_IN_TOP5,Two or more top-5 rows of DIFFERENT entities share the same score to 4 decimals; ordering looks arbitrary without exposed tie-breakers.
7926501,https://www.meetingsme.com/,Denver,CO,info,,No automated issues flagged; still spot-check for domain edge cases.
7926502,Ideal Living,Appleton,WI,med,DUPLICATE_ROUNDED_SCORES_IN_TOP5,Two or more top-5 rows of DIFFERENT entities share the same score to 4 decimals; ordering looks arbitrary without exposed tie-breakers.
7926503,Ideal Living,Las Vegas,NV,info,,No automated issues flagged; still spot-check for domain edge cases.
7926504,Ideal Living,Tampa,FL,info,,No automated issues flagged; still spot-check for domain edge cases.
7926505,IME Connect,London,,info,DUPLICATE_ROUNDED_SCORES_IN_TOP5,"Top-5 score ties are all the same entity (multi-office); expected, not a ranking defect (info only)."
7926506,IME Connect,San Francisco,CA,info,,No automated issues flagged; still spot-check for domain edge cases.
7926507,J Shay Event Solutions,Krum,TX,info,,No automated issues flagged; still spot-check for domain edge cases.
7926508,Key Events,Denver,CO,med,STRONG_SCORE_NON_EXACT_NAME;DUPLICATE_ROUNDED_SCORES_IN_TOP5;HYBRID_SEMANTIC_LED_AT_CEILING,Top-1 is a related but non-identical name (token_subset_mismatch) at 0.9662; rationale should justify suffix/token gaps. Two or more top-5 rows of DIFFERENT entities share the same score to 4 decimals; ordering looks arbitrary without exposed tie-breakers. Hybrid (semantic-led) at a ceiling score with non-exact name overlap — defensibility risk for SMEs.
7926509,Key Meetings + Events,Denver,CO,info,,No automated issues flagged; still spot-check for domain edge cases.
7926510,MAMS,Sacramento,CA,info,,No automated issues flagged; still spot-check for domain edge cases.
7926511,Maximonte Travel,Houston,TX,info,,No automated issues flagged; still spot-check for domain edge cases.
7926512,Mind Flare,,,info,NO_QUERY_GEO_RANK1_HAS_LOCATION;DUPLICATE_ROUNDED_SCORES_IN_TOP5,"Query omits city/state and rank-1 carries an address, but no same-name bare row ties it — acceptable when rank-1 is the best/only-named match (info only). Top-5 score ties are all the same entity (multi-office); expected, not a ranking defect (info only)."
7926513,Seeds of Clay,Baltimore,MD,info,,No automated issues flagged; still spot-check for domain edge cases.
7926514,Skirt,Hamilton,Bermuda,info,,No automated issues flagged; still spot-check for domain edge cases.
7926515,The Meeting Advocate,Altamonte Springs,FL,info,,No automated issues flagged; still spot-check for domain edge cases.
7926516,The Optimus Travel,Mound,MN,info,,No automated issues flagged; still spot-check for domain edge cases.
7926517,Travel by JB,Eastchester,NY,info,,No automated issues flagged; still spot-check for domain edge cases.
7926518,Arcoro,Ventura,CA,info,,No automated issues flagged; still spot-check for domain edge cases.
7926519,CoC Strategy Meeting,Charlotte,NC,info,,No automated issues flagged; still spot-check for domain edge cases.
7926523,DALPC*,,,info,NO_QUERY_GEO_RANK1_HAS_LOCATION,"Query omits city/state and rank-1 carries an address, but no same-name bare row ties it — acceptable when rank-1 is the best/only-named match (info only)."
7926524,DALPC*,Aliso Viejo,,info,,No automated issues flagged; still spot-check for domain edge cases.
7926525,DALPC*,Atlanta,GA,info,,No automated issues flagged; still spot-check for domain edge cases.
7926526,DALPC*,Brooklyn,NY,info,,No automated issues flagged; still spot-check for domain edge cases.
7926527,DALPC*,Charlotte,NC,info,,No automated issues flagged; still spot-check for domain edge cases.
7926528,DALPC*,Dallas,TX,info,,No automated issues flagged; still spot-check for domain edge cases.
7926529,DALPC*,Los Angeles,CA,info,,No automated issues flagged; still spot-check for domain edge cases.
7926530,DALPC*,Lubbock,TX,info,,No automated issues flagged; still spot-check for domain edge cases.
7926531,DALPC*,Memphis,TN,info,,No automated issues flagged; still spot-check for domain edge cases.
7926532,DALPC*,Miami,FL,info,,No automated issues flagged; still spot-check for domain edge cases.
7926533,DALPC*,San Diego,CA,info,,No automated issues flagged; still spot-check for domain edge cases.
7926534,DALPC*,Tulsa,OK,info,,No automated issues flagged; still spot-check for domain edge cases.
7926535,DALPC*,Dallas,TX,info,,No automated issues flagged; still spot-check for domain edge cases.
7926536,DALPC*,Dallas,TX,info,,No automated issues flagged; still spot-check for domain edge cases.
7926537,DMC,Addison,TX,med,STRONG_SCORE_NON_EXACT_NAME;DUPLICATE_ROUNDED_SCORES_IN_TOP5;HYBRID_SEMANTIC_LED_AT_CEILING,Top-1 is a related but non-identical name (query_and_top1_names_related_non_equal) at 0.9661; rationale should justify suffix/token gaps. Two or more top-5 rows of DIFFERENT entities share the same score to 4 decimals; ordering looks arbitrary without exposed tie-breakers. Hybrid (semantic-led) at a ceiling score with non-exact name overlap — defensibility risk for SMEs.
7926538,Genetix,Somerville,MA,med,DUPLICATE_ROUNDED_SCORES_IN_TOP5,Two or more top-5 rows of DIFFERENT entities share the same score to 4 decimals; ordering looks arbitrary without exposed tie-breakers.
7926539,Groups360,,,info,NO_QUERY_GEO_RANK1_HAS_LOCATION,"Query omits city/state and rank-1 carries an address, but no same-name bare row ties it — acceptable when rank-1 is the best/only-named match (info only)."
7926540,Groups360,Dallas,TX,info,DUPLICATE_ROUNDED_SCORES_IN_TOP5,"Top-5 score ties are all the same entity (multi-office); expected, not a ranking defect (info only)."
7926541,Groups360,Dallas,TX,info,DUPLICATE_ROUNDED_SCORES_IN_TOP5,"Top-5 score ties are all the same entity (multi-office); expected, not a ranking defect (info only)."
7926542,HJ Sims Bank,New York,NY,info,,No automated issues flagged; still spot-check for domain edge cases.
7926543,ICON/Biomarin Pharma 333-301 USA,,,info,,No automated issues flagged; still spot-check for domain edge cases.
7926544,Ohlinger Studios,,,info,NO_QUERY_GEO_RANK1_HAS_LOCATION;DUPLICATE_ROUNDED_SCORES_IN_TOP5,"Query omits city/state and rank-1 carries an address, but no same-name bare row ties it — acceptable when rank-1 is the best/only-named match (info only). Top-5 score ties are all the same entity (multi-office); expected, not a ranking defect (info only)."
7926545,Plano Texas Meeting Space Request,,,info,NO_QUERY_GEO_RANK1_HAS_LOCATION;DUPLICATE_ROUNDED_SCORES_IN_TOP5,"Query omits city/state and rank-1 carries an address, but no same-name bare row ties it — acceptable when rank-1 is the best/only-named match (info only). Top-5 score ties are all the same entity (multi-office); expected, not a ranking defect (info only)."
7926546,Progress Residential,,,info,,No automated issues flagged; still spot-check for domain edge cases.
7926548,Thackeray Partners,Dallas,TX,info,,No automated issues flagged; still spot-check for domain edge cases.
7926549,Perennials & Sutherland LLC,Scottsdale,AZ,med,DUPLICATE_ROUNDED_SCORES_IN_TOP5,Two or more top-5 rows of DIFFERENT entities share the same score to 4 decimals; ordering looks arbitrary without exposed tie-breakers.
7926550,2026 ND Golf Trip,Sawgrass,FL,info,,No automated issues flagged; still spot-check for domain edge cases.
7926551,2026 Q1 Sales and Events,Kohler,WI,med,DUPLICATE_ROUNDED_SCORES_IN_TOP5,Two or more top-5 rows of DIFFERENT entities share the same score to 4 decimals; ordering looks arbitrary without exposed tie-breakers.
7926552,Anselm House,Minneapolis,MN,med,DUPLICATE_ROUNDED_SCORES_IN_TOP5,Two or more top-5 rows of DIFFERENT entities share the same score to 4 decimals; ordering looks arbitrary without exposed tie-breakers.
7926553,Associated Bank,Minneapolis,MN,info,,No automated issues flagged; still spot-check for domain edge cases.
7926554,AU SOLUTIONS,Tulsa,OK,med,DUPLICATE_ROUNDED_SCORES_IN_TOP5,Two or more top-5 rows of DIFFERENT entities share the same score to 4 decimals; ordering looks arbitrary without exposed tie-breakers.
7926555,Avalon Bay Alumni,Leland,NC,med,DUPLICATE_ROUNDED_SCORES_IN_TOP5,Two or more top-5 rows of DIFFERENT entities share the same score to 4 decimals; ordering looks arbitrary without exposed tie-breakers.
7926556,Baker & Karvala Ceremony,Wauwatosa,WI,info,,No automated issues flagged; still spot-check for domain edge cases.
7926557,Bishops Bay Country Club,Middleton,WI,med,DUPLICATE_ROUNDED_SCORES_IN_TOP5,Two or more top-5 rows of DIFFERENT entities share the same score to 4 decimals; ordering looks arbitrary without exposed tie-breakers.
7926559,Brad Jones Group,Alamo,CA,med,DUPLICATE_ROUNDED_SCORES_IN_TOP5,Two or more top-5 rows of DIFFERENT entities share the same score to 4 decimals; ordering looks arbitrary without exposed tie-breakers.
7926560,Breakfast Ball Invitational,Oklahoma City,OK,med,DUPLICATE_ROUNDED_SCORES_IN_TOP5,Two or more top-5 rows of DIFFERENT entities share the same score to 4 decimals; ordering looks arbitrary without exposed tie-breakers.
7926561,Charles River Associates,Chicago,IL,info,,No automated issues flagged; still spot-check for domain edge cases.
7926563,Cornerstone Financial Advisors LLC,Barrington,IL,med,DUPLICATE_ROUNDED_SCORES_IN_TOP5,Two or more top-5 rows of DIFFERENT entities share the same score to 4 decimals; ordering looks arbitrary without exposed tie-breakers.
7926564,County and Tribal Veterans Service Offices of Wisconsin,Black River Falls,WI,med,DUPLICATE_ROUNDED_SCORES_IN_TOP5,Two or more top-5 rows of DIFFERENT entities share the same score to 4 decimals; ordering looks arbitrary without exposed tie-breakers.
7926565,Databricks Inc.,Winneconne,WI,info,,No automated issues flagged; still spot-check for domain edge cases.
7926566,Desert Highlands Golf Club,Scottsdale,AZ,info,,No automated issues flagged; still spot-check for domain edge cases.
7926567,Dynamic Dental Advisors,Madison,WI,med,DUPLICATE_ROUNDED_SCORES_IN_TOP5,Two or more top-5 rows of DIFFERENT entities share the same score to 4 decimals; ordering looks arbitrary without exposed tie-breakers.
7926568,Eaker Group,Saint Charles,MO,info,,No automated issues flagged; still spot-check for domain edge cases.
7926569,EPIC 21,La Crosse,WI,info,,No automated issues flagged; still spot-check for domain edge cases.
7926570,Epic Girls Trip with Lesley,Fairfield,CA,med,DUPLICATE_ROUNDED_SCORES_IN_TOP5,Two or more top-5 rows of DIFFERENT entities share the same score to 4 decimals; ordering looks arbitrary without exposed tie-breakers.
7926571,"First Supply, LLC",Whitefish Bay,WI,info,,No automated issues flagged; still spot-check for domain edge cases.
7926574,Hooper Corporation,DeForest,WI,med,DUPLICATE_ROUNDED_SCORES_IN_TOP5,Two or more top-5 rows of DIFFERENT entities share the same score to 4 decimals; ordering looks arbitrary without exposed tie-breakers.
7926576,Infinity Natural Resources,Morgantown,WV,med,DUPLICATE_ROUNDED_SCORES_IN_TOP5,Two or more top-5 rows of DIFFERENT entities share the same score to 4 decimals; ordering looks arbitrary without exposed tie-breakers.
7926577,James Wenk Outing,Garden City,NY,info,,No automated issues flagged; still spot-check for domain edge cases.
7926578,Karen Keyes Group,Ridgewood,NJ,med,DUPLICATE_ROUNDED_SCORES_IN_TOP5,Two or more top-5 rows of DIFFERENT entities share the same score to 4 decimals; ordering looks arbitrary without exposed tie-breakers.
7926581,Laudio,Boston,MA,med,DUPLICATE_ROUNDED_SCORES_IN_TOP5,Two or more top-5 rows of DIFFERENT entities share the same score to 4 decimals; ordering looks arbitrary without exposed tie-breakers.
7926584,Maguigan Group,Gainesville,FL,info,,No automated issues flagged; still spot-check for domain edge cases.
7926587,Mike Jordan Outing,Oconomowoc,WI,med,DUPLICATE_ROUNDED_SCORES_IN_TOP5,Two or more top-5 rows of DIFFERENT entities share the same score to 4 decimals; ordering looks arbitrary without exposed tie-breakers.
7926588,Mississippi Boys GOLF,Vicksburg,MS,med,DUPLICATE_ROUNDED_SCORES_IN_TOP5,Two or more top-5 rows of DIFFERENT entities share the same score to 4 decimals; ordering looks arbitrary without exposed tie-breakers.
7926589,MojoPMM,Carlisle,PA,info,,No automated issues flagged; still spot-check for domain edge cases.
7926593,Oppidan,Excelsior,MN,info,,No automated issues flagged; still spot-check for domain edge cases.
7926594,Ott Family,Sheboygan Falls,WI,med,DUPLICATE_ROUNDED_SCORES_IN_TOP5,Two or more top-5 rows of DIFFERENT entities share the same score to 4 decimals; ordering looks arbitrary without exposed tie-breakers.
7926595,OwnersEdge,Waukesha,WI,med,DUPLICATE_ROUNDED_SCORES_IN_TOP5,Two or more top-5 rows of DIFFERENT entities share the same score to 4 decimals; ordering looks arbitrary without exposed tie-breakers.
7926596,Picazo Family,South Elgin,IL,med,DUPLICATE_ROUNDED_SCORES_IN_TOP5,Two or more top-5 rows of DIFFERENT entities share the same score to 4 decimals; ordering looks arbitrary without exposed tie-breakers.
7926598,Ravenna Group,Littleton,CO,med,DUPLICATE_ROUNDED_SCORES_IN_TOP5,Two or more top-5 rows of DIFFERENT entities share the same score to 4 decimals; ordering looks arbitrary without exposed tie-breakers.
7926602,"RVR Competition, LLC",Concord,NC,med,DUPLICATE_ROUNDED_SCORES_IN_TOP5,Two or more top-5 rows of DIFFERENT entities share the same score to 4 decimals; ordering looks arbitrary without exposed tie-breakers.
7926604,Suburban Automotive Services,Troy,MI,info,,No automated issues flagged; still spot-check for domain edge cases.
7926605,Temperature Equipment Corporate,Lansing,IL,info,DUPLICATE_ROUNDED_SCORES_IN_TOP5,"Top-5 score ties are all the same entity (multi-office); expected, not a ranking defect (info only)."
7926606,The Kohler 8,Saint Charles,MO,info,DUPLICATE_ROUNDED_SCORES_IN_TOP5,"Top-5 score ties are all the same entity (multi-office); expected, not a ranking defect (info only)."
7926607,Theda and Tamblin Clark Smith Family Foundation Inc.,Neenah,WI,med,DUPLICATE_ROUNDED_SCORES_IN_TOP5,Two or more top-5 rows of DIFFERENT entities share the same score to 4 decimals; ordering looks arbitrary without exposed tie-breakers.
7926608,Third Cost Wealth Advisors,Sheboygan,WI,info,,No automated issues flagged; still spot-check for domain edge cases.
7926609,Thrivent,Sheboygan,WI,info,,No automated issues flagged; still spot-check for domain edge cases.
7926610,TO Far and Sure Golf Tours,Orland Park,IL,med,DUPLICATE_ROUNDED_SCORES_IN_TOP5,Two or more top-5 rows of DIFFERENT entities share the same score to 4 decimals; ordering looks arbitrary without exposed tie-breakers.
7926611,USTA,Green Bay,WI,info,,No automated issues flagged; still spot-check for domain edge cases.
7926612,Vee-Jay Cement,Saint Louis,MO,med,STRONG_SCORE_NON_EXACT_NAME;DUPLICATE_ROUNDED_SCORES_IN_TOP5;HYBRID_SEMANTIC_LED_AT_CEILING,Top-1 is a related but non-identical name (query_and_top1_names_related_non_equal) at 0.9661; rationale should justify suffix/token gaps. Two or more top-5 rows of DIFFERENT entities share the same score to 4 decimals; ordering looks arbitrary without exposed tie-breakers. Hybrid (semantic-led) at a ceiling score with non-exact name overlap — defensibility risk for SMEs.
7926613,Vivian Calusinski Yoga,Saint Charles,IL,info,,No automated issues flagged; still spot-check for domain edge cases.
7926614,VisionLink Events,Lake Forest,CA,med,DUPLICATE_ROUNDED_SCORES_IN_TOP5,Two or more top-5 rows of DIFFERENT entities share the same score to 4 decimals; ordering looks arbitrary without exposed tie-breakers.
7926637,1st Century Bank,San Diego,CA,info,,No automated issues flagged; still spot-check for domain edge cases.
7926638,A La C.A.R.T.E. Solutions - ALC,,,info,NO_QUERY_GEO_RANK1_HAS_LOCATION;DUPLICATE_ROUNDED_SCORES_IN_TOP5,"Query omits city/state and rank-1 carries an address, but no same-name bare row ties it — acceptable when rank-1 is the best/only-named match (info only). Top-5 score ties are all the same entity (multi-office); expected, not a ranking defect (info only)."
7926639,Accelerate Change,Washington,DC,info,,No automated issues flagged; still spot-check for domain edge cases.
7926640,Accuity LLP,,,info,NO_QUERY_GEO_RANK1_HAS_LOCATION;DUPLICATE_ROUNDED_SCORES_IN_TOP5,"Query omits city/state and rank-1 carries an address, but no same-name bare row ties it — acceptable when rank-1 is the best/only-named match (info only). Top-5 score ties are all the same entity (multi-office); expected, not a ranking defect (info only)."
7926641,Accuity LLP,,NJ,info,,No automated issues flagged; still spot-check for domain edge cases.
7926642,AccuRisk Solutions LLC,Denver,CO,info,,No automated issues flagged; still spot-check for domain edge cases.
7926643,ACES Autism Therapy,San Diego,CA,info,,No automated issues flagged; still spot-check for domain edge cases.
7926644,ACTA,Sacramento,ca,info,,No automated issues flagged; still spot-check for domain edge cases.
7926645,Agility Fuel Solutions,,,info,NO_QUERY_GEO_RANK1_HAS_LOCATION;DUPLICATE_ROUNDED_SCORES_IN_TOP5,"Query omits city/state and rank-1 carries an address, but no same-name bare row ties it — acceptable when rank-1 is the best/only-named match (info only). Top-5 score ties are all the same entity (multi-office); expected, not a ranking defect (info only)."
7926646,Air Apps,SAN FRANCISCO,CA,info,,No automated issues flagged; still spot-check for domain edge cases.
7926647,Allocate,Palo Alto,CA,info,,No automated issues flagged; still spot-check for domain edge cases.
7926648,AlphaCore Wealth Advisory,San Diego,CA,info,,No automated issues flagged; still spot-check for domain edge cases.
7926649,American Dream Media,,,info,NO_QUERY_GEO_RANK1_HAS_LOCATION;DUPLICATE_ROUNDED_SCORES_IN_TOP5,"Query omits city/state and rank-1 carries an address, but no same-name bare row ties it — acceptable when rank-1 is the best/only-named match (info only). Top-5 score ties are all the same entity (multi-office); expected, not a ranking defect (info only)."
7926650,American Missionary Church,Jenks,OK,med,DUPLICATE_ROUNDED_SCORES_IN_TOP5,Two or more top-5 rows of DIFFERENT entities share the same score to 4 decimals; ordering looks arbitrary without exposed tie-breakers.
7926651,Anaheim Regional Medical Center (AHMC),Monterey Park,CA,info,DUPLICATE_ROUNDED_SCORES_IN_TOP5,"Top-5 score ties are all the same entity (multi-office); expected, not a ranking defect (info only)."
7926652,Apogee Therapuetics,SAN DIEGO,CA,info,,No automated issues flagged; still spot-check for domain edge cases.
7926653,AppLovin Corporation,,,info,NO_QUERY_GEO_RANK1_HAS_LOCATION;DUPLICATE_ROUNDED_SCORES_IN_TOP5,"Query omits city/state and rank-1 carries an address, but no same-name bare row ties it — acceptable when rank-1 is the best/only-named match (info only). Top-5 score ties are all the same entity (multi-office); expected, not a ranking defect (info only)."
7926654,Architectural Glass & Aluminum: AGA,Riverside,CA,med,DUPLICATE_ROUNDED_SCORES_IN_TOP5,Two or more top-5 rows of DIFFERENT entities share the same score to 4 decimals; ordering looks arbitrary without exposed tie-breakers.
7926655,Arctic Wolf Networks Inc,,,info,,No automated issues flagged; still spot-check for domain edge cases.
7926656,Automotive Events [PRIMARY],,,med,NO_QUERY_GEO_RANK1_HAS_LOCATION;DUPLICATE_ROUNDED_SCORES_IN_TOP5,"Query omits city/state and rank-1 carries an address, but no same-name bare row ties it — acceptable when rank-1 is the best/only-named match (info only). Two or more top-5 rows of DIFFERENT entities share the same score to 4 decimals; ordering looks arbitrary without exposed tie-breakers."
7926657,Avadel,San Diego,CA,med,STRONG_SCORE_NON_EXACT_NAME;HYBRID_SEMANTIC_LED_AT_CEILING,Top-1 is a related but non-identical name (query_and_top1_names_related_non_equal) at 0.9644; rationale should justify suffix/token gaps. Hybrid (semantic-led) at a ceiling score with non-exact name overlap — defensibility risk for SMEs.
7926658,Beazley Digital,New York,NY,info,,No automated issues flagged; still spot-check for domain edge cases.
7926659,Bellflower Unified School District,Bellflower,CA,info,,No automated issues flagged; still spot-check for domain edge cases.
7926660,Birthify,,,info,NO_QUERY_GEO_RANK1_HAS_LOCATION;DUPLICATE_ROUNDED_SCORES_IN_TOP5,"Query omits city/state and rank-1 carries an address, but no same-name bare row ties it — acceptable when rank-1 is the best/only-named match (info only). Top-5 score ties are all the same entity (multi-office); expected, not a ranking defect (info only)."
7926661,Board Leadership for Destinations LLC,Madison,WI,med,DUPLICATE_ROUNDED_SCORES_IN_TOP5,Two or more top-5 rows of DIFFERENT entities share the same score to 4 decimals; ordering looks arbitrary without exposed tie-breakers.
7926662,Brain Corp,,,med,NO_QUERY_GEO_RANK1_HAS_LOCATION;DUPLICATE_ROUNDED_SCORES_IN_TOP5,"Query omits city/state and rank-1 carries an address, but no same-name bare row ties it — acceptable when rank-1 is the best/only-named match (info only). Two or more top-5 rows of DIFFERENT entities share the same score to 4 decimals; ordering looks arbitrary without exposed tie-breakers."
7926663,Buildr,,,info,NO_QUERY_GEO_RANK1_HAS_LOCATION;DUPLICATE_ROUNDED_SCORES_IN_TOP5,"Query omits city/state and rank-1 carries an address, but no same-name bare row ties it — acceptable when rank-1 is the best/only-named match (info only). Top-5 score ties are all the same entity (multi-office); expected, not a ranking defect (info only)."
7926664,Buxton Global,,,info,,No automated issues flagged; still spot-check for domain edge cases.
7926665,CAMP Digital,Edina,MN,med,DUPLICATE_ROUNDED_SCORES_IN_TOP5,Two or more top-5 rows of DIFFERENT entities share the same score to 4 decimals; ordering looks arbitrary without exposed tie-breakers.
7926666,Capital Alliance Mastermind,Springfield,NJ,info,DUPLICATE_ROUNDED_SCORES_IN_TOP5,"Top-5 score ties are all the same entity (multi-office); expected, not a ranking defect (info only)."
7926667,Channel Panel,San Francisco,CA,info,,No automated issues flagged; still spot-check for domain edge cases.
7926668,Chicago Stars,Chicago,IL,med,STRONG_SCORE_NON_EXACT_NAME;HYBRID_SEMANTIC_LED_AT_CEILING,Top-1 is a related but non-identical name (token_subset_mismatch) at 0.9662; rationale should justify suffix/token gaps. Hybrid (semantic-led) at a ceiling score with non-exact name overlap — defensibility risk for SMEs.
7926669,CMX,Kansas City,MO,info,,No automated issues flagged; still spot-check for domain edge cases.
7926670,Colorado Surgical Institute,Greeley,CO,info,,No automated issues flagged; still spot-check for domain edge cases.
7926671,Colorescience [PRIMARY],Carlsbad,CA,info,,No automated issues flagged; still spot-check for domain edge cases.
7926672,Compliance Metrix,,,info,NO_QUERY_GEO_RANK1_HAS_LOCATION;DUPLICATE_ROUNDED_SCORES_IN_TOP5,"Query omits city/state and rank-1 carries an address, but no same-name bare row ties it — acceptable when rank-1 is the best/only-named match (info only). Top-5 score ties are all the same entity (multi-office); expected, not a ranking defect (info only)."
7926673,"Confluent, Inc.",San Francisco,CA,info,,No automated issues flagged; still spot-check for domain edge cases.
7926674,Conn Maciel Carey LLP,,,info,NO_QUERY_GEO_RANK1_HAS_LOCATION,"Query omits city/state and rank-1 carries an address, but no same-name bare row ties it — acceptable when rank-1 is the best/only-named match (info only)."
7926675,Conn Maciel Carey LLP,San Francisco,CA,info,,No automated issues flagged; still spot-check for domain edge cases.
7926676,Convergint Technologies LLC,Hoffman Estates,IL,info,,No automated issues flagged; still spot-check for domain edge cases.
7926677,"Cornerstone Research, Inc.",Whittier,CA,info,DUPLICATE_ROUNDED_SCORES_IN_TOP5,"Top-5 score ties are all the same entity (multi-office); expected, not a ranking defect (info only)."
7926678,Couples Cure,,OK,info,DUPLICATE_ROUNDED_SCORES_IN_TOP5,"Top-5 score ties are all the same entity (multi-office); expected, not a ranking defect (info only)."
7926679,Cranfield School of Management,Cranfield,Bedfordshire,med,STRONG_SCORE_NON_EXACT_NAME;DUPLICATE_ROUNDED_SCORES_IN_TOP5;HYBRID_SEMANTIC_LED_AT_CEILING,Top-1 is a related but non-identical name (token_subset_mismatch) at 0.9668; rationale should justify suffix/token gaps. Two or more top-5 rows of DIFFERENT entities share the same score to 4 decimals; ordering looks arbitrary without exposed tie-breakers. Hybrid (semantic-led) at a ceiling score with non-exact name overlap — defensibility risk for SMEs.
7926680,D.Law,,,info,,No automated issues flagged; still spot-check for domain edge cases.
7926681,Designalytics,Encinitas,CA,info,DUPLICATE_ROUNDED_SCORES_IN_TOP5,"Top-5 score ties are all the same entity (multi-office); expected, not a ranking defect (info only)."
7926682,Digital AI,San Francisco,CA,info,,No automated issues flagged; still spot-check for domain edge cases.
7926683,DPR Construction [PRIMARY],Redwood City,CA,info,,No automated issues flagged; still spot-check for domain edge cases.
7926684,Element Resources,San Diego,CA,info,,No automated issues flagged; still spot-check for domain edge cases.
7926693,Endeavor Business Media,San Francisco,CA,info,DUPLICATE_ROUNDED_SCORES_IN_TOP5,"Top-5 score ties are all the same entity (multi-office); expected, not a ranking defect (info only)."
7926694,Entrokey Labs,Bend,OR,info,DUPLICATE_ROUNDED_SCORES_IN_TOP5,"Top-5 score ties are all the same entity (multi-office); expected, not a ranking defect (info only)."
7926695,Evidently,San Francisco,CA,info,,No automated issues flagged; still spot-check for domain edge cases.
7926696,Facilitron,San Diego,CA,info,,No automated issues flagged; still spot-check for domain edge cases.
7926697,Federato,San Francisco,CA,med,STRONG_SCORE_NON_EXACT_NAME;HYBRID_SEMANTIC_LED_AT_CEILING,Top-1 is a related but non-identical name (query_and_top1_names_related_non_equal) at 0.9659; rationale should justify suffix/token gaps. Hybrid (semantic-led) at a ceiling score with non-exact name overlap — defensibility risk for SMEs.
7926698,Fenix Marine Services,Los Angeles,CA,info,,No automated issues flagged; still spot-check for domain edge cases.
7926699,FGI,New York,NY,med,STRONG_SCORE_NON_EXACT_NAME;HYBRID_SEMANTIC_LED_AT_CEILING,Top-1 is a related but non-identical name (query_and_top1_names_related_non_equal) at 0.9723; rationale should justify suffix/token gaps. Hybrid (semantic-led) at a ceiling score with non-exact name overlap — defensibility risk for SMEs.
7926700,"Fortune Practice Management, INC.[PRIMARY]",San Francisco,CA,info,,No automated issues flagged; still spot-check for domain edge cases.
7926701,Givebutter,Austin,TX,info,,No automated issues flagged; still spot-check for domain edge cases.
7926702,Great Divide Womens Retreat,,,info,,No automated issues flagged; still spot-check for domain edge cases.
7926703,HAYA Therapeutics,,,info,DUPLICATE_ROUNDED_SCORES_IN_TOP5,"Top-5 score ties are all the same entity (multi-office); expected, not a ranking defect (info only)."
7926704,"Illumina, Inc. (Primary)",,AL,info,DUPLICATE_ROUNDED_SCORES_IN_TOP5,"Top-5 score ties are all the same entity (multi-office); expected, not a ranking defect (info only)."
7926705,Inland Empire/Desert Regional Consortium,Riverside,CA,info,,No automated issues flagged; still spot-check for domain edge cases.
7926706,Inland Empire Health Plan,Rancho Cucamonga,CA,info,,No automated issues flagged; still spot-check for domain edge cases.
7926707,Jan Arnold LLC,Del Mar,CA,med,DUPLICATE_ROUNDED_SCORES_IN_TOP5,Two or more top-5 rows of DIFFERENT entities share the same score to 4 decimals; ordering looks arbitrary without exposed tie-breakers.
7926708,Jasper Ridge,Roseville,CA,med,DUPLICATE_ROUNDED_SCORES_IN_TOP5,Two or more top-5 rows of DIFFERENT entities share the same score to 4 decimals; ordering looks arbitrary without exposed tie-breakers.
7926709,Jennmar Corp,Pittsburgh,PA,med,DUPLICATE_ROUNDED_SCORES_IN_TOP5,Two or more top-5 rows of DIFFERENT entities share the same score to 4 decimals; ordering looks arbitrary without exposed tie-breakers.
7926710,Johnson Meeting Group,Raleigh,NC,info,,No automated issues flagged; still spot-check for domain edge cases.
7926724,KSDS Jazz 88.3 FM,San Diego,CA,info,,No automated issues flagged; still spot-check for domain edge cases.
7926735,Lexia Learning,San Francisco,CA,info,,No automated issues flagged; still spot-check for domain edge cases.
7926736,"Maintenance Superintendents Association, MSA",San Francisco,CA,info,,No automated issues flagged; still spot-check for domain edge cases.
7926737,"Mammotome,  A Danaher Company",San Francisco,CA,info,,No automated issues flagged; still spot-check for domain edge cases.
7926738,MBrace Therapeutics,Los Angeles,CA,info,,No automated issues flagged; still spot-check for domain edge cases.
7926739,"MedaHealth Associates, Inc",Tampa,FL,info,,No automated issues flagged; still spot-check for domain edge cases.
7926740,"Merge API, Inc",San Francisco,CA,info,,No automated issues flagged; still spot-check for domain edge cases.
7926741,Merge World,Chicago,IL,info,,No automated issues flagged; still spot-check for domain edge cases.
7926742,Merus,Cincinnati,OH,med,DUPLICATE_ROUNDED_SCORES_IN_TOP5,Two or more top-5 rows of DIFFERENT entities share the same score to 4 decimals; ordering looks arbitrary without exposed tie-breakers.
7926743,Miltenyi Biotec North America,,,info,NO_QUERY_GEO_RANK1_HAS_LOCATION;DUPLICATE_ROUNDED_SCORES_IN_TOP5,"Query omits city/state and rank-1 carries an address, but no same-name bare row ties it — acceptable when rank-1 is the best/only-named match (info only). Top-5 score ties are all the same entity (multi-office); expected, not a ranking defect (info only)."
7926744,Mirador Therapeutics,San Diego,CA,info,,No automated issues flagged; still spot-check for domain edge cases.
7926745,Moon Valley Nurseries,Scottsdale,AZ,med,DUPLICATE_ROUNDED_SCORES_IN_TOP5,Two or more top-5 rows of DIFFERENT entities share the same score to 4 decimals; ordering looks arbitrary without exposed tie-breakers.
7926746,N2 Company,San Francisco,CA,info,,No automated issues flagged; still spot-check for domain edge cases.
7926747,N6,Los Angeles,CA,med,DUPLICATE_ROUNDED_SCORES_IN_TOP5,Two or more top-5 rows of DIFFERENT entities share the same score to 4 decimals; ordering looks arbitrary without exposed tie-breakers.
7926748,Nearmap,SAN FRANCISCO,CA,info,,No automated issues flagged; still spot-check for domain edge cases.
7926749,Next Horizon Leadership,San Diego,CA,info,,No automated issues flagged; still spot-check for domain edge cases.
7926750,North Coast Living,Carlsbad,CA,med,DUPLICATE_ROUNDED_SCORES_IN_TOP5,Two or more top-5 rows of DIFFERENT entities share the same score to 4 decimals; ordering looks arbitrary without exposed tie-breakers.
7926751,Northwood Space,New York,NY,info,,No automated issues flagged; still spot-check for domain edge cases.
7926752,ON.energy,Miami,FL,info,,No automated issues flagged; still spot-check for domain edge cases.
7926753,OpenSciEd,San Diego,CA,info,,No automated issues flagged; still spot-check for domain edge cases.
7926754,Oracle Corporation [PRIMARY],Rocklin,CA,info,,No automated issues flagged; still spot-check for domain edge cases.
7926755,Orion Services Group,New York,NY,info,,No automated issues flagged; still spot-check for domain edge cases.
7926756,Oxford House,San Francisco,CA,info,,No automated issues flagged; still spot-check for domain edge cases.
7926757,"Pacific-Link Regulatory Consulting, Inc.",San Diego,CA,info,,No automated issues flagged; still spot-check for domain edge cases.
7926758,Parachute Health,Seattle,WA,med,DUPLICATE_ROUNDED_SCORES_IN_TOP5,Two or more top-5 rows of DIFFERENT entities share the same score to 4 decimals; ordering looks arbitrary without exposed tie-breakers.
7926759,Parallels,Saint Louis,MO,info,DUPLICATE_ROUNDED_SCORES_IN_TOP5,"Top-5 score ties are all the same entity (multi-office); expected, not a ranking defect (info only)."
7926760,Pennington Partners & Co,Bethesda,RI,info,,No automated issues flagged; still spot-check for domain edge cases.
7926761,Plume Clinic,,,info,DUPLICATE_ROUNDED_SCORES_IN_TOP5,"Top-5 score ties are all the same entity (multi-office); expected, not a ranking defect (info only)."
7926762,Power Services Group,Chicago,IL,info,,No automated issues flagged; still spot-check for domain edge cases.
7926763,Price Mart,San Diego,CA,info,,No automated issues flagged; still spot-check for domain edge cases.
7926764,Primecare of Chino Valley,Chino,CA,info,,No automated issues flagged; still spot-check for domain edge cases.
7926765,PRM Consulting,Alpharetta,GA,med,DUPLICATE_ROUNDED_SCORES_IN_TOP5,Two or more top-5 rows of DIFFERENT entities share the same score to 4 decimals; ordering looks arbitrary without exposed tie-breakers.
7926766,Pro Tour,Chicago,IL,info,,No automated issues flagged; still spot-check for domain edge cases.
7926767,Probate Attorney's of San Diego,San Diego,CA,info,,No automated issues flagged; still spot-check for domain edge cases.
7926768,Project Management Institute (PMI) [PRIMARY],Upper Darby,PA,info,,No automated issues flagged; still spot-check for domain edge cases.
7926769,"Prosci, Inc.",,,med,NO_QUERY_GEO_RANK1_HAS_LOCATION;DUPLICATE_ROUNDED_SCORES_IN_TOP5,"Query omits city/state and rank-1 carries an address, but no same-name bare row ties it — acceptable when rank-1 is the best/only-named match (info only). Two or more top-5 rows of DIFFERENT entities share the same score to 4 decimals; ordering looks arbitrary without exposed tie-breakers."
7926770,"Prosci, Inc.",San Francisco,CA,info,,No automated issues flagged; still spot-check for domain edge cases.
7926771,Publicis Production,Gorham,ME,med,DUPLICATE_ROUNDED_SCORES_IN_TOP5,Two or more top-5 rows of DIFFERENT entities share the same score to 4 decimals; ordering looks arbitrary without exposed tie-breakers.
7926772,Pulmovant,,,info,NO_QUERY_GEO_RANK1_HAS_LOCATION;DUPLICATE_ROUNDED_SCORES_IN_TOP5,"Query omits city/state and rank-1 carries an address, but no same-name bare row ties it — acceptable when rank-1 is the best/only-named match (info only). Top-5 score ties are all the same entity (multi-office); expected, not a ranking defect (info only)."
7926773,QBE Insurance Crop Division,Ramsey,MN,med,DUPLICATE_ROUNDED_SCORES_IN_TOP5,Two or more top-5 rows of DIFFERENT entities share the same score to 4 decimals; ordering looks arbitrary without exposed tie-breakers.
7926774,QBE Insurance Crop Division,San Francisco,CA,info,,No automated issues flagged; still spot-check for domain edge cases.
7926775,Raytheon Company [PRIMARY],Andover,MA,med,DUPLICATE_ROUNDED_SCORES_IN_TOP5,Two or more top-5 rows of DIFFERENT entities share the same score to 4 decimals; ordering looks arbitrary without exposed tie-breakers.
7926776,Reno Orthopedic Center (ROC),Reno,NV,info,,No automated issues flagged; still spot-check for domain edge cases.
7926781,"Scopely, Inc.",San Francisco,CA,info,,No automated issues flagged; still spot-check for domain edge cases.
7926788,SEI24 (Degenkolb Engineers),San Diego,CA,info,,No automated issues flagged; still spot-check for domain edge cases.
7926789,SiteOne Landscaping,San Francisco,CA,med,DUPLICATE_ROUNDED_SCORES_IN_TOP5,Two or more top-5 rows of DIFFERENT entities share the same score to 4 decimals; ordering looks arbitrary without exposed tie-breakers.
7926790,Society for Affective Science,San Francisco,CA,info,,No automated issues flagged; still spot-check for domain edge cases.
7926791,Spellers Freedom Foundation,oceanside,CA,info,,No automated issues flagged; still spot-check for domain edge cases.
7926792,Sterling Financial Group,San Diego,CA,info,,No automated issues flagged; still spot-check for domain edge cases.
7926793,Stewardship Kaleidoscope,San Francisco,CA,info,,No automated issues flagged; still spot-check for domain edge cases.
7926794,Stryker [PRIMARY],Costa Mesa,CA,info,,No automated issues flagged; still spot-check for domain edge cases.
7926795,SwitchThink Solutions LLC,Phoenix,AZ,info,,No automated issues flagged; still spot-check for domain edge cases.
7926796,Talos,San Francisco,CA,info,,No automated issues flagged; still spot-check for domain edge cases.
7926797,Tandym Group,,NY,info,,No automated issues flagged; still spot-check for domain edge cases.
7926798,TeeJet Technologies,San Francisco,CA,info,,No automated issues flagged; still spot-check for domain edge cases.
7926799,The Antorge Group LLC,,,info,NO_QUERY_GEO_RANK1_HAS_LOCATION;DUPLICATE_ROUNDED_SCORES_IN_TOP5,"Query omits city/state and rank-1 carries an address, but no same-name bare row ties it — acceptable when rank-1 is the best/only-named match (info only). Top-5 score ties are all the same entity (multi-office); expected, not a ranking defect (info only)."
7926800,The Association for Bar Professionals,Plymouth,MN,med,STRONG_SCORE_NON_EXACT_NAME;DUPLICATE_ROUNDED_SCORES_IN_TOP5;HYBRID_SEMANTIC_LED_AT_CEILING,Top-1 is a related but non-identical name (query_and_top1_names_related_non_equal) at 0.9720; rationale should justify suffix/token gaps. Two or more top-5 rows of DIFFERENT entities share the same score to 4 decimals; ordering looks arbitrary without exposed tie-breakers. Hybrid (semantic-led) at a ceiling score with non-exact name overlap — defensibility risk for SMEs.
7926801,The Boeing Company MASTER,Los Angeles,CA,info,,No automated issues flagged; still spot-check for domain edge cases.
7926802,The Meetings Advocate,Altamonte Springs,FL,med,DUPLICATE_ROUNDED_SCORES_IN_TOP5,Two or more top-5 rows of DIFFERENT entities share the same score to 4 decimals; ordering looks arbitrary without exposed tie-breakers.
7926803,The U.S. Integrated Ocean Observing System,,,info,NO_QUERY_GEO_RANK1_HAS_LOCATION,"Query omits city/state and rank-1 carries an address, but no same-name bare row ties it — acceptable when rank-1 is the best/only-named match (info only)."
7926804,Top Bavaria Travel GmbH,,,info,NO_QUERY_GEO_RANK1_HAS_LOCATION;DUPLICATE_ROUNDED_SCORES_IN_TOP5,"Query omits city/state and rank-1 carries an address, but no same-name bare row ties it — acceptable when rank-1 is the best/only-named match (info only). Top-5 score ties are all the same entity (multi-office); expected, not a ranking defect (info only)."
7926805,Toyota Motor North America [PRIMARY],Irvine,CA,info,,No automated issues flagged; still spot-check for domain edge cases.
7926806,"Triumph, Inc.",Annapolis,MD,med,DUPLICATE_ROUNDED_SCORES_IN_TOP5,Two or more top-5 rows of DIFFERENT entities share the same score to 4 decimals; ordering looks arbitrary without exposed tie-breakers.
7926807,"Triumph, Inc.",San Francisco,CA,med,STRONG_SCORE_NON_EXACT_NAME;HYBRID_SEMANTIC_LED_AT_CEILING,Top-1 is a related but non-identical name (query_and_top1_names_related_non_equal) at 0.9653; rationale should justify suffix/token gaps. Hybrid (semantic-led) at a ceiling score with non-exact name overlap — defensibility risk for SMEs.
7926808,"Triumph, Inc.                                                                                           Triumph, Inc.",Annapolis,MD,med,STRONG_SCORE_NON_EXACT_NAME;DUPLICATE_ROUNDED_SCORES_IN_TOP5;HYBRID_SEMANTIC_LED_AT_CEILING,Top-1 is a related but non-identical name (query_and_top1_names_related_non_equal) at 0.9728; rationale should justify suffix/token gaps. Two or more top-5 rows of DIFFERENT entities share the same score to 4 decimals; ordering looks arbitrary without exposed tie-breakers. Hybrid (semantic-led) at a ceiling score with non-exact name overlap — defensibility risk for SMEs.
7926809,"Twilio, Inc.",Sacramento,ca,info,DUPLICATE_ROUNDED_SCORES_IN_TOP5,"Top-5 score ties are all the same entity (multi-office); expected, not a ranking defect (info only)."
7926810,UnitedHealth Group [PRIMARY],Minnetonka,MN,info,,No automated issues flagged; still spot-check for domain edge cases.
7926811,Unrivaled Sports,Polson,MT,med,DUPLICATE_ROUNDED_SCORES_IN_TOP5,Two or more top-5 rows of DIFFERENT entities share the same score to 4 decimals; ordering looks arbitrary without exposed tie-breakers.
7926812,Unstructured io,Sacramento,ca,info,,No automated issues flagged; still spot-check for domain edge cases.
7926813,USNS Mercy,Greenwood Village,CO,med,DUPLICATE_ROUNDED_SCORES_IN_TOP5,Two or more top-5 rows of DIFFERENT entities share the same score to 4 decimals; ordering looks arbitrary without exposed tie-breakers.
7926814,Vaniam Group LLC,San Francisco,CA,info,,No automated issues flagged; still spot-check for domain edge cases.
7926815,Waud Captial Partners,Chicago,IL,info,,No automated issues flagged; still spot-check for domain edge cases.
7926816,WeddingWire/The Knot,,,info,DUPLICATE_ROUNDED_SCORES_IN_TOP5,"Top-5 score ties are all the same entity (multi-office); expected, not a ranking defect (info only)."
7926817,Western Painting & Coatings Contractors Association (WPCCA),Long Beach,CA,med,DUPLICATE_ROUNDED_SCORES_IN_TOP5,Two or more top-5 rows of DIFFERENT entities share the same score to 4 decimals; ordering looks arbitrary without exposed tie-breakers.
7926818,"Winspire, Inc. PRIMARY",Cincinnati,OH,info,,No automated issues flagged; still spot-check for domain edge cases.
7926819,ZS Meeting,,,info,DUPLICATE_ROUNDED_SCORES_IN_TOP5,"Top-5 score ties are all the same entity (multi-office); expected, not a ranking defect (info only)."
7926820,A Panache Affair,,,info,NO_QUERY_GEO_RANK1_HAS_LOCATION,"Query omits city/state and rank-1 carries an address, but no same-name bare row ties it — acceptable when rank-1 is the best/only-named match (info only)."
7926822,BCD for DSI,,,info,NO_QUERY_GEO_RANK1_HAS_LOCATION;DUPLICATE_ROUNDED_SCORES_IN_TOP5,"Query omits city/state and rank-1 carries an address, but no same-name bare row ties it — acceptable when rank-1 is the best/only-named match (info only). Top-5 score ties are all the same entity (multi-office); expected, not a ranking defect (info only)."
7926823,BCD Meetings & Events Inc. [PRIMARY],Ladera Ranch,CA,info,,No automated issues flagged; still spot-check for domain edge cases.
7926824,BCD Travel M&E (PRIMARY),Dallas,TX,info,,No automated issues flagged; still spot-check for domain edge cases.
7926825,BoomPop Inc.,Elk Grove,CA,med,DUPLICATE_ROUNDED_SCORES_IN_TOP5,Two or more top-5 rows of DIFFERENT entities share the same score to 4 decimals; ordering looks arbitrary without exposed tie-breakers.
7926826,CMA Strategies,East Windsor,NJ,med,DUPLICATE_ROUNDED_SCORES_IN_TOP5,Two or more top-5 rows of DIFFERENT entities share the same score to 4 decimals; ordering looks arbitrary without exposed tie-breakers.
7926827,Corporate Events Solutions LLC,Solana Beach,CA,info,,No automated issues flagged; still spot-check for domain edge cases.
7926828,First in Service Travel [PRIMARY],Los Angeles,CA,info,,No automated issues flagged; still spot-check for domain edge cases.
7926833,JM Events Co.,San Gabriel,CA,info,,No automated issues flagged; still spot-check for domain edge cases.
7926834,Moxie Meetings,Grand Blanc,MI,med,DUPLICATE_ROUNDED_SCORES_IN_TOP5,Two or more top-5 rows of DIFFERENT entities share the same score to 4 decimals; ordering looks arbitrary without exposed tie-breakers.
7926835,Nardone Consulting Group,Marietta,GA,info,,No automated issues flagged; still spot-check for domain edge cases.
7926836,Prestige Global Meeting Source [PRIMARY],,WI,info,DUPLICATE_ROUNDED_SCORES_IN_TOP5,"Top-5 score ties are all the same entity (multi-office); expected, not a ranking defect (info only)."
7926837,ProTravel International [PRIMARY],La Jolla,CA,info,,No automated issues flagged; still spot-check for domain edge cases.
7926838,"Travel Fun, LLC",Delray Beach,FL,info,,No automated issues flagged; still spot-check for domain edge cases.
7926839,Travel Leaders,Saint Louis,MO,info,,No automated issues flagged; still spot-check for domain edge cases.
7926840,Travelmation,,IN,info,DUPLICATE_ROUNDED_SCORES_IN_TOP5,"Top-5 score ties are all the same entity (multi-office); expected, not a ranking defect (info only)."
7926844,(TR) Victaulic Training Session / B Olivarez GFNKXVBH38J,,,info,DUPLICATE_ROUNDED_SCORES_IN_TOP5,"Top-5 score ties are all the same entity (multi-office); expected, not a ranking defect (info only)."
7926845,2026 Annual Sales Meeting - Updated Dates KGNZK8T3DG6,,,info,,No automated issues flagged; still spot-check for domain edge cases.
7926846,2026 November Board of Directors Meeting MMNB3XY9884,,,info,,No automated issues flagged; still spot-check for domain edge cases.
7926847,2026 Service Logic Construction Peer Forum JZNFD6GLQML,,,info,,No automated issues flagged; still spot-check for domain edge cases.
7926848,2026 WAF Strategic Offsite VKNPHHMHJYK,,,info,,No automated issues flagged; still spot-check for domain edge cases.
7926849,2027 Head Start California Annual Conference / Conference Evolution MTNNNRDF8P2,,,info,DUPLICATE_ROUNDED_SCORES_IN_TOP5,"Top-5 score ties are all the same entity (multi-office); expected, not a ranking defect (info only)."
7926850,2028 NACNS Annual Conference NDNSGLJ73TC,,,info,,No automated issues flagged; still spot-check for domain edge cases.
7926851,7x24 Exchange Carolinas,Rock Hill,SC,med,DUPLICATE_ROUNDED_SCORES_IN_TOP5,Two or more top-5 rows of DIFFERENT entities share the same score to 4 decimals; ordering looks arbitrary without exposed tie-breakers.
7926852,ABB 2027 X4NL2QTNT4H,,,info,,No automated issues flagged; still spot-check for domain edge cases.
7926853,Abnormal AI,Las Vegas,NV,med,DUPLICATE_ROUNDED_SCORES_IN_TOP5,Two or more top-5 rows of DIFFERENT entities share the same score to 4 decimals; ordering looks arbitrary without exposed tie-breakers.
7926854,Account Management Team Meeting N2NP85Q83KS,,,info,,No automated issues flagged; still spot-check for domain edge cases.
7926855,ACE Academy,Seattle,WA,med,DUPLICATE_ROUNDED_SCORES_IN_TOP5,Two or more top-5 rows of DIFFERENT entities share the same score to 4 decimals; ordering looks arbitrary without exposed tie-breakers.
7926856,AE Perkins,Carrollton,TX,info,,No automated issues flagged; still spot-check for domain edge cases.
7926857,AGBU Armenian General Benevolent,New York,NY,med,STRONG_SCORE_NON_EXACT_NAME;DUPLICATE_ROUNDED_SCORES_IN_TOP5;HYBRID_SEMANTIC_LED_AT_CEILING,Top-1 is a related but non-identical name (query_and_top1_names_related_non_equal) at 0.9666; rationale should justify suffix/token gaps. Two or more top-5 rows of DIFFERENT entities share the same score to 4 decimals; ordering looks arbitrary without exposed tie-breakers. Hybrid (semantic-led) at a ceiling score with non-exact name overlap — defensibility risk for SMEs.
7926858,AHF 1/27 LA XWNQTD62R9B,,,info,DUPLICATE_ROUNDED_SCORES_IN_TOP5,"Top-5 score ties are all the same entity (multi-office); expected, not a ranking defect (info only)."
7926859,AKA,Raleigh,NC,info,,No automated issues flagged; still spot-check for domain edge cases.
7926860,Ali Group North America Corporation,Coppell,TX,med,DUPLICATE_ROUNDED_SCORES_IN_TOP5,Two or more top-5 rows of DIFFERENT entities share the same score to 4 decimals; ordering looks arbitrary without exposed tie-breakers.
7926861,Aligned Data Systems,Mesquite,TX,info,,No automated issues flagged; still spot-check for domain edge cases.
7926862,American Beacon,,,med,NO_QUERY_GEO_RANK1_HAS_LOCATION;DUPLICATE_ROUNDED_SCORES_IN_TOP5,"Query omits city/state and rank-1 carries an address, but no same-name bare row ties it — acceptable when rank-1 is the best/only-named match (info only). Two or more top-5 rows of DIFFERENT entities share the same score to 4 decimals; ordering looks arbitrary without exposed tie-breakers."
7926863,American College of Veterinary Sports Medicine and Rehabilitation ACVSMR,Tampa,FL,med,DUPLICATE_ROUNDED_SCORES_IN_TOP5,Two or more top-5 rows of DIFFERENT entities share the same score to 4 decimals; ordering looks arbitrary without exposed tie-breakers.
7926864,American Horticultural Society,Columbus,OH,med,STRONG_SCORE_NON_EXACT_NAME;HYBRID_SEMANTIC_LED_AT_CEILING,Top-1 is a related but non-identical name (query_and_top1_names_related_non_equal) at 0.9664; rationale should justify suffix/token gaps. Hybrid (semantic-led) at a ceiling score with non-exact name overlap — defensibility risk for SMEs.
7926865,American Public Transportation Association HQ,Chesterfield,VA,med,DUPLICATE_ROUNDED_SCORES_IN_TOP5,Two or more top-5 rows of DIFFERENT entities share the same score to 4 decimals; ordering looks arbitrary without exposed tie-breakers.
7926866,American Public Transportation Association HQ,Falls Church,VA,info,,No automated issues flagged; still spot-check for domain edge cases.
7926867,American Society for Biochemistry Molecular Biology,Rockville,MD,med,DUPLICATE_ROUNDED_SCORES_IN_TOP5,Two or more top-5 rows of DIFFERENT entities share the same score to 4 decimals; ordering looks arbitrary without exposed tie-breakers.
7926868,Anaplan Mini Connects-Seattle G2NVX28HBQ7,,,info,NO_QUERY_GEO_RANK1_HAS_LOCATION;DUPLICATE_ROUNDED_SCORES_IN_TOP5,"Query omits city/state and rank-1 carries an address, but no same-name bare row ties it — acceptable when rank-1 is the best/only-named match (info only). Top-5 score ties are all the same entity (multi-office); expected, not a ranking defect (info only)."
7926869,Aries Building Systems,,,med,NO_QUERY_GEO_RANK1_HAS_LOCATION;DUPLICATE_ROUNDED_SCORES_IN_TOP5,"Query omits city/state and rank-1 carries an address, but no same-name bare row ties it — acceptable when rank-1 is the best/only-named match (info only). Two or more top-5 rows of DIFFERENT entities share the same score to 4 decimals; ordering looks arbitrary without exposed tie-breakers."
7926870,Artemis Hospitality,Los Angeles,CA,info,,No automated issues flagged; still spot-check for domain edge cases.
7926871,As You Wish Coordination,Waldorf,MD,med,DUPLICATE_ROUNDED_SCORES_IN_TOP5,Two or more top-5 rows of DIFFERENT entities share the same score to 4 decimals; ordering looks arbitrary without exposed tie-breakers.
7926872,Ashwood Construction LLC,Fort Myers,FL,med,DUPLICATE_ROUNDED_SCORES_IN_TOP5,Two or more top-5 rows of DIFFERENT entities share the same score to 4 decimals; ordering looks arbitrary without exposed tie-breakers.
7926873,Association des Radiologistes Du Quebec,Montreal,QC,info,,No automated issues flagged; still spot-check for domain edge cases.
7926874,Atlas HXM,,,info,DUPLICATE_ROUNDED_SCORES_IN_TOP5,"Top-5 score ties are all the same entity (multi-office); expected, not a ranking defect (info only)."
7926875,Atomic Brands,Louisville,KY,med,DUPLICATE_ROUNDED_SCORES_IN_TOP5,Two or more top-5 rows of DIFFERENT entities share the same score to 4 decimals; ordering looks arbitrary without exposed tie-breakers.
7926876,AuditBoard Marketing Team Offsite Dec2026 VRN5GT79HSL,,,info,,No automated issues flagged; still spot-check for domain edge cases.
7926877,Barrett Industries HQ,Syracuse,NY,info,,No automated issues flagged; still spot-check for domain edge cases.
7926878,Baylor Scott & White Med Ctr Irving,Irving,TX,info,,No automated issues flagged; still spot-check for domain edge cases.
7926879,Bethune Cookman University HQ,Phoenix,AZ,info,,No automated issues flagged; still spot-check for domain edge cases.
7926880,Biological & Agricultural Engineering Association BAE at NCSU,Raleigh,NC,info,,No automated issues flagged; still spot-check for domain edge cases.
7926881,Board of Directors Meeting - AECOM - March FY27 2027 G5NYFN2XY65,,,info,,No automated issues flagged; still spot-check for domain edge cases.
7926882,Boys & Girls Club of America Serving Wake County,Raleigh,NC,info,,No automated issues flagged; still spot-check for domain edge cases.
7926883,Bright Partnerships,Cremorne,,info,DUPLICATE_ROUNDED_SCORES_IN_TOP5,"Top-5 score ties are all the same entity (multi-office); expected, not a ranking defect (info only)."
7926892,C2 Events,Wakefield,WY,info,,No automated issues flagged; still spot-check for domain edge cases.
7926893,California Insurance Wholesalers As,Fairfield,CA,med,DUPLICATE_ROUNDED_SCORES_IN_TOP5,Two or more top-5 rows of DIFFERENT entities share the same score to 4 decimals; ordering looks arbitrary without exposed tie-breakers.
7926894,Callahan's CEO Leadership Circle 2 - Session 8 NBNP2CM9JYB,,,info,,No automated issues flagged; still spot-check for domain edge cases.
7926895,Candyman Music,Delray Beach,FL,info,,No automated issues flagged; still spot-check for domain edge cases.
7926896,Canix,Brossard,QC,info,,No automated issues flagged; still spot-check for domain edge cases.
7926897,Carolina Complete Health Network,Durham,NC,info,,No automated issues flagged; still spot-check for domain edge cases.
7926898,"Case & Associates Properties, Inc.",Tulsa,OK,med,DUPLICATE_ROUNDED_SCORES_IN_TOP5,Two or more top-5 rows of DIFFERENT entities share the same score to 4 decimals; ordering looks arbitrary without exposed tie-breakers.
7926899,CCi Vegas,New Rochelle,NY,info,,No automated issues flagged; still spot-check for domain edge cases.
7926900,Cengage Group,Independence,KY,med,STRONG_SCORE_NON_EXACT_NAME;DUPLICATE_ROUNDED_SCORES_IN_TOP5;HYBRID_SEMANTIC_LED_AT_CEILING,Top-1 is a related but non-identical name (query_and_top1_names_related_non_equal) at 0.9710; rationale should justify suffix/token gaps. Two or more top-5 rows of DIFFERENT entities share the same score to 4 decimals; ordering looks arbitrary without exposed tie-breakers. Hybrid (semantic-led) at a ceiling score with non-exact name overlap — defensibility risk for SMEs.
7926901,"Circle Internet Financial, LLC",Grosse Pointe Farms,MI,info,,No automated issues flagged; still spot-check for domain edge cases.
7926902,Cisco,Amster,NH,info,,No automated issues flagged; still spot-check for domain edge cases.
7926903,CLLA 2026 Western Region Conference KWN4D6F4JGW,,,info,,No automated issues flagged; still spot-check for domain edge cases.
7926904,Cognizant,Teaneck,NJ,info,,No automated issues flagged; still spot-check for domain edge cases.
7926905,Cohera,Irvine,CA,info,,No automated issues flagged; still spot-check for domain edge cases.
7926906,College of the Canyons Foundation,Santa Clarita,CA,info,,No automated issues flagged; still spot-check for domain edge cases.
7926907,Come Near,Scottsdale,AZ,info,,No automated issues flagged; still spot-check for domain edge cases.
7926909,Convergent Dental,Marlborough,MA,info,,No automated issues flagged; still spot-check for domain edge cases.
7926910,Couchbase,Powell River,BC,info,,No automated issues flagged; still spot-check for domain edge cases.
7926911,Covington Group,Plano,TX,med,DUPLICATE_ROUNDED_SCORES_IN_TOP5,Two or more top-5 rows of DIFFERENT entities share the same score to 4 decimals; ordering looks arbitrary without exposed tie-breakers.
7926912,CST for Managers 2026 FNNL32GMFP5,,,info,,No automated issues flagged; still spot-check for domain edge cases.
7926913,Dart Interests LLC,Dallas,TX,info,,No automated issues flagged; still spot-check for domain edge cases.
7926914,Data Networking Solutions,Chapin,SC,med,DUPLICATE_ROUNDED_SCORES_IN_TOP5,Two or more top-5 rows of DIFFERENT entities share the same score to 4 decimals; ordering looks arbitrary without exposed tie-breakers.
7926915,Dermody Properies 2027 Summit,,,info,,No automated issues flagged; still spot-check for domain edge cases.
7926918,Double D Ranch,Fort Worth,TX,info,,No automated issues flagged; still spot-check for domain edge cases.
7926919,DR PEPPER  CANADA 2026 OFFSITE HHNRSR639NW,,,info,NO_QUERY_GEO_RANK1_HAS_LOCATION;DUPLICATE_ROUNDED_SCORES_IN_TOP5,"Query omits city/state and rank-1 carries an address, but no same-name bare row ties it — acceptable when rank-1 is the best/only-named match (info only). Top-5 score ties are all the same entity (multi-office); expected, not a ranking defect (info only)."
7926920,DTM Departure,Troy,MI,info,,No automated issues flagged; still spot-check for domain edge cases.
7926921,Duvel USA Distributor,Kansas City,MO,info,,No automated issues flagged; still spot-check for domain edge cases.
7926922,Ellie's Event,Manalapan,NJ,info,,No automated issues flagged; still spot-check for domain edge cases.
7926923,ELT May 2027 FY27 AECOM KBNDRVCNGQK,,,info,,No automated issues flagged; still spot-check for domain edge cases.
7926924,Enerflex,Rio de Janeiro,RJ,info,,No automated issues flagged; still spot-check for domain edge cases.
7926925,Energy 350,Portland,OR,med,DUPLICATE_ROUNDED_SCORES_IN_TOP5,Two or more top-5 rows of DIFFERENT entities share the same score to 4 decimals; ordering looks arbitrary without exposed tie-breakers.
7926926,Eolian Employee Holdings,Burlingame,CA,med,DUPLICATE_ROUNDED_SCORES_IN_TOP5,Two or more top-5 rows of DIFFERENT entities share the same score to 4 decimals; ordering looks arbitrary without exposed tie-breakers.
7926927,"Evident Scientific MIS, Inc.",Bel Air,MD,med,DUPLICATE_ROUNDED_SCORES_IN_TOP5,Two or more top-5 rows of DIFFERENT entities share the same score to 4 decimals; ordering looks arbitrary without exposed tie-breakers.
7926928,"Executive Roundtable, LLC",Victor,ID,info,,No automated issues flagged; still spot-check for domain edge cases.
7926929,Exit Momentum,Port Allen,LA,med,DUPLICATE_ROUNDED_SCORES_IN_TOP5,Two or more top-5 rows of DIFFERENT entities share the same score to 4 decimals; ordering looks arbitrary without exposed tie-breakers.
7926930,F3 2026 Meeting 3 XTN9TLJMY6M,,,med,DUPLICATE_ROUNDED_SCORES_IN_TOP5,Two or more top-5 rows of DIFFERENT entities share the same score to 4 decimals; ordering looks arbitrary without exposed tie-breakers.
7926931,Fastest Labs 2027-09 Owners Conference F6NRTYTYFNJ,,,info,NO_QUERY_GEO_RANK1_HAS_LOCATION,"Query omits city/state and rank-1 carries an address, but no same-name bare row ties it — acceptable when rank-1 is the best/only-named match (info only)."
7926932,Figure,New York,NY,med,STRONG_SCORE_NON_EXACT_NAME;HYBRID_SEMANTIC_LED_AT_CEILING,Top-1 is a related but non-identical name (query_and_top1_names_related_non_equal) at 0.9652; rationale should justify suffix/token gaps. Hybrid (semantic-led) at a ceiling score with non-exact name overlap — defensibility risk for SMEs.
7926933,FlatironDragados,Morrisville,NC,info,DUPLICATE_ROUNDED_SCORES_IN_TOP5,"Top-5 score ties are all the same entity (multi-office); expected, not a ranking defect (info only)."
7926934,Flipped Over Photos,Fayetteville,NC,info,DUPLICATE_ROUNDED_SCORES_IN_TOP5,"Top-5 score ties are all the same entity (multi-office); expected, not a ranking defect (info only)."
7926935,Fondation Armand-Frappier,Laval,QC,med,DUPLICATE_ROUNDED_SCORES_IN_TOP5,Two or more top-5 rows of DIFFERENT entities share the same score to 4 decimals; ordering looks arbitrary without exposed tie-breakers.
7926936,FOR16FEB18FEB26 PHNYDHLVFZ8,,,info,,No automated issues flagged; still spot-check for domain edge cases.
7926937,Fora Travel,New York,NY,info,,No automated issues flagged; still spot-check for domain edge cases.
7926938,Forever Family Foundation Mediumship conference NXNGK9NPDPT,,,info,NO_QUERY_GEO_RANK1_HAS_LOCATION;DUPLICATE_ROUNDED_SCORES_IN_TOP5,"Query omits city/state and rank-1 carries an address, but no same-name bare row ties it — acceptable when rank-1 is the best/only-named match (info only). Top-5 score ties are all the same entity (multi-office); expected, not a ranking defect (info only)."
7926939,Formula One World Travel Manager,London,,info,,No automated issues flagged; still spot-check for domain edge cases.
7926940,Foundation Bruny Surin,Montreal,QC,med,STRONG_SCORE_NON_EXACT_NAME;HYBRID_SEMANTIC_LED_AT_CEILING,Top-1 is a related but non-identical name (lexically_different) at 0.9666; rationale should justify suffix/token gaps. Hybrid (semantic-led) at a ceiling score with non-exact name overlap — defensibility risk for SMEs.
7926941,Front Runner Real Estate,Louisville,KY,med,DUPLICATE_ROUNDED_SCORES_IN_TOP5,Two or more top-5 rows of DIFFERENT entities share the same score to 4 decimals; ordering looks arbitrary without exposed tie-breakers.
7926942,Funnel CAB TX MCNNLJXSPBH,,,info,DUPLICATE_ROUNDED_SCORES_IN_TOP5,"Top-5 score ties are all the same entity (multi-office); expected, not a ranking defect (info only)."
7926943,Global Talent Management Leadership Team Meeting LRN5JGGMKMR,,,info,NO_QUERY_GEO_RANK1_HAS_LOCATION;DUPLICATE_ROUNDED_SCORES_IN_TOP5,"Query omits city/state and rank-1 carries an address, but no same-name bare row ties it — acceptable when rank-1 is the best/only-named match (info only). Top-5 score ties are all the same entity (multi-office); expected, not a ranking defect (info only)."
7926944,Global-Watch,,,med,NO_QUERY_GEO_RANK1_HAS_LOCATION;DUPLICATE_ROUNDED_SCORES_IN_TOP5,"Query omits city/state and rank-1 carries an address, but no same-name bare row ties it — acceptable when rank-1 is the best/only-named match (info only). Two or more top-5 rows of DIFFERENT entities share the same score to 4 decimals; ordering looks arbitrary without exposed tie-breakers."
7926945,Goodwin Beckham,Rose Hill,KS,info,,No automated issues flagged; still spot-check for domain edge cases.
7926946,Greater Louisville Chamber,Houston,TX,info,,No automated issues flagged; still spot-check for domain edge cases.
7926947,"Group Travel Leader, Incorporated",Leixngton,KY,med,DUPLICATE_ROUNDED_SCORES_IN_TOP5,Two or more top-5 rows of DIFFERENT entities share the same score to 4 decimals; ordering looks arbitrary without exposed tie-breakers.
7926948,Guardian Energy Partners,Dallas,TX,info,,No automated issues flagged; still spot-check for domain edge cases.
7926949,HBG,Sag Harbor,NY,info,,No automated issues flagged; still spot-check for domain edge cases.
7926950,HHHunt Corporation,Cary,NC,info,,No automated issues flagged; still spot-check for domain edge cases.
7926951,Hickert Farm,Houston,TX,info,,No automated issues flagged; still spot-check for domain edge cases.
7926952,HMHT-302,Mcas New River,NC,med,DUPLICATE_ROUNDED_SCORES_IN_TOP5,Two or more top-5 rows of DIFFERENT entities share the same score to 4 decimals; ordering looks arbitrary without exposed tie-breakers.
7926953,Homes by Dickerson,Raleigh,NC,info,,No automated issues flagged; still spot-check for domain edge cases.
7926954,Hotaling & Company,Palm Beach Gardens,FL,med,DUPLICATE_ROUNDED_SCORES_IN_TOP5,Two or more top-5 rows of DIFFERENT entities share the same score to 4 decimals; ordering looks arbitrary without exposed tie-breakers.
7926955,HotelRoomBlocks Team Room Block Oct2026,,,info,,No automated issues flagged; still spot-check for domain edge cases.
7926956,Hourglass Aesthetics,Lexington,KY,med,DUPLICATE_ROUNDED_SCORES_IN_TOP5,Two or more top-5 rows of DIFFERENT entities share the same score to 4 decimals; ordering looks arbitrary without exposed tie-breakers.
7926957,INEOS Automotive,Montvale,NJ,med,DUPLICATE_ROUNDED_SCORES_IN_TOP5,Two or more top-5 rows of DIFFERENT entities share the same score to 4 decimals; ordering looks arbitrary without exposed tie-breakers.
7926958,Informed.IQ,San Francisco,CA,info,,No automated issues flagged; still spot-check for domain edge cases.
7926959,Insider Expeditions,Brooklyn,NY,med,DUPLICATE_ROUNDED_SCORES_IN_TOP5,Two or more top-5 rows of DIFFERENT entities share the same score to 4 decimals; ordering looks arbitrary without exposed tie-breakers.
7926960,Intact,Montreal,QC,med,STRONG_SCORE_NON_EXACT_NAME;DUPLICATE_ROUNDED_SCORES_IN_TOP5;HYBRID_SEMANTIC_LED_AT_CEILING,Top-1 is a related but non-identical name (query_and_top1_names_related_non_equal) at 0.9757; rationale should justify suffix/token gaps. Two or more top-5 rows of DIFFERENT entities share the same score to 4 decimals; ordering looks arbitrary without exposed tie-breakers. Hybrid (semantic-led) at a ceiling score with non-exact name overlap — defensibility risk for SMEs.
7926961,International Society of Pharmacometrics,Branchburg,NJ,info,,No automated issues flagged; still spot-check for domain edge cases.
7926962,Iovance,Knoxville,TN,med,DUPLICATE_ROUNDED_SCORES_IN_TOP5,Two or more top-5 rows of DIFFERENT entities share the same score to 4 decimals; ordering looks arbitrary without exposed tie-breakers.
7926963,"ITM USA, INC",Princeton,NJ,info,,No automated issues flagged; still spot-check for domain edge cases.
7926964,IWMF,Escondido,CA,med,DUPLICATE_ROUNDED_SCORES_IN_TOP5,Two or more top-5 rows of DIFFERENT entities share the same score to 4 decimals; ordering looks arbitrary without exposed tie-breakers.
7926965,Janne La,Fillmore,CA,info,,No automated issues flagged; still spot-check for domain edge cases.
7926966,Jennifer Ock,San Carlos,CA,info,,No automated issues flagged; still spot-check for domain edge cases.
7926967,John H Pitman High School,Turluck,CA,info,,No automated issues flagged; still spot-check for domain edge cases.
7926968,JPMC-Cash Management Central Division Offsite (202055) LBN6PSYHKV9,,,info,DUPLICATE_ROUNDED_SCORES_IN_TOP5,"Top-5 score ties are all the same entity (multi-office); expected, not a ranking defect (info only)."
7926969,Keenova Therapeutics,Hazelwood,MO,med,DUPLICATE_ROUNDED_SCORES_IN_TOP5,Two or more top-5 rows of DIFFERENT entities share the same score to 4 decimals; ordering looks arbitrary without exposed tie-breakers.
7926970,Kentucky Association of Blacks in Higher Education,Frankfort,KY,info,,No automated issues flagged; still spot-check for domain edge cases.
7926971,Kentucky Commission on Human Rights,Louisville,KY,info,,No automated issues flagged; still spot-check for domain edge cases.
7926972,Kentucky Department of Criminal Justice Training,Richmond,KY,info,,No automated issues flagged; still spot-check for domain edge cases.
7926973,Kentucky Women's Network,Lexington,KY,info,,No automated issues flagged; still spot-check for domain edge cases.
7926974,Keystone Insurers Group,Mechanicsburg,PA,info,,No automated issues flagged; still spot-check for domain edge cases.
7926975,"KFS Associates, LLC",Newtown,CT,med,DUPLICATE_ROUNDED_SCORES_IN_TOP5,Two or more top-5 rows of DIFFERENT entities share the same score to 4 decimals; ordering looks arbitrary without exposed tie-breakers.
7926976,Kingdom Builders,Orlando,FL,med,STRONG_SCORE_NON_EXACT_NAME;HYBRID_SEMANTIC_LED_AT_CEILING,Top-1 is a related but non-identical name (query_and_top1_names_related_non_equal) at 0.9718; rationale should justify suffix/token gaps. Hybrid (semantic-led) at a ceiling score with non-exact name overlap — defensibility risk for SMEs.
7926977,Komatsu Mining Corporation,Lexington,KY,med,DUPLICATE_ROUNDED_SCORES_IN_TOP5,Two or more top-5 rows of DIFFERENT entities share the same score to 4 decimals; ordering looks arbitrary without exposed tie-breakers.
7926978,Lasso Media,Colorado Springs,CO,med,DUPLICATE_ROUNDED_SCORES_IN_TOP5,Two or more top-5 rows of DIFFERENT entities share the same score to 4 decimals; ordering looks arbitrary without exposed tie-breakers.
7926979,"LG&E KU Energy, LLC",Toronto,ON,info,,No automated issues flagged; still spot-check for domain edge cases.
7926980,Lindenwood Education System,Arlington,TX,med,DUPLICATE_ROUNDED_SCORES_IN_TOP5,Two or more top-5 rows of DIFFERENT entities share the same score to 4 decimals; ordering looks arbitrary without exposed tie-breakers.
7926981,Located Worldwide,Des Moines,IA,info,DUPLICATE_ROUNDED_SCORES_IN_TOP5,"Top-5 score ties are all the same entity (multi-office); expected, not a ranking defect (info only)."
7926982,Los Angeles Police Federal Credit Union LAPFCU,Van Nuys,CA,info,,No automated issues flagged; still spot-check for domain edge cases.
7926983,Lotus Grove,Atlanta,GA,info,,No automated issues flagged; still spot-check for domain edge cases.
7926984,Luma Travel Co,Eagle,NE,med,DUPLICATE_ROUNDED_SCORES_IN_TOP5,Two or more top-5 rows of DIFFERENT entities share the same score to 4 decimals; ordering looks arbitrary without exposed tie-breakers.
7926985,MedPro,Temple,TX,med,DUPLICATE_ROUNDED_SCORES_IN_TOP5,Two or more top-5 rows of DIFFERENT entities share the same score to 4 decimals; ordering looks arbitrary without exposed tie-breakers.
7926986,Metro Anesthesia,Dallas,TX,info,,No automated issues flagged; still spot-check for domain edge cases.
7926987,Miami Baseball,Coral Gables,FL,info,,No automated issues flagged; still spot-check for domain edge cases.
7926988,Michael Rosenzweig,Van Nuys,CA,info,,No automated issues flagged; still spot-check for domain edge cases.
7926989,Minne Group LA Rehearsals 2026 KBNH3CMHRFV,Aventura,FL,info,,No automated issues flagged; still spot-check for domain edge cases.
7926990,Momentec Brands,Statesville,NC,info,,No automated issues flagged; still spot-check for domain edge cases.
7926991,"MoveIn, Inc",Monona,WI,med,DUPLICATE_ROUNDED_SCORES_IN_TOP5,Two or more top-5 rows of DIFFERENT entities share the same score to 4 decimals; ordering looks arbitrary without exposed tie-breakers.
7926992,Movement Voter Project,New York,NY,info,,No automated issues flagged; still spot-check for domain edge cases.
7926993,MS Engineering,Los Angeles,CA,info,,No automated issues flagged; still spot-check for domain edge cases.
7926994,National Partnership for New Americans,Chicago,IL,info,,No automated issues flagged; still spot-check for domain edge cases.
7926995,NC Association of Regional Councils of Governments,Durham,NC,info,,No automated issues flagged; still spot-check for domain edge cases.
7926996,NC Church of God of Prophecy,Jamestown,NC,info,,No automated issues flagged; still spot-check for domain edge cases.
7926997,Nesnah Ventures,La Crosse,WI,med,DUPLICATE_ROUNDED_SCORES_IN_TOP5,Two or more top-5 rows of DIFFERENT entities share the same score to 4 decimals; ordering looks arbitrary without exposed tie-breakers.
7926998,Nexiuum,American Fork,UT,med,DUPLICATE_ROUNDED_SCORES_IN_TOP5,Two or more top-5 rows of DIFFERENT entities share the same score to 4 decimals; ordering looks arbitrary without exposed tie-breakers.
7926999,Nine In Texas LLc,,,info,,No automated issues flagged; still spot-check for domain edge cases.
7927000,Notre Dame American Society of Civil Engineers,Notre Dame,IN,info,,No automated issues flagged; still spot-check for domain edge cases.
7927001,November New Hire Training XFNCXNMNYW3,Davidson,NC,info,,No automated issues flagged; still spot-check for domain edge cases.
7927002,O'Daniel Family,Dallas,TX,info,,No automated issues flagged; still spot-check for domain edge cases.
7927003,Oasis Beyond Travel and Tours,Ocala,FL,info,,No automated issues flagged; still spot-check for domain edge cases.
7927004,OCRAM CAPITAL,Montreal,QC,med,DUPLICATE_ROUNDED_SCORES_IN_TOP5,Two or more top-5 rows of DIFFERENT entities share the same score to 4 decimals; ordering looks arbitrary without exposed tie-breakers.
7927005,Offsite,Egg Harbor Township,NJ,info,,No automated issues flagged; still spot-check for domain edge cases.
7927006,Oliveda,Sarasota,FL,info,DUPLICATE_ROUNDED_SCORES_IN_TOP5,"Top-5 score ties are all the same entity (multi-office); expected, not a ranking defect (info only)."
7927007,Omar,Northlake,TX,info,,No automated issues flagged; still spot-check for domain edge cases.
7927008,"On Location Events, LLC",Tuscaloosa,AL,info,DUPLICATE_ROUNDED_SCORES_IN_TOP5,"Top-5 score ties are all the same entity (multi-office); expected, not a ranking defect (info only)."
7927009,"ON1, Inc.",,,info,NO_QUERY_GEO_RANK1_HAS_LOCATION;DUPLICATE_ROUNDED_SCORES_IN_TOP5,"Query omits city/state and rank-1 carries an address, but no same-name bare row ties it — acceptable when rank-1 is the best/only-named match (info only). Top-5 score ties are all the same entity (multi-office); expected, not a ranking defect (info only)."
7927010,Orion,Houston,TX,info,,No automated issues flagged; still spot-check for domain edge cases.
7927011,Paceline Equity Partners,Dallas,TX,info,,No automated issues flagged; still spot-check for domain edge cases.
7927012,Parkersburg YMCA,Parkersburg,WV,info,,No automated issues flagged; still spot-check for domain edge cases.
7927013,PCC Airframe Supply Chain Conference - DATE CHANGE Z3NDNYWHPBL,,,info,NO_QUERY_GEO_RANK1_HAS_LOCATION;DUPLICATE_ROUNDED_SCORES_IN_TOP5,"Query omits city/state and rank-1 carries an address, but no same-name bare row ties it — acceptable when rank-1 is the best/only-named match (info only). Top-5 score ties are all the same entity (multi-office); expected, not a ranking defect (info only)."
7927014,PCI Precast/Prestressed Concrete Institute,Brunswick,GA,med,DUPLICATE_ROUNDED_SCORES_IN_TOP5,Two or more top-5 rows of DIFFERENT entities share the same score to 4 decimals; ordering looks arbitrary without exposed tie-breakers.
7927015,Peak American,Plano,TX,med,STRONG_SCORE_NON_EXACT_NAME;HYBRID_SEMANTIC_LED_AT_CEILING,Top-1 is a related but non-identical name (query_and_top1_names_related_non_equal) at 0.9661; rationale should justify suffix/token gaps. Hybrid (semantic-led) at a ceiling score with non-exact name overlap — defensibility risk for SMEs.
7927016,Pennylane,,,info,NO_QUERY_GEO_RANK1_HAS_LOCATION;DUPLICATE_ROUNDED_SCORES_IN_TOP5,"Query omits city/state and rank-1 carries an address, but no same-name bare row ties it — acceptable when rank-1 is the best/only-named match (info only). Top-5 score ties are all the same entity (multi-office); expected, not a ranking defect (info only)."
7927017,Perfect Game,Del Mar,CA,med,DUPLICATE_ROUNDED_SCORES_IN_TOP5,Two or more top-5 rows of DIFFERENT entities share the same score to 4 decimals; ordering looks arbitrary without exposed tie-breakers.
7927018,PlanRight,Raleigh,NC,info,,No automated issues flagged; still spot-check for domain edge cases.
7927019,PSP Solutions,Montreal,QC,med,DUPLICATE_ROUNDED_SCORES_IN_TOP5,Two or more top-5 rows of DIFFERENT entities share the same score to 4 decimals; ordering looks arbitrary without exposed tie-breakers.
7927020,Pukuu Cultural Community Services,San Fernando,CA,info,,No automated issues flagged; still spot-check for domain edge cases.
7927021,PUNT Travel / Fora,Franklin,TN,med,DUPLICATE_ROUNDED_SCORES_IN_TOP5,Two or more top-5 rows of DIFFERENT entities share the same score to 4 decimals; ordering looks arbitrary without exposed tie-breakers.
7927022,Quick Quack Car Wash,Riverton,UT,info,,No automated issues flagged; still spot-check for domain edge cases.
7927023,Ralliant Corporation,Raleigh,NC,info,,No automated issues flagged; still spot-check for domain edge cases.
7927024,"RDB Enterprises, LLC",Raleigh,NY,med,STRONG_SCORE_NON_EXACT_NAME;HYBRID_SEMANTIC_LED_AT_CEILING,Top-1 is a related but non-identical name (query_and_top1_names_related_non_equal) at 0.9655; rationale should justify suffix/token gaps. Hybrid (semantic-led) at a ceiling score with non-exact name overlap — defensibility risk for SMEs.
7927029,"Red Hat, Incorporated - HQ",Munich,BY,info,,No automated issues flagged; still spot-check for domain edge cases.
7927030,Reece,Waxahachie,TX,med,DUPLICATE_ROUNDED_SCORES_IN_TOP5,Two or more top-5 rows of DIFFERENT entities share the same score to 4 decimals; ordering looks arbitrary without exposed tie-breakers.
7927031,Reece Bath And Kitchen,Dallas,TX,info,,No automated issues flagged; still spot-check for domain edge cases.
7927032,Reel Holdings BC ULC,Montreal,QC,info,,No automated issues flagged; still spot-check for domain edge cases.
7927033,Retail Confectioners International,Merritt Island,FL,med,DUPLICATE_ROUNDED_SCORES_IN_TOP5,Two or more top-5 rows of DIFFERENT entities share the same score to 4 decimals; ordering looks arbitrary without exposed tie-breakers.
7927036,RFPBCD26 - Fidelity Spring ELT Meeting H8NY8H2WPQC,,,info,NO_QUERY_GEO_RANK1_HAS_LOCATION;DUPLICATE_ROUNDED_SCORES_IN_TOP5,"Query omits city/state and rank-1 carries an address, but no same-name bare row ties it — acceptable when rank-1 is the best/only-named match (info only). Top-5 score ties are all the same entity (multi-office); expected, not a ranking defect (info only)."
7927038,Rock Camp Alumni Foundation,Chesterfield,MO,med,DUPLICATE_ROUNDED_SCORES_IN_TOP5,Two or more top-5 rows of DIFFERENT entities share the same score to 4 decimals; ordering looks arbitrary without exposed tie-breakers.
7927042,Sagaftra Credit Union,Burbank,CA,info,,No automated issues flagged; still spot-check for domain edge cases.
7927043,Sam Pack Sales Outing LFNDF77B7VH,,,info,,No automated issues flagged; still spot-check for domain edge cases.
7927044,"SBFE, LLC",Cleveland,OH,info,,No automated issues flagged; still spot-check for domain edge cases.
7927045,Schaefer,Cincinnati,OH,info,DUPLICATE_ROUNDED_SCORES_IN_TOP5,"Top-5 score ties are all the same entity (multi-office); expected, not a ranking defect (info only)."
7927046,Scout-vn,Cairo,,med,DUPLICATE_ROUNDED_SCORES_IN_TOP5,Two or more top-5 rows of DIFFERENT entities share the same score to 4 decimals; ordering looks arbitrary without exposed tie-breakers.
7927047,SEA: United aircraft event GRN4ZXZBZF7,,,info,NO_QUERY_GEO_RANK1_HAS_LOCATION;DUPLICATE_ROUNDED_SCORES_IN_TOP5,"Query omits city/state and rank-1 carries an address, but no same-name bare row ties it — acceptable when rank-1 is the best/only-named match (info only). Top-5 score ties are all the same entity (multi-office); expected, not a ranking defect (info only)."
7927048,SEAOSC,North Hollywood,CA,med,DUPLICATE_ROUNDED_SCORES_IN_TOP5,Two or more top-5 rows of DIFFERENT entities share the same score to 4 decimals; ordering looks arbitrary without exposed tie-breakers.
7927049,Service Employees International Union HQ,Palm Beach Gardens,FL,med,DUPLICATE_ROUNDED_SCORES_IN_TOP5,Two or more top-5 rows of DIFFERENT entities share the same score to 4 decimals; ordering looks arbitrary without exposed tie-breakers.
7927050,Sevita Health,Rancho Cucamonga,CA,med,DUPLICATE_ROUNDED_SCORES_IN_TOP5,Two or more top-5 rows of DIFFERENT entities share the same score to 4 decimals; ordering looks arbitrary without exposed tie-breakers.
7927051,Societe des alcools du Quebec SAQ,Montreal,QC,info,,No automated issues flagged; still spot-check for domain edge cases.
7927052,Sodexo Live!,Fort Mill,SC,info,DUPLICATE_ROUNDED_SCORES_IN_TOP5,"Top-5 score ties are all the same entity (multi-office); expected, not a ranking defect (info only)."
7927053,Soul Life Journeys,Tucson,AZ,med,DUPLICATE_ROUNDED_SCORES_IN_TOP5,Two or more top-5 rows of DIFFERENT entities share the same score to 4 decimals; ordering looks arbitrary without exposed tie-breakers.
7927054,Southland Industries,Haltom City,TX,med,DUPLICATE_ROUNDED_SCORES_IN_TOP5,Two or more top-5 rows of DIFFERENT entities share the same score to 4 decimals; ordering looks arbitrary without exposed tie-breakers.
7927055,SPS Companies PXN8YMJBV5P,,,info,NO_QUERY_GEO_RANK1_HAS_LOCATION;DUPLICATE_ROUNDED_SCORES_IN_TOP5,"Query omits city/state and rank-1 carries an address, but no same-name bare row ties it — acceptable when rank-1 is the best/only-named match (info only). Top-5 score ties are all the same entity (multi-office); expected, not a ranking defect (info only)."
7927056,St. Cyril Parent Association,Encino,CA,med,DUPLICATE_ROUNDED_SCORES_IN_TOP5,Two or more top-5 rows of DIFFERENT entities share the same score to 4 decimals; ordering looks arbitrary without exposed tie-breakers.
7927057,Starvox Touring,Toronto,ON,info,,No automated issues flagged; still spot-check for domain edge cases.
7927058,"STM Sports & Collectibles, LLC",Philadelphia,PA,info,,No automated issues flagged; still spot-check for domain edge cases.
7927059,Strauss Dairy Ingredients,North Manchester,IN,med,DUPLICATE_ROUNDED_SCORES_IN_TOP5,Two or more top-5 rows of DIFFERENT entities share the same score to 4 decimals; ordering looks arbitrary without exposed tie-breakers.
7927060,Taiyo Pacific Partners LP,Kirkland,WA,med,DUPLICATE_ROUNDED_SCORES_IN_TOP5,Two or more top-5 rows of DIFFERENT entities share the same score to 4 decimals; ordering looks arbitrary without exposed tie-breakers.
7927061,TBT Sports,Vinton,IA,info,,No automated issues flagged; still spot-check for domain edge cases.
7927062,Tennesseans for Student Success,Franklin,TN,info,DUPLICATE_ROUNDED_SCORES_IN_TOP5,"Top-5 score ties are all the same entity (multi-office); expected, not a ranking defect (info only)."
7927063,Terramania Reisen GmbH,Kolleda,,med,DUPLICATE_ROUNDED_SCORES_IN_TOP5,Two or more top-5 rows of DIFFERENT entities share the same score to 4 decimals; ordering looks arbitrary without exposed tie-breakers.
7927064,Texas Association for Education and Rehabilitation of the Blind,La Vernia,TX,med,DUPLICATE_ROUNDED_SCORES_IN_TOP5,Two or more top-5 rows of DIFFERENT entities share the same score to 4 decimals; ordering looks arbitrary without exposed tie-breakers.
7927065,Texas Mutual Insurance Safety Summit KJNY9PJRMFG,,,info,NO_QUERY_GEO_RANK1_HAS_LOCATION,"Query omits city/state and rank-1 carries an address, but no same-name bare row ties it — acceptable when rank-1 is the best/only-named match (info only)."
7927066,Texas Tech Football @ TCU X3NTJVMFYWH,,,info,NO_QUERY_GEO_RANK1_HAS_LOCATION,"Query omits city/state and rank-1 carries an address, but no same-name bare row ties it — acceptable when rank-1 is the best/only-named match (info only)."
7927067,"The Alumni Association of Tuskegee University, Incorporated",Chelsea,AL,info,,No automated issues flagged; still spot-check for domain edge cases.
7927068,The Canadian Soccer Association,Miami,FL,info,DUPLICATE_ROUNDED_SCORES_IN_TOP5,"Top-5 score ties are all the same entity (multi-office); expected, not a ranking defect (info only)."
7927069,The Church of Jesus Christ of Latter day Saints a Utah corporation,Salt Lake City,UT,med,STRONG_SCORE_NON_EXACT_NAME;HYBRID_SEMANTIC_LED_AT_CEILING,Top-1 is a related but non-identical name (query_and_top1_names_related_non_equal) at 0.9737; rationale should justify suffix/token gaps. Hybrid (semantic-led) at a ceiling score with non-exact name overlap — defensibility risk for SMEs.
7927070,The Detroit Traveling Crew,Westland,MI,info,,No automated issues flagged; still spot-check for domain edge cases.
7927071,The Nest School,Winter Garden,FL,info,,No automated issues flagged; still spot-check for domain edge cases.
7927072,The New Deal,Silver Spring,MD,info,,No automated issues flagged; still spot-check for domain edge cases.
7927073,The Wit Network,Robbinsville,NJ,med,DUPLICATE_ROUNDED_SCORES_IN_TOP5,Two or more top-5 rows of DIFFERENT entities share the same score to 4 decimals; ordering looks arbitrary without exposed tie-breakers.
7927074,"TheaterWorks - Dog Man The Musical - Culver City, CA ZCNTQHKTT5N",,,info,,No automated issues flagged; still spot-check for domain edge cases.
7927075,Tiger Aesthetics Recon Summit Z7NKPWPP7WJ,,,info,DUPLICATE_ROUNDED_SCORES_IN_TOP5,"Top-5 score ties are all the same entity (multi-office); expected, not a ranking defect (info only)."
7927076,Tije Travel,Madrid,,info,DUPLICATE_ROUNDED_SCORES_IN_TOP5,"Top-5 score ties are all the same entity (multi-office); expected, not a ranking defect (info only)."
7927077,Tornado travels,New Cairo,,info,,No automated issues flagged; still spot-check for domain edge cases.
7927078,Toronto Club,Toronto,ON,med,STRONG_SCORE_NON_EXACT_NAME;HYBRID_SEMANTIC_LED_AT_CEILING,Top-1 is a related but non-identical name (token_subset_mismatch) at 0.9744; rationale should justify suffix/token gaps. Hybrid (semantic-led) at a ceiling score with non-exact name overlap — defensibility risk for SMEs.
7927079,"TPG Global, LLC",Summit,NJ,info,,No automated issues flagged; still spot-check for domain edge cases.
7927080,Truist Financial (HQ),East Hanover,NJ,med,DUPLICATE_ROUNDED_SCORES_IN_TOP5,Two or more top-5 rows of DIFFERENT entities share the same score to 4 decimals; ordering looks arbitrary without exposed tie-breakers.
7927081,"Trypto, Incorporated",Las Vegas,NV,info,,No automated issues flagged; still spot-check for domain edge cases.
7927082,"Tullet, Matthews and Associates",Kirkland,QC,info,,No automated issues flagged; still spot-check for domain edge cases.
7927083,United Real Estate Bluegrass,Lexington,KY,info,,No automated issues flagged; still spot-check for domain edge cases.
7927085,UWH-TX,Addison,TX,med,DUPLICATE_ROUNDED_SCORES_IN_TOP5,Two or more top-5 rows of DIFFERENT entities share the same score to 4 decimals; ordering looks arbitrary without exposed tie-breakers.
7927086,V&S Utilities,Canton,OH,med,DUPLICATE_ROUNDED_SCORES_IN_TOP5,Two or more top-5 rows of DIFFERENT entities share the same score to 4 decimals; ordering looks arbitrary without exposed tie-breakers.
7927087,ValGenesis,Santa Clara,CA,info,DUPLICATE_ROUNDED_SCORES_IN_TOP5,"Top-5 score ties are all the same entity (multi-office); expected, not a ranking defect (info only)."
7927088,Valvoline Global Operations,Lexington,KY,info,,No automated issues flagged; still spot-check for domain edge cases.
7927089,Venues & Estates,San Juan Capistrano,CA,info,,No automated issues flagged; still spot-check for domain edge cases.
7927090,Vermont Air National Guard,South Burlington,VT,info,,No automated issues flagged; still spot-check for domain edge cases.
7927091,Verve Group,Dakota,IL,med,DUPLICATE_ROUNDED_SCORES_IN_TOP5,Two or more top-5 rows of DIFFERENT entities share the same score to 4 decimals; ordering looks arbitrary without exposed tie-breakers.
7927092,Veterinary Studay Groups Incorporated HQ,Johns Creek,GA,info,,No automated issues flagged; still spot-check for domain edge cases.
7927093,Vibe Booser Club,Cary,NC,info,,No automated issues flagged; still spot-check for domain edge cases.
7927094,Village Farms,Lake Mary,FL,med,DUPLICATE_ROUNDED_SCORES_IN_TOP5,Two or more top-5 rows of DIFFERENT entities share the same score to 4 decimals; ordering looks arbitrary without exposed tie-breakers.
7927095,"Vista Universal, Inc.",Hayward,CA,med,DUPLICATE_ROUNDED_SCORES_IN_TOP5,Two or more top-5 rows of DIFFERENT entities share the same score to 4 decimals; ordering looks arbitrary without exposed tie-breakers.
7927096,Vistra Energy Board of Directors Meeting P6NJ53ZK77W,,,info,,No automated issues flagged; still spot-check for domain edge cases.
7927097,VMG-22 Fall 2026 Meeting (AG),,,info,,No automated issues flagged; still spot-check for domain edge cases.
7927098,Voyages Lyne Fontaine,Roxton Pond,,info,,No automated issues flagged; still spot-check for domain edge cases.
7927099,Wake County Democratic Party,Raleigh,NC,med,STRONG_SCORE_NON_EXACT_NAME;HYBRID_SEMANTIC_LED_AT_CEILING,Top-1 is a related but non-identical name (query_and_top1_names_related_non_equal) at 0.9653; rationale should justify suffix/token gaps. Hybrid (semantic-led) at a ceiling score with non-exact name overlap — defensibility risk for SMEs.
7927100,Warner Bros Games Product Showcase FZNNXPPY9WL,Atlanta,GA,info,,No automated issues flagged; still spot-check for domain edge cases.
7927101,Wepoint Canada Inc.,Montreal,QC,info,,No automated issues flagged; still spot-check for domain edge cases.
7927102,West Paces,Lexington,KY,info,DUPLICATE_ROUNDED_SCORES_IN_TOP5,"Top-5 score ties are all the same entity (multi-office); expected, not a ranking defect (info only)."
7927103,Westlake Flooring Services,Los Angeles,CA,info,,No automated issues flagged; still spot-check for domain edge cases.
7927104,"Wyngaarden Law, P.C",Okemos,MI,med,DUPLICATE_ROUNDED_SCORES_IN_TOP5,Two or more top-5 rows of DIFFERENT entities share the same score to 4 decimals; ordering looks arbitrary without exposed tie-breakers.
7927105,XRX AM F1 VVNY9F8QN3J,,,info,NO_QUERY_GEO_RANK1_HAS_LOCATION;DUPLICATE_ROUNDED_SCORES_IN_TOP5,"Query omits city/state and rank-1 carries an address, but no same-name bare row ties it — acceptable when rank-1 is the best/only-named match (info only). Top-5 score ties are all the same entity (multi-office); expected, not a ranking defect (info only)."
7927106,Yetzirah,Wynnewood,PA,info,DUPLICATE_ROUNDED_SCORES_IN_TOP5,"Top-5 score ties are all the same entity (multi-office); expected, not a ranking defect (info only)."
7927107,Zero Emission Customer Council DBNGRLTG3HF,,,info,NO_QUERY_GEO_RANK1_HAS_LOCATION,"Query omits city/state and rank-1 carries an address, but no same-name bare row ties it — acceptable when rank-1 is the best/only-named match (info only)."
7927108,Zillow New Construction Forum 2026 ZQNFP7GFDTY,,,info,NO_QUERY_GEO_RANK1_HAS_LOCATION,"Query omits city/state and rank-1 carries an address, but no same-name bare row ties it — acceptable when rank-1 is the best/only-named match (info only)."
7927109,"Egg USA, LLC",,,info,NO_QUERY_GEO_RANK1_HAS_LOCATION;DUPLICATE_ROUNDED_SCORES_IN_TOP5,"Query omits city/state and rank-1 carries an address, but no same-name bare row ties it — acceptable when rank-1 is the best/only-named match (info only). Top-5 score ties are all the same entity (multi-office); expected, not a ranking defect (info only)."
7927110,AAA Mountain West Group,,,info,NO_QUERY_GEO_RANK1_HAS_LOCATION;DUPLICATE_ROUNDED_SCORES_IN_TOP5,"Query omits city/state and rank-1 carries an address, but no same-name bare row ties it — acceptable when rank-1 is the best/only-named match (info only). Top-5 score ties are all the same entity (multi-office); expected, not a ranking defect (info only)."
7927111,Virtuox,,,info,NO_QUERY_GEO_RANK1_HAS_LOCATION;DUPLICATE_ROUNDED_SCORES_IN_TOP5,"Query omits city/state and rank-1 carries an address, but no same-name bare row ties it — acceptable when rank-1 is the best/only-named match (info only). Top-5 score ties are all the same entity (multi-office); expected, not a ranking defect (info only)."
7927112,Travel Event Staffing,,,info,NO_QUERY_GEO_RANK1_HAS_LOCATION;DUPLICATE_ROUNDED_SCORES_IN_TOP5,"Query omits city/state and rank-1 carries an address, but no same-name bare row ties it — acceptable when rank-1 is the best/only-named match (info only). Top-5 score ties are all the same entity (multi-office); expected, not a ranking defect (info only)."
7927122,Scantron,Eagan,MN,med,DUPLICATE_ROUNDED_SCORES_IN_TOP5,Two or more top-5 rows of DIFFERENT entities share the same score to 4 decimals; ordering looks arbitrary without exposed tie-breakers.
7927123,Oscar,New York,NY,info,,No automated issues flagged; still spot-check for domain edge cases.
7927124,"Ellard Family Holdings, Inc",Addison,TX,med,DUPLICATE_ROUNDED_SCORES_IN_TOP5,Two or more top-5 rows of DIFFERENT entities share the same score to 4 decimals; ordering looks arbitrary without exposed tie-breakers.
7927125,"Equinix, Inc.",Tampa,FL,info,,No automated issues flagged; still spot-check for domain edge cases.
7927126,EvolveCon,Windermere,FL,info,,No automated issues flagged; still spot-check for domain edge cases.
7927127,Capital Strategy Partners,Madrid,,info,DUPLICATE_ROUNDED_SCORES_IN_TOP5,"Top-5 score ties are all the same entity (multi-office); expected, not a ranking defect (info only)."
7927128,CEVA Logistics USA Inc,Elk Grove Village,IL,med,DUPLICATE_ROUNDED_SCORES_IN_TOP5,Two or more top-5 rows of DIFFERENT entities share the same score to 4 decimals; ordering looks arbitrary without exposed tie-breakers.
7927129,"Statement Movie, LLC",Chalmette,LA,med,DUPLICATE_ROUNDED_SCORES_IN_TOP5,Two or more top-5 rows of DIFFERENT entities share the same score to 4 decimals; ordering looks arbitrary without exposed tie-breakers.
7927130,Jubilant Radiopharma,Yardley,PA,med,DUPLICATE_ROUNDED_SCORES_IN_TOP5,Two or more top-5 rows of DIFFERENT entities share the same score to 4 decimals; ordering looks arbitrary without exposed tie-breakers.
7927148,Molly and Brian Auld,Saint Petersburg,FL,med,DUPLICATE_ROUNDED_SCORES_IN_TOP5,Two or more top-5 rows of DIFFERENT entities share the same score to 4 decimals; ordering looks arbitrary without exposed tie-breakers.
7927150,Andréa Dooley,Chicago,IL,info,,No automated issues flagged; still spot-check for domain edge cases.
7927152,The Sports Facilities Companies,Clearwater,FL,med,DUPLICATE_ROUNDED_SCORES_IN_TOP5,Two or more top-5 rows of DIFFERENT entities share the same score to 4 decimals; ordering looks arbitrary without exposed tie-breakers.
7927153,Exacare AI,New York City,NY,info,,No automated issues flagged; still spot-check for domain edge cases.
7927154,BMTCTN South East Consortium Spring Workshop,Gainesville,FL,med,DUPLICATE_ROUNDED_SCORES_IN_TOP5,Two or more top-5 rows of DIFFERENT entities share the same score to 4 decimals; ordering looks arbitrary without exposed tie-breakers.
7927155,OpenAI,San Diego,CA,info,DUPLICATE_ROUNDED_SCORES_IN_TOP5,"Top-5 score ties are all the same entity (multi-office); expected, not a ranking defect (info only)."
7927156,Finfit Life Team Elite,Santa Clara,CA,info,,No automated issues flagged; still spot-check for domain edge cases.
7927157,First Onsite Property Restoration,Mississauga,ON,info,,No automated issues flagged; still spot-check for domain edge cases.
7927158,DefenseStorm,,,info,NO_QUERY_GEO_RANK1_HAS_LOCATION;DUPLICATE_ROUNDED_SCORES_IN_TOP5,"Query omits city/state and rank-1 carries an address, but no same-name bare row ties it — acceptable when rank-1 is the best/only-named match (info only). Top-5 score ties are all the same entity (multi-office); expected, not a ranking defect (info only)."
7927159,Digital Remedy,Manhattan,NY,info,,No automated issues flagged; still spot-check for domain edge cases.
7927160,CREDO Hawaii,Joint Base Pearl Harbor-Hickam,HI,info,,No automated issues flagged; still spot-check for domain edge cases.
7927161,Cycode,Central,Israel,med,DUPLICATE_ROUNDED_SCORES_IN_TOP5,Two or more top-5 rows of DIFFERENT entities share the same score to 4 decimals; ordering looks arbitrary without exposed tie-breakers.
7927162,"Wholesale Travel, Inc",Honolulu,HI,med,DUPLICATE_ROUNDED_SCORES_IN_TOP5,Two or more top-5 rows of DIFFERENT entities share the same score to 4 decimals; ordering looks arbitrary without exposed tie-breakers.
7927163,Unemploymet Services Trust,,,info,NO_QUERY_GEO_RANK1_HAS_LOCATION;DUPLICATE_ROUNDED_SCORES_IN_TOP5,"Query omits city/state and rank-1 carries an address, but no same-name bare row ties it — acceptable when rank-1 is the best/only-named match (info only). Top-5 score ties are all the same entity (multi-office); expected, not a ranking defect (info only)."
7927165,Suncoast Food Brokerage,Wesley Chapel,FL,med,DUPLICATE_ROUNDED_SCORES_IN_TOP5,Two or more top-5 rows of DIFFERENT entities share the same score to 4 decimals; ordering looks arbitrary without exposed tie-breakers.
7927166,The Restoration Mastermind,Oakbrook,IL,med,DUPLICATE_ROUNDED_SCORES_IN_TOP5,Two or more top-5 rows of DIFFERENT entities share the same score to 4 decimals; ordering looks arbitrary without exposed tie-breakers.
7927167,Northwest Mutual,Chicago,IL,info,,No automated issues flagged; still spot-check for domain edge cases.
7927168,EMA - Envelope Manufacturers Association,Alexandria,VA,med,DUPLICATE_ROUNDED_SCORES_IN_TOP5,Two or more top-5 rows of DIFFERENT entities share the same score to 4 decimals; ordering looks arbitrary without exposed tie-breakers.
7927169,hanike,Redding,CA,med,DUPLICATE_ROUNDED_SCORES_IN_TOP5,Two or more top-5 rows of DIFFERENT entities share the same score to 4 decimals; ordering looks arbitrary without exposed tie-breakers.
7927170,hanike,Mercer Island,WA,info,,No automated issues flagged; still spot-check for domain edge cases.
7927171,HVBA,Pennsauken,NJ,info,DUPLICATE_ROUNDED_SCORES_IN_TOP5,"Top-5 score ties are all the same entity (multi-office); expected, not a ranking defect (info only)."
7927172,Servius Group,Port Richey,FL,info,,No automated issues flagged; still spot-check for domain edge cases.
7927173,Tusker,Glen Ellyn,IL,info,,No automated issues flagged; still spot-check for domain edge cases.
7927174,Unitedhealthcare Student Resources,Tampa,FL,info,,No automated issues flagged; still spot-check for domain edge cases.
7927175,VMG IV group,Riverview,FL,info,DUPLICATE_ROUNDED_SCORES_IN_TOP5,"Top-5 score ties are all the same entity (multi-office); expected, not a ranking defect (info only)."
7927176,Zephyr Insurance Company,Honolulu,HI,info,DUPLICATE_ROUNDED_SCORES_IN_TOP5,"Top-5 score ties are all the same entity (multi-office); expected, not a ranking defect (info only)."
7927177,Huckberry,Austin,TX,info,,No automated issues flagged; still spot-check for domain edge cases.
7927178,Getaway with April May,Plainfield,IL,info,,No automated issues flagged; still spot-check for domain edge cases.
7927179,Adult & Teen Challenge Minnesota,,,med,NO_QUERY_GEO_RANK1_HAS_LOCATION;DUPLICATE_ROUNDED_SCORES_IN_TOP5,"Query omits city/state and rank-1 carries an address, but no same-name bare row ties it — acceptable when rank-1 is the best/only-named match (info only). Two or more top-5 rows of DIFFERENT entities share the same score to 4 decimals; ordering looks arbitrary without exposed tie-breakers."
7927180,Advisor360,Needham Heights,MA,med,DUPLICATE_ROUNDED_SCORES_IN_TOP5,Two or more top-5 rows of DIFFERENT entities share the same score to 4 decimals; ordering looks arbitrary without exposed tie-breakers.
7927181,BottomLine Development Group LLC,Davie,FL,info,,No automated issues flagged; still spot-check for domain edge cases.
7927182,Girl Scouts of Tropical Florida,Palm Beach,FL,med,DUPLICATE_ROUNDED_SCORES_IN_TOP5,Two or more top-5 rows of DIFFERENT entities share the same score to 4 decimals; ordering looks arbitrary without exposed tie-breakers.
7927183,"JBC Global Events & Incentives (Josh Brown Company, Inc.)",,,info,NO_QUERY_GEO_RANK1_HAS_LOCATION;DUPLICATE_ROUNDED_SCORES_IN_TOP5,"Query omits city/state and rank-1 carries an address, but no same-name bare row ties it — acceptable when rank-1 is the best/only-named match (info only). Top-5 score ties are all the same entity (multi-office); expected, not a ranking defect (info only)."
7927184,114876 HPN - 2026 RCNM Meeting,,,info,,No automated issues flagged; still spot-check for domain edge cases.
7927185,Carrie Jo Coaching,Elk River,MN,med,DUPLICATE_ROUNDED_SCORES_IN_TOP5,Two or more top-5 rows of DIFFERENT entities share the same score to 4 decimals; ordering looks arbitrary without exposed tie-breakers.
7927187,Leah Parra and Tommy McNeel,Kapaau,HI,info,,No automated issues flagged; still spot-check for domain edge cases.
7927189,Ian Verasammy,Kapaau,HI,info,,No automated issues flagged; still spot-check for domain edge cases.
7927193,Spencyr Mayer,Roy,UT,info,,No automated issues flagged; still spot-check for domain edge cases.
7927194,Zoie Mortimer,Wildomar,CA,info,,No automated issues flagged; still spot-check for domain edge cases.
7927195,Le Jardin Community Center,,,info,NO_QUERY_GEO_RANK1_HAS_LOCATION;DUPLICATE_ROUNDED_SCORES_IN_TOP5,"Query omits city/state and rank-1 carries an address, but no same-name bare row ties it — acceptable when rank-1 is the best/only-named match (info only). Top-5 score ties are all the same entity (multi-office); expected, not a ranking defect (info only)."
7927196,Mother's Day Craft Fair 2026-  Kaua'i Made – Buy Kaua'i Products,Honolulu,HI,info,,No automated issues flagged; still spot-check for domain edge cases.
7927202,Primary Aimline Offsite Group,Lake Havasu City,AZ,med,DUPLICATE_ROUNDED_SCORES_IN_TOP5,Two or more top-5 rows of DIFFERENT entities share the same score to 4 decimals; ordering looks arbitrary without exposed tie-breakers.
7927205,Fullbay,,,info,NO_QUERY_GEO_RANK1_HAS_LOCATION,"Query omits city/state and rank-1 carries an address, but no same-name bare row ties it — acceptable when rank-1 is the best/only-named match (info only)."
7927206,Miami Dade Bar Association,Miami,FL,info,,No automated issues flagged; still spot-check for domain edge cases.
7927207,Octane,New York City,NY,info,,No automated issues flagged; still spot-check for domain edge cases.
7927208,Boulder Heavy Industries,,,info,NO_QUERY_GEO_RANK1_HAS_LOCATION,"Query omits city/state and rank-1 carries an address, but no same-name bare row ties it — acceptable when rank-1 is the best/only-named match (info only)."
7927212,American Dental Company,Phoenix,AZ,med,DUPLICATE_ROUNDED_SCORES_IN_TOP5,Two or more top-5 rows of DIFFERENT entities share the same score to 4 decimals; ordering looks arbitrary without exposed tie-breakers.
7927214,Laurel's Prospects 2026,Miami,FL,info,,No automated issues flagged; still spot-check for domain edge cases.
7927220,Laurel's Prospects 2026,Morrisville,NC,med,DUPLICATE_ROUNDED_SCORES_IN_TOP5,Two or more top-5 rows of DIFFERENT entities share the same score to 4 decimals; ordering looks arbitrary without exposed tie-breakers.
7927222,"Deep Dive Productions, LLC",,CA,info,DUPLICATE_ROUNDED_SCORES_IN_TOP5,"Top-5 score ties are all the same entity (multi-office); expected, not a ranking defect (info only)."
7927226,Realta Wealth,Newport Beach,CA,info,,No automated issues flagged; still spot-check for domain edge cases.
7927227,The Bullfinch Group,Washington,DC,info,,No automated issues flagged; still spot-check for domain edge cases.
7927228,BHS - Room Blocks,Minneapolis,MN,med,DUPLICATE_ROUNDED_SCORES_IN_TOP5,Two or more top-5 rows of DIFFERENT entities share the same score to 4 decimals; ordering looks arbitrary without exposed tie-breakers.
7927236,14U Regulators Baseball Room Block,Fort Lauderdale,FL,med,DUPLICATE_ROUNDED_SCORES_IN_TOP5,Two or more top-5 rows of DIFFERENT entities share the same score to 4 decimals; ordering looks arbitrary without exposed tie-breakers.
7927237,33 Fighter Wing Annual Awards,Fort Walton Beach,FL,info,,No automated issues flagged; still spot-check for domain edge cases.
7927238,Alabama Alliance of Community Hospitals,Cullman,AL,info,,No automated issues flagged; still spot-check for domain edge cases.
7927240,Atlantic Claim Executives Associations,Gallatin,TN,med,DUPLICATE_ROUNDED_SCORES_IN_TOP5,Two or more top-5 rows of DIFFERENT entities share the same score to 4 decimals; ordering looks arbitrary without exposed tie-breakers.
7927241,Bill Roeling,Fort Lauderdale,FL,info,,No automated issues flagged; still spot-check for domain edge cases.
7927242,Bonnie Christine,Franklin,NC,med,DUPLICATE_ROUNDED_SCORES_IN_TOP5,Two or more top-5 rows of DIFFERENT entities share the same score to 4 decimals; ordering looks arbitrary without exposed tie-breakers.
7927243,"CMTS, LLC.",Dallas,TX,info,,No automated issues flagged; still spot-check for domain edge cases.
7927244,"Dice Holdings, INC",,,info,,No automated issues flagged; still spot-check for domain edge cases.
7927245,Dimond Insurance Co.,,,info,NO_QUERY_GEO_RANK1_HAS_LOCATION,"Query omits city/state and rank-1 carries an address, but no same-name bare row ties it — acceptable when rank-1 is the best/only-named match (info only)."
7927246,Enabled Energy Company Meeting 2026,,,info,NO_QUERY_GEO_RANK1_HAS_LOCATION,"Query omits city/state and rank-1 carries an address, but no same-name bare row ties it — acceptable when rank-1 is the best/only-named match (info only)."
7927247,Etherio on behalf of The Home Depot,Boca Raton,FL,info,DUPLICATE_ROUNDED_SCORES_IN_TOP5,"Top-5 score ties are all the same entity (multi-office); expected, not a ranking defect (info only)."
7927248,Groups360,,,info,NO_QUERY_GEO_RANK1_HAS_LOCATION,"Query omits city/state and rank-1 carries an address, but no same-name bare row ties it — acceptable when rank-1 is the best/only-named match (info only)."
7927249,Groups360,Richland,MS,info,,No automated issues flagged; still spot-check for domain edge cases.
7927250,Groups360,Madison,GA,info,DUPLICATE_ROUNDED_SCORES_IN_TOP5,"Top-5 score ties are all the same entity (multi-office); expected, not a ranking defect (info only)."
7927251,Groups360,BUFFALO,MN,info,DUPLICATE_ROUNDED_SCORES_IN_TOP5,"Top-5 score ties are all the same entity (multi-office); expected, not a ranking defect (info only)."
7927252,"HCP Mgmt Operations, Inc. dba Medforce, an IQIA Business, on behlf of Agenx US, Inc.",Shrewsbury,NJ,info,,No automated issues flagged; still spot-check for domain edge cases.
7927253,Louisiana Assessors Association,,,info,NO_QUERY_GEO_RANK1_HAS_LOCATION;DUPLICATE_ROUNDED_SCORES_IN_TOP5,"Query omits city/state and rank-1 carries an address, but no same-name bare row ties it — acceptable when rank-1 is the best/only-named match (info only). Top-5 score ties are all the same entity (multi-office); expected, not a ranking defect (info only)."
7927254,MilliporeSigma Corp.,Burlington,MA,info,,No automated issues flagged; still spot-check for domain edge cases.
7927255,"Murrelektronik, Inc.",Suwanee,GA,info,,No automated issues flagged; still spot-check for domain edge cases.
7927256,Myrtice Agee,Tampa,FL,info,,No automated issues flagged; still spot-check for domain edge cases.
7927257,Natasia Lunford,Miami,FL,info,,No automated issues flagged; still spot-check for domain edge cases.
7927258,New Destiny Church,Coldspring,TX,info,DUPLICATE_ROUNDED_SCORES_IN_TOP5,"Top-5 score ties are all the same entity (multi-office); expected, not a ranking defect (info only)."
7927259,Parsec Automation,,,info,NO_QUERY_GEO_RANK1_HAS_LOCATION;DUPLICATE_ROUNDED_SCORES_IN_TOP5,"Query omits city/state and rank-1 carries an address, but no same-name bare row ties it — acceptable when rank-1 is the best/only-named match (info only). Top-5 score ties are all the same entity (multi-office); expected, not a ranking defect (info only)."
7927260,Parsec Automation President's Club 2027,,,info,,No automated issues flagged; still spot-check for domain edge cases.
7927262,Polytec,,,med,NO_QUERY_GEO_RANK1_HAS_LOCATION;DUPLICATE_ROUNDED_SCORES_IN_TOP5,"Query omits city/state and rank-1 carries an address, but no same-name bare row ties it — acceptable when rank-1 is the best/only-named match (info only). Two or more top-5 rows of DIFFERENT entities share the same score to 4 decimals; ordering looks arbitrary without exposed tie-breakers."
7927263,"Pusen USA, Inc.",Johns Creek,GA,med,DUPLICATE_ROUNDED_SCORES_IN_TOP5,Two or more top-5 rows of DIFFERENT entities share the same score to 4 decimals; ordering looks arbitrary without exposed tie-breakers.
7927265,Shawna Barnts,Omaha,NE,med,DUPLICATE_ROUNDED_SCORES_IN_TOP5,Two or more top-5 rows of DIFFERENT entities share the same score to 4 decimals; ordering looks arbitrary without exposed tie-breakers.
7927266,Spelman Collage,Atlanta,GA,info,,No automated issues flagged; still spot-check for domain edge cases.
7927267,"Springline Advisory, LLC",Dallas,TX,med,DUPLICATE_ROUNDED_SCORES_IN_TOP5,Two or more top-5 rows of DIFFERENT entities share the same score to 4 decimals; ordering looks arbitrary without exposed tie-breakers.
7927268,St. Paul University College of Physical Therapy,Los Angeles,CA,med,DUPLICATE_ROUNDED_SCORES_IN_TOP5,Two or more top-5 rows of DIFFERENT entities share the same score to 4 decimals; ordering looks arbitrary without exposed tie-breakers.
7927270,VTrips,Birmingham,AL,info,,No automated issues flagged; still spot-check for domain edge cases.
7927271,Warrior Bride Ministries,Marietta,GA,med,DUPLICATE_ROUNDED_SCORES_IN_TOP5,Two or more top-5 rows of DIFFERENT entities share the same score to 4 decimals; ordering looks arbitrary without exposed tie-breakers.
7927272,"Alore Meetings & Evnets, LLC",Marietta,GA,med,DUPLICATE_ROUNDED_SCORES_IN_TOP5,Two or more top-5 rows of DIFFERENT entities share the same score to 4 decimals; ordering looks arbitrary without exposed tie-breakers.
7927273,Direct Travel,Mattoon,IL,info,,No automated issues flagged; still spot-check for domain edge cases.
7927274,Isenhour International,Rockville,MD,info,,No automated issues flagged; still spot-check for domain edge cases.
7927275,"Ladidadi XM, LLC",,IL,info,,No automated issues flagged; still spot-check for domain edge cases.
7927276,National Council for Measurement in Education,Pittsburgh,PA,info,,No automated issues flagged; still spot-check for domain edge cases.
7927277,"Education Is Cool, Get One",Orlando,FL,info,,No automated issues flagged; still spot-check for domain edge cases.
7927278,Central Florida Intergroup,Fort Lauderdale,FL,info,,No automated issues flagged; still spot-check for domain edge cases.
7927279,United States Acedemic Decathlon,Mankato,MN,info,DUPLICATE_ROUNDED_SCORES_IN_TOP5,"Top-5 score ties are all the same entity (multi-office); expected, not a ranking defect (info only)."
7927280,"International Co-Responder Alliance, Inc",Pittsburgh,PA,med,DUPLICATE_ROUNDED_SCORES_IN_TOP5,Two or more top-5 rows of DIFFERENT entities share the same score to 4 decimals; ordering looks arbitrary without exposed tie-breakers.
7927281,Pittsburgh Unified Auditions LLC,New York,NY,info,,No automated issues flagged; still spot-check for domain edge cases.
7927282,Pennsylvania Department of Conservation & Natural Resources,Harrisburg,PA,info,,No automated issues flagged; still spot-check for domain edge cases.
7927283,AVID Center WGP,San Diego,CA,info,,No automated issues flagged; still spot-check for domain edge cases.
7927284,Empower Project,Chicago,IL,info,,No automated issues flagged; still spot-check for domain edge cases.
7927285,Park Seismic LLC,Shelton,CT,info,DUPLICATE_ROUNDED_SCORES_IN_TOP5,"Top-5 score ties are all the same entity (multi-office); expected, not a ranking defect (info only)."
7927286,Box 5 Company LLC,Columbia,MD,med,DUPLICATE_ROUNDED_SCORES_IN_TOP5,Two or more top-5 rows of DIFFERENT entities share the same score to 4 decimals; ordering looks arbitrary without exposed tie-breakers.
7927287,"Exposed Arts, Inc.",Washington,DC,info,,No automated issues flagged; still spot-check for domain edge cases.
7927294,Julia & Sophia's Bridal Shower,McMurray,PA,info,,No automated issues flagged; still spot-check for domain edge cases.
7927295,"Alpha Phi, Epsilon Iota",Pittsburgh,PA,info,,No automated issues flagged; still spot-check for domain edge cases.
7927297,AZRA Games,Sacramento,CA,info,,No automated issues flagged; still spot-check for domain edge cases.
7927298,Graham Healthcare,Lapeer,MI,med,DUPLICATE_ROUNDED_SCORES_IN_TOP5,Two or more top-5 rows of DIFFERENT entities share the same score to 4 decimals; ordering looks arbitrary without exposed tie-breakers.
7927299,The Ultimate Brick Show,Buffalo,NY,med,DUPLICATE_ROUNDED_SCORES_IN_TOP5,Two or more top-5 rows of DIFFERENT entities share the same score to 4 decimals; ordering looks arbitrary without exposed tie-breakers.
7927300,Iron City Cup,Indianapolis,IN,info,,No automated issues flagged; still spot-check for domain edge cases.
7927302,Baptist Communicators Association,Baltimore,MD,info,,No automated issues flagged; still spot-check for domain edge cases.
7927303,CWTE,,,info,NO_QUERY_GEO_RANK1_HAS_LOCATION;DUPLICATE_ROUNDED_SCORES_IN_TOP5,"Query omits city/state and rank-1 carries an address, but no same-name bare row ties it — acceptable when rank-1 is the best/only-named match (info only). Top-5 score ties are all the same entity (multi-office); expected, not a ranking defect (info only)."
7927304,Alpha Delta Pi- University of Pittsburgh,Pittsburgh,PA,info,,No automated issues flagged; still spot-check for domain edge cases.
7927305,LCF,Miami,FL,info,,No automated issues flagged; still spot-check for domain edge cases.
7927306,"PROVEN Management, LLC",,,info,DUPLICATE_ROUNDED_SCORES_IN_TOP5,"Top-5 score ties are all the same entity (multi-office); expected, not a ranking defect (info only)."
7927309,GEORGIA - PACIFIC CORPORATION,Pittsburgh,PA,med,DUPLICATE_ROUNDED_SCORES_IN_TOP5,Two or more top-5 rows of DIFFERENT entities share the same score to 4 decimals; ordering looks arbitrary without exposed tie-breakers.
7927311,UL LLC Tech,Birchwood,WI,med,DUPLICATE_ROUNDED_SCORES_IN_TOP5,Two or more top-5 rows of DIFFERENT entities share the same score to 4 decimals; ordering looks arbitrary without exposed tie-breakers.
7927312,UMI Stone,Tampa,FL,info,,No automated issues flagged; still spot-check for domain edge cases.
7927314,Great Lakes Regional Headache Society/Cleveland Clinic,Cleveland,OH,info,,No automated issues flagged; still spot-check for domain edge cases.
7927316,Goree + Fitzsimmons Room Block JFNTVSQJ2BT,,,info,,No automated issues flagged; still spot-check for domain edge cases.
7927317,Global Liver Institute,Washington,DC,info,,No automated issues flagged; still spot-check for domain edge cases.
7927318,Executive Team Planning Meeting ZLN9Y53LML5,,,info,DUPLICATE_ROUNDED_SCORES_IN_TOP5,"Top-5 score ties are all the same entity (multi-office); expected, not a ranking defect (info only)."
7927319,Diocesan Financial Management Conference,,,info,NO_QUERY_GEO_RANK1_HAS_LOCATION;DUPLICATE_ROUNDED_SCORES_IN_TOP5,"Query omits city/state and rank-1 carries an address, but no same-name bare row ties it — acceptable when rank-1 is the best/only-named match (info only). Top-5 score ties are all the same entity (multi-office); expected, not a ranking defect (info only)."
7927320,Eastern Kentucky Football @ Tarleton State X7N3ZW4BHG4,,,info,DUPLICATE_ROUNDED_SCORES_IN_TOP5,"Top-5 score ties are all the same entity (multi-office); expected, not a ranking defect (info only)."
7927321,DHCD Elevator Inspection Training MYN8S4W7ZV2,,,info,NO_QUERY_GEO_RANK1_HAS_LOCATION,"Query omits city/state and rank-1 carries an address, but no same-name bare row ties it — acceptable when rank-1 is the best/only-named match (info only)."
7927322,DI SW Finance Conference XRN4D9RQDV7,,,info,NO_QUERY_GEO_RANK1_HAS_LOCATION,"Query omits city/state and rank-1 carries an address, but no same-name bare row ties it — acceptable when rank-1 is the best/only-named match (info only)."
7927323,Endeavor B2B 2027 EMS Summit DPN5DYW8Y5L,,,info,,No automated issues flagged; still spot-check for domain edge cases.
7927324,EPG Brand Acceleration Elevate Summit 2027 MKNLTYDMRV2,,,info,DUPLICATE_ROUNDED_SCORES_IN_TOP5,"Top-5 score ties are all the same entity (multi-office); expected, not a ranking defect (info only)."
7927325,Corporate Event for 1847Financial PPNR3BW773L,Memphis,TN,info,,No automated issues flagged; still spot-check for domain edge cases.
7927326,Cru Summer Mission Briefing 2026 XQNY97RG29M,,,info,DUPLICATE_ROUNDED_SCORES_IN_TOP5,"Top-5 score ties are all the same entity (multi-office); expected, not a ranking defect (info only)."
7927327,CT&D Team Off-site Meeting,,,info,NO_QUERY_GEO_RANK1_HAS_LOCATION,"Query omits city/state and rank-1 carries an address, but no same-name bare row ties it — acceptable when rank-1 is the best/only-named match (info only)."
7927328,College Board (CH) 2026 Chief Reader Retreat GVNWMRYLRT9,,,info,NO_QUERY_GEO_RANK1_HAS_LOCATION;DUPLICATE_ROUNDED_SCORES_IN_TOP5,"Query omits city/state and rank-1 carries an address, but no same-name bare row ties it — acceptable when rank-1 is the best/only-named match (info only). Top-5 score ties are all the same entity (multi-office); expected, not a ranking defect (info only)."
7927329,Claims Team Summit Event - March 2026 QYNHHCC7TWH,,,info,NO_QUERY_GEO_RANK1_HAS_LOCATION,"Query omits city/state and rank-1 carries an address, but no same-name bare row ties it — acceptable when rank-1 is the best/only-named match (info only)."
7927330,Clover Health,,,info,NO_QUERY_GEO_RANK1_HAS_LOCATION,"Query omits city/state and rank-1 carries an address, but no same-name bare row ties it — acceptable when rank-1 is the best/only-named match (info only)."
7927331,Confident Workshop Mar2026 JKNR72KRLHW,,,info,NO_QUERY_GEO_RANK1_HAS_LOCATION;DUPLICATE_ROUNDED_SCORES_IN_TOP5,"Query omits city/state and rank-1 carries an address, but no same-name bare row ties it — acceptable when rank-1 is the best/only-named match (info only). Top-5 score ties are all the same entity (multi-office); expected, not a ranking defect (info only)."
7927332,CONNECT27 KLNZ3TTVKGX,,,info,DUPLICATE_ROUNDED_SCORES_IN_TOP5,"Top-5 score ties are all the same entity (multi-office); expected, not a ranking defect (info only)."
7927333,"Community Coordinated Care for Children, Inc. (4C)",,,info,NO_QUERY_GEO_RANK1_HAS_LOCATION,"Query omits city/state and rank-1 carries an address, but no same-name bare row ties it — acceptable when rank-1 is the best/only-named match (info only)."
7927334,Artivion AMDS Academy Nashville MVN98FNVPML,Alpharetta,GA,info,,No automated issues flagged; still spot-check for domain edge cases.
7927335,Amphenol Global Interconnect Systems 2026 Strategy Meeting L9N95FZ9KD8,,,info,NO_QUERY_GEO_RANK1_HAS_LOCATION;DUPLICATE_ROUNDED_SCORES_IN_TOP5,"Query omits city/state and rank-1 carries an address, but no same-name bare row ties it — acceptable when rank-1 is the best/only-named match (info only). Top-5 score ties are all the same entity (multi-office); expected, not a ranking defect (info only)."
7927336,**CORRECTED** Chubb -  2026 Leadership Academy -  Dallas/Ft/ Worth -  August/September 2 XVNXW7Y6PW4,Scottsdale,AZ,info,DUPLICATE_ROUNDED_SCORES_IN_TOP5,"Top-5 score ties are all the same entity (multi-office); expected, not a ranking defect (info only)."
7927337,10272-000 Sales incentive Nashville March-Jun 26 Z6NVSZKGRM8,,,info,,No automated issues flagged; still spot-check for domain edge cases.
7927339,2026 Fall Conference JKNJDSWHCYX,,,info,,No automated issues flagged; still spot-check for domain edge cases.
7927340,2026 March 3-day Workshop VZNMC36H7M3,,,info,,No automated issues flagged; still spot-check for domain edge cases.
7927341,2026 PF Event (Finance Industry) JJNHLYCX45F,,,info,,No automated issues flagged; still spot-check for domain edge cases.
7927342,2026 Sigma Gamma Rho Staff Meeting FGNDYHXLGL4,Washington,DC,info,,No automated issues flagged; still spot-check for domain edge cases.
7927343,2026 Type 2 Diabetes Collaborative In-Person Meeting M9NSWZ6RGFR,,,info,NO_QUERY_GEO_RANK1_HAS_LOCATION,"Query omits city/state and rank-1 carries an address, but no same-name bare row ties it — acceptable when rank-1 is the best/only-named match (info only)."
7927344,26 TUSA @ Alexandria & Springfield M3NNLL5ZFCQ,,,info,DUPLICATE_ROUNDED_SCORES_IN_TOP5,"Top-5 score ties are all the same entity (multi-office); expected, not a ranking defect (info only)."
7927345,26-0019 - Travel Portland L4NFLGMH6VK,Washington,DC,info,,No automated issues flagged; still spot-check for domain edge cases.
7927346,China Tour Group Alexandria DVNP8KNV4XL,Baltimore,MD,med,DUPLICATE_ROUNDED_SCORES_IN_TOP5,Two or more top-5 rows of DIFFERENT entities share the same score to 4 decimals; ordering looks arbitrary without exposed tie-breakers.
7927347,CFP - ACF Convening 2026 LSNWRNVLGSX,,,info,NO_QUERY_GEO_RANK1_HAS_LOCATION,"Query omits city/state and rank-1 carries an address, but no same-name bare row ties it — acceptable when rank-1 is the best/only-named match (info only)."
7927348,Billtrust Room Block X3NQM9RRX6Z,,,info,NO_QUERY_GEO_RANK1_HAS_LOCATION,"Query omits city/state and rank-1 carries an address, but no same-name bare row ties it — acceptable when rank-1 is the best/only-named match (info only)."
7927349,BC Roundtable - Nashville G4NP48JNL68,,,info,,No automated issues flagged; still spot-check for domain edge cases.
7927350,Joe C. Annual Conference L8NMPHV5T43,,,info,,No automated issues flagged; still spot-check for domain edge cases.
7927351,IRSJA,,,info,DUPLICATE_ROUNDED_SCORES_IN_TOP5,"Top-5 score ties are all the same entity (multi-office); expected, not a ranking defect (info only)."
7927352,International Joint Commission (IJC) L3N6VNNSGL4,Ely,MN,info,,No automated issues flagged; still spot-check for domain edge cases.
7927353,"Leaders in Luxury 2026 - Nashville, TN NYNZR5GBQTV",,,info,DUPLICATE_ROUNDED_SCORES_IN_TOP5,"Top-5 score ties are all the same entity (multi-office); expected, not a ranking defect (info only)."
7927354,LEM Operations/Fleet Annual Meeting VPNYJ3PTTD4,,,info,,No automated issues flagged; still spot-check for domain edge cases.
7927355,"Meeting and Hotel Group. Fortis Games. OCT 18 - 23, 2026 (GL) F3N23PW2VVH",,,info,DUPLICATE_ROUNDED_SCORES_IN_TOP5,"Top-5 score ties are all the same entity (multi-office); expected, not a ranking defect (info only)."
7927356,Military Recruiting Experts Training GLNKYZR5RVF,,,info,DUPLICATE_ROUNDED_SCORES_IN_TOP5,"Top-5 score ties are all the same entity (multi-office); expected, not a ranking defect (info only)."
7927357,Millennium Health and Fitness,,,info,NO_QUERY_GEO_RANK1_HAS_LOCATION;DUPLICATE_ROUNDED_SCORES_IN_TOP5,"Query omits city/state and rank-1 carries an address, but no same-name bare row ties it — acceptable when rank-1 is the best/only-named match (info only). Top-5 score ties are all the same entity (multi-office); expected, not a ranking defect (info only)."
7927358,Miami (Ohio) University,,,info,NO_QUERY_GEO_RANK1_HAS_LOCATION;DUPLICATE_ROUNDED_SCORES_IN_TOP5,"Query omits city/state and rank-1 carries an address, but no same-name bare row ties it — acceptable when rank-1 is the best/only-named match (info only). Top-5 score ties are all the same entity (multi-office); expected, not a ranking defect (info only)."
7927359,Groups360,Branson,MO,info,DUPLICATE_ROUNDED_SCORES_IN_TOP5,"Top-5 score ties are all the same entity (multi-office); expected, not a ranking defect (info only)."
7927360,Haylock + Fischer Room Block KQNX5DB5TX2,,,info,NO_QUERY_GEO_RANK1_HAS_LOCATION;DUPLICATE_ROUNDED_SCORES_IN_TOP5,"Query omits city/state and rank-1 carries an address, but no same-name bare row ties it — acceptable when rank-1 is the best/only-named match (info only). Top-5 score ties are all the same entity (multi-office); expected, not a ranking defect (info only)."
7927361,Health Prime International,Chicago,IL,info,,No automated issues flagged; still spot-check for domain edge cases.
7927362,Groups360,West Lebanon,NH,info,DUPLICATE_ROUNDED_SCORES_IN_TOP5,"Top-5 score ties are all the same entity (multi-office); expected, not a ranking defect (info only)."
7927363,HRD-10628 New Orleans Group MMNYJJ4FN6F,,,info,NO_QUERY_GEO_RANK1_HAS_LOCATION;DUPLICATE_ROUNDED_SCORES_IN_TOP5,"Query omits city/state and rank-1 carries an address, but no same-name bare row ties it — acceptable when rank-1 is the best/only-named match (info only). Top-5 score ties are all the same entity (multi-office); expected, not a ranking defect (info only)."
7927364,Inter-Continental Cigar Corporation - 2Q Sales Meeting - April 2026 PLN3C6DSGDF,,,info,DUPLICATE_ROUNDED_SCORES_IN_TOP5,"Top-5 score ties are all the same entity (multi-office); expected, not a ranking defect (info only)."
7927365,Imbruvica IBT Live_F2N5BF25BJS_AV69771 PCN5XRD92L5,,,info,DUPLICATE_ROUNDED_SCORES_IN_TOP5,"Top-5 score ties are all the same entity (multi-office); expected, not a ranking defect (info only)."
7927366,Hunter Industries Inc,,,info,NO_QUERY_GEO_RANK1_HAS_LOCATION;DUPLICATE_ROUNDED_SCORES_IN_TOP5,"Query omits city/state and rank-1 carries an address, but no same-name bare row ties it — acceptable when rank-1 is the best/only-named match (info only). Top-5 score ties are all the same entity (multi-office); expected, not a ranking defect (info only)."
7927367,"ID#20994-McKesson & Ontada: Together, Cancer Doesn't Stand a Chance PBNKW5CQ36H",,,info,NO_QUERY_GEO_RANK1_HAS_LOCATION,"Query omits city/state and rank-1 carries an address, but no same-name bare row ties it — acceptable when rank-1 is the best/only-named match (info only)."
7927368,Ignite 2027 Citywide Oct2027 MSYAK,Chicago,IL,info,,No automated issues flagged; still spot-check for domain edge cases.
7927369,Regional Biosimilars Account Directors Team Meeting GSN3NC2LHW2,,,info,,No automated issues flagged; still spot-check for domain edge cases.
7927370,SANS Nashville 2027 G7NMHM3HPP2,,,info,,No automated issues flagged; still spot-check for domain edge cases.
7927371,"Savara, Inc. 2026 Launch Meeting LBNFJDPRR7W",,,info,DUPLICATE_ROUNDED_SCORES_IN_TOP5,"Top-5 score ties are all the same entity (multi-office); expected, not a ranking defect (info only)."
7927372,RFPAME26 - Amazon Seller Events Regional Series East Coast v3 L2N2FW3JRDX,,,info,DUPLICATE_ROUNDED_SCORES_IN_TOP5,"Top-5 score ties are all the same entity (multi-office); expected, not a ranking defect (info only)."
7927374,Broward College,Miami,FL,info,,No automated issues flagged; still spot-check for domain edge cases.
7927375,Online Bookings - SJCHM,Morgan Hill,CA,info,,No automated issues flagged; still spot-check for domain edge cases.
7927376,HQ CO 23d/4th Marine Div,Centerview,MO,med,DUPLICATE_ROUNDED_SCORES_IN_TOP5,Two or more top-5 rows of DIFFERENT entities share the same score to 4 decimals; ordering looks arbitrary without exposed tie-breakers.
7927377,Groups360,Marathon,FL,info,DUPLICATE_ROUNDED_SCORES_IN_TOP5,"Top-5 score ties are all the same entity (multi-office); expected, not a ranking defect (info only)."
7927378,Groups360,Irvine,,info,DUPLICATE_ROUNDED_SCORES_IN_TOP5,"Top-5 score ties are all the same entity (multi-office); expected, not a ranking defect (info only)."
7927379,American Public Transportation Association HQ,Washington,DC,info,,No automated issues flagged; still spot-check for domain edge cases.
7927380,American Society for Cytology,Raleigh,NC,med,DUPLICATE_ROUNDED_SCORES_IN_TOP5,Two or more top-5 rows of DIFFERENT entities share the same score to 4 decimals; ordering looks arbitrary without exposed tie-breakers.
7927381,Black Girl Ventures,Kitchener,ON,info,,No automated issues flagged; still spot-check for domain edge cases.
7927382,Center for International Blood & Marrow Transplant Research,Satellite Beach,FL,med,DUPLICATE_ROUNDED_SCORES_IN_TOP5,Two or more top-5 rows of DIFFERENT entities share the same score to 4 decimals; ordering looks arbitrary without exposed tie-breakers.
7927383,Communication Partners Group,Ocean,NJ,info,,No automated issues flagged; still spot-check for domain edge cases.
7927384,Dairy Girl Network,Kitchener,ON,med,DUPLICATE_ROUNDED_SCORES_IN_TOP5,Two or more top-5 rows of DIFFERENT entities share the same score to 4 decimals; ordering looks arbitrary without exposed tie-breakers.
7927385,Electricity Information Sharing and Analysis Center,Dublin,OH,med,DUPLICATE_ROUNDED_SCORES_IN_TOP5,Two or more top-5 rows of DIFFERENT entities share the same score to 4 decimals; ordering looks arbitrary without exposed tie-breakers.
7927386,Fuel Solutions,Las Vegas,NV,info,,No automated issues flagged; still spot-check for domain edge cases.
7927387,"Gofundme, Incorporated",Scottsdale,AZ,med,DUPLICATE_ROUNDED_SCORES_IN_TOP5,Two or more top-5 rows of DIFFERENT entities share the same score to 4 decimals; ordering looks arbitrary without exposed tie-breakers.
7927388,IAPE,Canton,OH,med,DUPLICATE_ROUNDED_SCORES_IN_TOP5,Two or more top-5 rows of DIFFERENT entities share the same score to 4 decimals; ordering looks arbitrary without exposed tie-breakers.
7927389,National Association of Innovative Lighting Distributors (Naild),Ankeny,IA,info,,No automated issues flagged; still spot-check for domain edge cases.
7927390,International Consortium on Governmental Financial Management,Great Falls,VA,info,DUPLICATE_ROUNDED_SCORES_IN_TOP5,"Top-5 score ties are all the same entity (multi-office); expected, not a ranking defect (info only)."
7927391,"College Broadcasters, Incorporated",Woodbridge,VA,med,DUPLICATE_ROUNDED_SCORES_IN_TOP5,Two or more top-5 rows of DIFFERENT entities share the same score to 4 decimals; ordering looks arbitrary without exposed tie-breakers.
7927392,Baylor Athletics,Waco,TX,med,STRONG_SCORE_NON_EXACT_NAME;HYBRID_SEMANTIC_LED_AT_CEILING,Top-1 is a related but non-identical name (token_subset_mismatch) at 0.9669; rationale should justify suffix/token gaps. Hybrid (semantic-led) at a ceiling score with non-exact name overlap — defensibility risk for SMEs.
7927393,University of South Florida Main Campus,Tampa,FL,info,,No automated issues flagged; still spot-check for domain edge cases.
7927394,"Big Events, Incorporated",Franklin,TN,info,,No automated issues flagged; still spot-check for domain edge cases.
7927395,Event Connect,Severna Park,MD,info,,No automated issues flagged; still spot-check for domain edge cases.
7927396,FROSCH by Chase Travel,Menlo Park,CA,info,,No automated issues flagged; still spot-check for domain edge cases.
7927397,Prestige Global Meeting Source HQ,Poway,CA,info,,No automated issues flagged; still spot-check for domain edge cases.
7927398,The Formerly Incarcerated Convicted People & Families Movement Ficpfm,Pearl,MS,info,,No automated issues flagged; still spot-check for domain edge cases.
7927399,Virginia Elks Association,Folsom,CA,med,DUPLICATE_ROUNDED_SCORES_IN_TOP5,Two or more top-5 rows of DIFFERENT entities share the same score to 4 decimals; ordering looks arbitrary without exposed tie-breakers.
7927400,Institute for Catholic Liberal Education,Saint Petersburg,FL,info,,No automated issues flagged; still spot-check for domain edge cases.
7927401,Intel Travel,New Orleans,LA,med,DUPLICATE_ROUNDED_SCORES_IN_TOP5,Two or more top-5 rows of DIFFERENT entities share the same score to 4 decimals; ordering looks arbitrary without exposed tie-breakers.
7927402,O Explora,Fort Worth,TX,med,DUPLICATE_ROUNDED_SCORES_IN_TOP5,Two or more top-5 rows of DIFFERENT entities share the same score to 4 decimals; ordering looks arbitrary without exposed tie-breakers.
7927403,Retreat Travel,New Orleans,LA,info,,No automated issues flagged; still spot-check for domain edge cases.
7927404,Point Blank Armor,,,info,NO_QUERY_GEO_RANK1_HAS_LOCATION,"Query omits city/state and rank-1 carries an address, but no same-name bare row ties it — acceptable when rank-1 is the best/only-named match (info only)."
7927405,R2 - 61147 MPNH7V4D3XZ,,,info,DUPLICATE_ROUNDED_SCORES_IN_TOP5,"Top-5 score ties are all the same entity (multi-office); expected, not a ranking defect (info only)."
7927406,National Christian Charitable Foundation (NCF),,,info,NO_QUERY_GEO_RANK1_HAS_LOCATION;DUPLICATE_ROUNDED_SCORES_IN_TOP5,"Query omits city/state and rank-1 carries an address, but no same-name bare row ties it — acceptable when rank-1 is the best/only-named match (info only). Top-5 score ties are all the same entity (multi-office); expected, not a ranking defect (info only)."
7927407,Kansas Football @ TCU FSNN35RGGDP,,,info,NO_QUERY_GEO_RANK1_HAS_LOCATION,"Query omits city/state and rank-1 carries an address, but no same-name bare row ties it — acceptable when rank-1 is the best/only-named match (info only)."
7927408,NMA,Stafford,TX,med,DUPLICATE_ROUNDED_SCORES_IN_TOP5,Two or more top-5 rows of DIFFERENT entities share the same score to 4 decimals; ordering looks arbitrary without exposed tie-breakers.
7927409,Nueva Global,Plano,TX,med,DUPLICATE_ROUNDED_SCORES_IN_TOP5,Two or more top-5 rows of DIFFERENT entities share the same score to 4 decimals; ordering looks arbitrary without exposed tie-breakers.
7927410,Parallon American SSC BO Director Meeting VYNL97HTCSR,,,info,DUPLICATE_ROUNDED_SCORES_IN_TOP5,"Top-5 score ties are all the same entity (multi-office); expected, not a ranking defect (info only)."
7927411,Overflow Rooms Only for Omni DRN7DM4NSN3,,,info,,No automated issues flagged; still spot-check for domain edge cases.
7927412,Pacbag MJNM8JQ32NV,,,info,NO_QUERY_GEO_RANK1_HAS_LOCATION;DUPLICATE_ROUNDED_SCORES_IN_TOP5,"Query omits city/state and rank-1 carries an address, but no same-name bare row ties it — acceptable when rank-1 is the best/only-named match (info only). Top-5 score ties are all the same entity (multi-office); expected, not a ranking defect (info only)."
7927413,UNITY VCS Bootcamp XDNP4YG73BP,,,info,NO_QUERY_GEO_RANK1_HAS_LOCATION,"Query omits city/state and rank-1 carries an address, but no same-name bare row ties it — acceptable when rank-1 is the best/only-named match (info only)."
7927414,University of Arizona Baseball vs Texas Christian University LYNW4RV44SF,,,info,,No automated issues flagged; still spot-check for domain edge cases.
7927415,University of Wisconsin-Platteville/Soccer,,,info,DUPLICATE_ROUNDED_SCORES_IN_TOP5,"Top-5 score ties are all the same entity (multi-office); expected, not a ranking defect (info only)."
7927416,VIATRIS: Lupus-Nephritis US IM & CRA Meeting VZNKMFT2VBX,,,info,NO_QUERY_GEO_RANK1_HAS_LOCATION,"Query omits city/state and rank-1 carries an address, but no same-name bare row ties it — acceptable when rank-1 is the best/only-named match (info only)."
7927417,U. of Central Florida,,,info,NO_QUERY_GEO_RANK1_HAS_LOCATION;DUPLICATE_ROUNDED_SCORES_IN_TOP5,"Query omits city/state and rank-1 carries an address, but no same-name bare row ties it — acceptable when rank-1 is the best/only-named match (info only). Top-5 score ties are all the same entity (multi-office); expected, not a ranking defect (info only)."
7927418,Susan G. Komen Center for Public Policy's Tennessee Lobby Day DBNGQ784DJT,,,info,NO_QUERY_GEO_RANK1_HAS_LOCATION;DUPLICATE_ROUNDED_SCORES_IN_TOP5,"Query omits city/state and rank-1 carries an address, but no same-name bare row ties it — acceptable when rank-1 is the best/only-named match (info only). Top-5 score ties are all the same entity (multi-office); expected, not a ranking defect (info only)."
7927419,SVP Sewing Brands LLC MSNC8SY2HBX,,,info,NO_QUERY_GEO_RANK1_HAS_LOCATION,"Query omits city/state and rank-1 carries an address, but no same-name bare row ties it — acceptable when rank-1 is the best/only-named match (info only)."
7927420,Tech Phi Delt Away Formal VYND9YS93KS,,,info,NO_QUERY_GEO_RANK1_HAS_LOCATION,"Query omits city/state and rank-1 carries an address, but no same-name bare row ties it — acceptable when rank-1 is the best/only-named match (info only)."
7927421,Utah Football @ TCU N8NXL8D36M7,,,info,DUPLICATE_ROUNDED_SCORES_IN_TOP5,"Top-5 score ties are all the same entity (multi-office); expected, not a ranking defect (info only)."
7927422,Wyndham Grand Pittsburgh Downtown Hotel,Cleveland,Oh,med,DUPLICATE_ROUNDED_SCORES_IN_TOP5,Two or more top-5 rows of DIFFERENT entities share the same score to 4 decimals; ordering looks arbitrary without exposed tie-breakers.
7927423,Synergy Health Partners,Solana Beach,CA,info,,No automated issues flagged; still spot-check for domain edge cases.
7927424,Secret Stuff,Franklin,TN,med,DUPLICATE_ROUNDED_SCORES_IN_TOP5,Two or more top-5 rows of DIFFERENT entities share the same score to 4 decimals; ordering looks arbitrary without exposed tie-breakers.
7927425,Bellami Professionals,Takoma Park,MD,info,,No automated issues flagged; still spot-check for domain edge cases.
7927426,Ferris Mowers,Milwaukee,WI,med,DUPLICATE_ROUNDED_SCORES_IN_TOP5,Two or more top-5 rows of DIFFERENT entities share the same score to 4 decimals; ordering looks arbitrary without exposed tie-breakers.
7927427,Girls Inc,Omaha,NE,med,STRONG_SCORE_NON_EXACT_NAME;DUPLICATE_ROUNDED_SCORES_IN_TOP5;HYBRID_SEMANTIC_LED_AT_CEILING,Top-1 is a related but non-identical name (query_and_top1_names_related_non_equal) at 0.9656; rationale should justify suffix/token gaps. Two or more top-5 rows of DIFFERENT entities share the same score to 4 decimals; ordering looks arbitrary without exposed tie-breakers. Hybrid (semantic-led) at a ceiling score with non-exact name overlap — defensibility risk for SMEs.
7927429,"Bruce Pittman, Incorporated",Morton,IL,med,DUPLICATE_ROUNDED_SCORES_IN_TOP5,Two or more top-5 rows of DIFFERENT entities share the same score to 4 decimals; ordering looks arbitrary without exposed tie-breakers.
7927431,Military Flight Weekend Trip,New Orleans,LA,med,DUPLICATE_ROUNDED_SCORES_IN_TOP5,Two or more top-5 rows of DIFFERENT entities share the same score to 4 decimals; ordering looks arbitrary without exposed tie-breakers.
7927432,Newcome Wedding Services,,TN,info,,No automated issues flagged; still spot-check for domain edge cases.
7927434,ReproRising VA,Alexandria,VA,info,,No automated issues flagged; still spot-check for domain edge cases.
7927438,U.S Society of Dams (USSD) via Etherio,Atlanta,GA,med,DUPLICATE_ROUNDED_SCORES_IN_TOP5,Two or more top-5 rows of DIFFERENT entities share the same score to 4 decimals; ordering looks arbitrary without exposed tie-breakers.
7927439,Maritz – AT&L,Lantana,TX,med,DUPLICATE_ROUNDED_SCORES_IN_TOP5,Two or more top-5 rows of DIFFERENT entities share the same score to 4 decimals; ordering looks arbitrary without exposed tie-breakers.
7927440,aBridgeview Sports Dome,Bridgeview,IL,med,DUPLICATE_ROUNDED_SCORES_IN_TOP5,Two or more top-5 rows of DIFFERENT entities share the same score to 4 decimals; ordering looks arbitrary without exposed tie-breakers.
7927441,VisitPittsburgh,Mount Laurel,NJ,info,,No automated issues flagged; still spot-check for domain edge cases.
7927442,"ASGA, Incorporated",Minneapolis,MN,info,,No automated issues flagged; still spot-check for domain edge cases.
7927443,Northern Elite Athletics,Hackettstown,NJ,info,DUPLICATE_ROUNDED_SCORES_IN_TOP5,"Top-5 score ties are all the same entity (multi-office); expected, not a ranking defect (info only)."
7927444,Intel Agents,Racine,WI,med,DUPLICATE_ROUNDED_SCORES_IN_TOP5,Two or more top-5 rows of DIFFERENT entities share the same score to 4 decimals; ordering looks arbitrary without exposed tie-breakers.
7927445,Human Resources Research Organizati,Alexandria,VA,info,,No automated issues flagged; still spot-check for domain edge cases.
7927446,Holland Cousins Trip Sept 2026,Columbus,GA,med,DUPLICATE_ROUNDED_SCORES_IN_TOP5,Two or more top-5 rows of DIFFERENT entities share the same score to 4 decimals; ordering looks arbitrary without exposed tie-breakers.
7927447,Blanchard & James,Nashville,TN,med,DUPLICATE_ROUNDED_SCORES_IN_TOP5,Two or more top-5 rows of DIFFERENT entities share the same score to 4 decimals; ordering looks arbitrary without exposed tie-breakers.
7927454,113780 HPN - Sales Conference 2026,Lemont,IL,info,,No automated issues flagged; still spot-check for domain edge cases.
7927455,Adobe Inc - United States,,,info,,No automated issues flagged; still spot-check for domain edge cases.
7927456,(4) US & Canadian Hospitality Group China/External meeting/Convention/Orlando,,,info,,No automated issues flagged; still spot-check for domain edge cases.
7927457,(4) Genesis Innovation Academy,,,info,DUPLICATE_ROUNDED_SCORES_IN_TOP5,"Top-5 score ties are all the same entity (multi-office); expected, not a ranking defect (info only)."
7927458,(4) Grp DD - GC 2026-0105 - ORLANDO - ABRIL 2026,,,info,,No automated issues flagged; still spot-check for domain edge cases.
7927459,Groups360,Ann Arbor,MI,info,DUPLICATE_ROUNDED_SCORES_IN_TOP5,"Top-5 score ties are all the same entity (multi-office); expected, not a ranking defect (info only)."
7927460,Groups360,Jupiter,FL,info,DUPLICATE_ROUNDED_SCORES_IN_TOP5,"Top-5 score ties are all the same entity (multi-office); expected, not a ranking defect (info only)."
7927461,Groups360,Jacksonville,FL,info,DUPLICATE_ROUNDED_SCORES_IN_TOP5,"Top-5 score ties are all the same entity (multi-office); expected, not a ranking defect (info only)."
7927462,Groups360,ORLANDO,FL,info,DUPLICATE_ROUNDED_SCORES_IN_TOP5,"Top-5 score ties are all the same entity (multi-office); expected, not a ranking defect (info only)."
7927463,Jack Morton OCCC,,,info,,No automated issues flagged; still spot-check for domain edge cases.
7927464,OpenAI,Laguna Niguel,CA,info,DUPLICATE_ROUNDED_SCORES_IN_TOP5,"Top-5 score ties are all the same entity (multi-office); expected, not a ranking defect (info only)."
7927465,Orion Integrated Systems,Jupiter,FL,info,DUPLICATE_ROUNDED_SCORES_IN_TOP5,"Top-5 score ties are all the same entity (multi-office); expected, not a ranking defect (info only)."
7927466,Neighborly - Window Genie,,,info,NO_QUERY_GEO_RANK1_HAS_LOCATION;DUPLICATE_ROUNDED_SCORES_IN_TOP5,"Query omits city/state and rank-1 carries an address, but no same-name bare row ties it — acceptable when rank-1 is the best/only-named match (info only). Top-5 score ties are all the same entity (multi-office); expected, not a ranking defect (info only)."
7927467,"Netflix, Inc.-United States",Manila,TX,med,DUPLICATE_ROUNDED_SCORES_IN_TOP5,Two or more top-5 rows of DIFFERENT entities share the same score to 4 decimals; ordering looks arbitrary without exposed tie-breakers.
7927468,SHRM,Jacksonville,FL,med,STRONG_SCORE_NON_EXACT_NAME;HYBRID_SEMANTIC_LED_AT_CEILING,Top-1 is a related but non-identical name (query_and_top1_names_related_non_equal) at 0.9651; rationale should justify suffix/token gaps. Hybrid (semantic-led) at a ceiling score with non-exact name overlap — defensibility risk for SMEs.
7927469,Society for Healthcare Volunteer Leaders,Weaverville,NC,med,DUPLICATE_ROUNDED_SCORES_IN_TOP5,Two or more top-5 rows of DIFFERENT entities share the same score to 4 decimals; ordering looks arbitrary without exposed tie-breakers.
7927470,SPE,Pittsburgh,PA,med,DUPLICATE_ROUNDED_SCORES_IN_TOP5,Two or more top-5 rows of DIFFERENT entities share the same score to 4 decimals; ordering looks arbitrary without exposed tie-breakers.
7927471,Tennessee and Mississippi Credit Union Association,Hilton Head Island,SC,info,DUPLICATE_ROUNDED_SCORES_IN_TOP5,"Top-5 score ties are all the same entity (multi-office); expected, not a ranking defect (info only)."
7927472,The Manufacturing Institute,Whitby,ON,info,,No automated issues flagged; still spot-check for domain edge cases.
7927473,Texas Watermelon Association,Cave Creek,AZ,med,DUPLICATE_ROUNDED_SCORES_IN_TOP5,Two or more top-5 rows of DIFFERENT entities share the same score to 4 decimals; ordering looks arbitrary without exposed tie-breakers.
7927474,TMS International,Pittsburgh,PA,info,,No automated issues flagged; still spot-check for domain edge cases.
7927475,True RX Health Strategists,Scottsdale,AZ,info,,No automated issues flagged; still spot-check for domain edge cases.
7927476,Truka LLC,Las Vegas,NV,info,,No automated issues flagged; still spot-check for domain edge cases.
7927477,The Network Firm,Newark,DE,med,DUPLICATE_ROUNDED_SCORES_IN_TOP5,Two or more top-5 rows of DIFFERENT entities share the same score to 4 decimals; ordering looks arbitrary without exposed tie-breakers.
7927478,The Network Firm,Alhambra,CA,info,,No automated issues flagged; still spot-check for domain edge cases.
7927479,Tesorio,Omaha,NE,info,DUPLICATE_ROUNDED_SCORES_IN_TOP5,"Top-5 score ties are all the same entity (multi-office); expected, not a ranking defect (info only)."
7927480,T Mobile Public Safety Team,Albuquerque,NM,med,DUPLICATE_ROUNDED_SCORES_IN_TOP5,Two or more top-5 rows of DIFFERENT entities share the same score to 4 decimals; ordering looks arbitrary without exposed tie-breakers.
7927481,"UCB, Inc.",Cedar Knolls,NJ,info,,No automated issues flagged; still spot-check for domain edge cases.
7927482,Vera Therapeutics,Northfield,IL,med,DUPLICATE_ROUNDED_SCORES_IN_TOP5,Two or more top-5 rows of DIFFERENT entities share the same score to 4 decimals; ordering looks arbitrary without exposed tie-breakers.
7927483,"Veraycte, Inc.",San Francisco,CA,info,,No automated issues flagged; still spot-check for domain edge cases.
7927484,VestGen Investment Management,Chicago,IL,info,,No automated issues flagged; still spot-check for domain edge cases.
7927485,Veterinary Innovative Partners,Franklin,TN,med,DUPLICATE_ROUNDED_SCORES_IN_TOP5,Two or more top-5 rows of DIFFERENT entities share the same score to 4 decimals; ordering looks arbitrary without exposed tie-breakers.
7927486,UNTD,Toronto,ON,info,,No automated issues flagged; still spot-check for domain edge cases.
7927487,VIO Med Spa,Jupiter,FL,med,DUPLICATE_ROUNDED_SCORES_IN_TOP5,Two or more top-5 rows of DIFFERENT entities share the same score to 4 decimals; ordering looks arbitrary without exposed tie-breakers.
7927488,SPR Pain Relief,Nagoya,Aichi,med,DUPLICATE_ROUNDED_SCORES_IN_TOP5,Two or more top-5 rows of DIFFERENT entities share the same score to 4 decimals; ordering looks arbitrary without exposed tie-breakers.
7927489,Spyre,Waltham,MA,med,DUPLICATE_ROUNDED_SCORES_IN_TOP5,Two or more top-5 rows of DIFFERENT entities share the same score to 4 decimals; ordering looks arbitrary without exposed tie-breakers.
7927490,SRI International,Palm Beach Gardens,FL,info,,No automated issues flagged; still spot-check for domain edge cases.
7927491,SSI Strategy,North Bellmore,NY,med,DUPLICATE_ROUNDED_SCORES_IN_TOP5,Two or more top-5 rows of DIFFERENT entities share the same score to 4 decimals; ordering looks arbitrary without exposed tie-breakers.
7927492,Smith slovik Residential Design Group,Charlotte,NC,info,,No automated issues flagged; still spot-check for domain edge cases.
7927493,Sobi,San Marino,CA,info,DUPLICATE_ROUNDED_SCORES_IN_TOP5,"Top-5 score ties are all the same entity (multi-office); expected, not a ranking defect (info only)."
7927494,Strategic Alliance,East Dundee,IL,info,,No automated issues flagged; still spot-check for domain edge cases.
7927495,Suja Life Juices,Burlington,VT,info,,No automated issues flagged; still spot-check for domain edge cases.
7927496,Summus,Mundelein,IL,info,DUPLICATE_ROUNDED_SCORES_IN_TOP5,"Top-5 score ties are all the same entity (multi-office); expected, not a ranking defect (info only)."
7927497,Sherwin- WIlliams,Brentwood,TN,med,DUPLICATE_ROUNDED_SCORES_IN_TOP5,Two or more top-5 rows of DIFFERENT entities share the same score to 4 decimals; ordering looks arbitrary without exposed tie-breakers.
7927498,Tailored Brands,Scottsdale,AZ,info,,No automated issues flagged; still spot-check for domain edge cases.
7927499,Tax Maverick,San Benito,TX,info,,No automated issues flagged; still spot-check for domain edge cases.
7927500,Taysha Gene Therapies,Austin,TX,med,DUPLICATE_ROUNDED_SCORES_IN_TOP5,Two or more top-5 rows of DIFFERENT entities share the same score to 4 decimals; ordering looks arbitrary without exposed tie-breakers.
7927501,TD Bank,New York,NY,info,,No automated issues flagged; still spot-check for domain edge cases.
7927502,Signature Healthcare,Bend,OR,info,,No automated issues flagged; still spot-check for domain edge cases.
7927503,SCA Health,Raleigh,NC,med,DUPLICATE_ROUNDED_SCORES_IN_TOP5,Two or more top-5 rows of DIFFERENT entities share the same score to 4 decimals; ordering looks arbitrary without exposed tie-breakers.
7927504,SD Foundation,Washington,DC,med,DUPLICATE_ROUNDED_SCORES_IN_TOP5,Two or more top-5 rows of DIFFERENT entities share the same score to 4 decimals; ordering looks arbitrary without exposed tie-breakers.
7927505,VitalConnect,San Jose,CA,info,,No automated issues flagged; still spot-check for domain edge cases.
7927506,Vizio,La Crescenta,CA,med,DUPLICATE_ROUNDED_SCORES_IN_TOP5,Two or more top-5 rows of DIFFERENT entities share the same score to 4 decimals; ordering looks arbitrary without exposed tie-breakers.
7927507,Volaris Group,,,info,,No automated issues flagged; still spot-check for domain edge cases.
7927508,Volvo Car USA LLC (SC Campus),Franklin Lakes,NJ,info,,No automated issues flagged; still spot-check for domain edge cases.
7927509,Walk on Water,ALEXANDRIA,VA,med,DUPLICATE_ROUNDED_SCORES_IN_TOP5,Two or more top-5 rows of DIFFERENT entities share the same score to 4 decimals; ordering looks arbitrary without exposed tie-breakers.
7927510,WatchGuard,San Francisco,CA,info,,No automated issues flagged; still spot-check for domain edge cases.
7927511,Wealth Access,Nashville,TN,med,DUPLICATE_ROUNDED_SCORES_IN_TOP5,Two or more top-5 rows of DIFFERENT entities share the same score to 4 decimals; ordering looks arbitrary without exposed tie-breakers.
7927512,Westin,Coeur d' Alene,ID,info,,No automated issues flagged; still spot-check for domain edge cases.
7927513,Whitecap Health Advisors,Decatur,GA,med,DUPLICATE_ROUNDED_SCORES_IN_TOP5,Two or more top-5 rows of DIFFERENT entities share the same score to 4 decimals; ordering looks arbitrary without exposed tie-breakers.
7927514,Wild Eagle,Broadview Heights,OH,info,,No automated issues flagged; still spot-check for domain edge cases.
7927515,Winpak,Vaudreuil-Dorion,QC,info,,No automated issues flagged; still spot-check for domain edge cases.
7927516,WSB Finance,cary,NC,info,,No automated issues flagged; still spot-check for domain edge cases.
7927517,Xsem,,,info,DUPLICATE_ROUNDED_SCORES_IN_TOP5,"Top-5 score ties are all the same entity (multi-office); expected, not a ranking defect (info only)."
7927518,Yaskawa,Trevor,WI,info,,No automated issues flagged; still spot-check for domain edge cases.
7927519,Your Event Solutions,Los Angeles,CA,med,STRONG_SCORE_NON_EXACT_NAME;HYBRID_SEMANTIC_LED_AT_CEILING,Top-1 is a related but non-identical name (query_and_top1_names_related_non_equal) at 0.9718; rationale should justify suffix/token gaps. Hybrid (semantic-led) at a ceiling score with non-exact name overlap — defensibility risk for SMEs.
7927520,Neuron7.ai,San Jose,CA,info,,No automated issues flagged; still spot-check for domain edge cases.
7927521,"Nationwide Property and Appraisal Services, LLC",Phoenix,AZ,info,,No automated issues flagged; still spot-check for domain edge cases.
7927522,Ncontracts,Nashville,TN,info,,No automated issues flagged; still spot-check for domain edge cases.
7927523,National Breathe Free Sinus & Allergy Centers,Farmingdale,NJ,info,DUPLICATE_ROUNDED_SCORES_IN_TOP5,"Top-5 score ties are all the same entity (multi-office); expected, not a ranking defect (info only)."
7927524,MISSION BBQ,Nashville,TN,med,DUPLICATE_ROUNDED_SCORES_IN_TOP5,Two or more top-5 rows of DIFFERENT entities share the same score to 4 decimals; ordering looks arbitrary without exposed tie-breakers.
7927525,Mount Calvary Holy Church of Americ,Charlotte,NC,info,,No automated issues flagged; still spot-check for domain edge cases.
7927526,Movora Vet,Chandler,AZ,med,DUPLICATE_ROUNDED_SCORES_IN_TOP5,Two or more top-5 rows of DIFFERENT entities share the same score to 4 decimals; ordering looks arbitrary without exposed tie-breakers.
7927527,Music City Events DMC,Nashville,TN,info,,No automated issues flagged; still spot-check for domain edge cases.
7927528,Nalu Medical,Atlanta,GA,info,,No automated issues flagged; still spot-check for domain edge cases.
7927529,Nielsen IQ,West Kingston,RI,info,,No automated issues flagged; still spot-check for domain edge cases.
7927530,ONDEX Automation,Western Springs,IL,med,DUPLICATE_ROUNDED_SCORES_IN_TOP5,Two or more top-5 rows of DIFFERENT entities share the same score to 4 decimals; ordering looks arbitrary without exposed tie-breakers.
7927531,One Triangle Resources,Tulsa,OK,info,,No automated issues flagged; still spot-check for domain edge cases.
7927532,Oro Dance,Boron,CA,med,STRONG_SCORE_NON_EXACT_NAME;DUPLICATE_ROUNDED_SCORES_IN_TOP5;HYBRID_SEMANTIC_LED_AT_CEILING,Top-1 is a related but non-identical name (query_and_top1_names_related_non_equal) at 0.9721; rationale should justify suffix/token gaps. Two or more top-5 rows of DIFFERENT entities share the same score to 4 decimals; ordering looks arbitrary without exposed tie-breakers. Hybrid (semantic-led) at a ceiling score with non-exact name overlap — defensibility risk for SMEs.
7927533,NorthStar Commercial Partners,Denver,CO,info,,No automated issues flagged; still spot-check for domain edge cases.
7927534,Pass Group,Brentwood,TN,med,DUPLICATE_ROUNDED_SCORES_IN_TOP5,Two or more top-5 rows of DIFFERENT entities share the same score to 4 decimals; ordering looks arbitrary without exposed tie-breakers.
7927535,PGH Gold,Pittsburgh,PA,med,DUPLICATE_ROUNDED_SCORES_IN_TOP5,Two or more top-5 rows of DIFFERENT entities share the same score to 4 decimals; ordering looks arbitrary without exposed tie-breakers.
7927536,PV Case,New Orleans,LA,med,DUPLICATE_ROUNDED_SCORES_IN_TOP5,Two or more top-5 rows of DIFFERENT entities share the same score to 4 decimals; ordering looks arbitrary without exposed tie-breakers.
7927537,"Quanta Manufacturing Nashville, LLC",La Vergne,TN,med,DUPLICATE_ROUNDED_SCORES_IN_TOP5,Two or more top-5 rows of DIFFERENT entities share the same score to 4 decimals; ordering looks arbitrary without exposed tie-breakers.
7927538,Razorleaf Corporation,Stow,OH,info,DUPLICATE_ROUNDED_SCORES_IN_TOP5,"Top-5 score ties are all the same entity (multi-office); expected, not a ranking defect (info only)."
7927539,Rep Data,New Orleans,LA,med,DUPLICATE_ROUNDED_SCORES_IN_TOP5,Two or more top-5 rows of DIFFERENT entities share the same score to 4 decimals; ordering looks arbitrary without exposed tie-breakers.
7927540,Republican's Attorney General's Association,Washington,DC,info,,No automated issues flagged; still spot-check for domain edge cases.
7927541,Retreat Group,New Orleans,LA,med,STRONG_SCORE_NON_EXACT_NAME;DUPLICATE_ROUNDED_SCORES_IN_TOP5;HYBRID_SEMANTIC_LED_AT_CEILING,Top-1 is a related but non-identical name (query_and_top1_names_related_non_equal) at 0.9654; rationale should justify suffix/token gaps. Two or more top-5 rows of DIFFERENT entities share the same score to 4 decimals; ordering looks arbitrary without exposed tie-breakers. Hybrid (semantic-led) at a ceiling score with non-exact name overlap — defensibility risk for SMEs.
7927546,"ICF INCORPORATED, LLC RESTON",Reston,VA,info,,No automated issues flagged; still spot-check for domain edge cases.
7927547,Image First,Clifton,NJ,info,,No automated issues flagged; still spot-check for domain edge cases.
7927548,Infinigate,London,,info,DUPLICATE_ROUNDED_SCORES_IN_TOP5,"Top-5 score ties are all the same entity (multi-office); expected, not a ranking defect (info only)."
7927549,INNIO,Houston,TX,info,,No automated issues flagged; still spot-check for domain edge cases.
7927550,InnovateEDU,Brooklyn,NY,info,,No automated issues flagged; still spot-check for domain edge cases.
7927551,"Integra Connect, LLC",Tampa,FL,info,,No automated issues flagged; still spot-check for domain edge cases.
7927552,Global Resilience Federation,Fairfax,VA,info,,No automated issues flagged; still spot-check for domain edge cases.
7927553,Hard Rock Hotel & Casino Bristol,Bristol,VA,med,DUPLICATE_ROUNDED_SCORES_IN_TOP5,Two or more top-5 rows of DIFFERENT entities share the same score to 4 decimals; ordering looks arbitrary without exposed tie-breakers.
7927556,Hindus for Human Rights,Brooklyn,NY,med,DUPLICATE_ROUNDED_SCORES_IN_TOP5,Two or more top-5 rows of DIFFERENT entities share the same score to 4 decimals; ordering looks arbitrary without exposed tie-breakers.
7927557,Home Services of America,Bloomington,MN,info,,No automated issues flagged; still spot-check for domain edge cases.
7927558,"International Motors, LLC",Schaumburg,IL,med,STRONG_SCORE_NON_EXACT_NAME;HYBRID_SEMANTIC_LED_AT_CEILING,Top-1 is a related but non-identical name (query_and_top1_names_related_non_equal) at 0.9654; rationale should justify suffix/token gaps. Hybrid (semantic-led) at a ceiling score with non-exact name overlap — defensibility risk for SMEs.
7927559,Invictus Group,San Jose,CA,med,DUPLICATE_ROUNDED_SCORES_IN_TOP5,Two or more top-5 rows of DIFFERENT entities share the same score to 4 decimals; ordering looks arbitrary without exposed tie-breakers.
7927560,Kymera Therapeutics,Austin,TX,med,DUPLICATE_ROUNDED_SCORES_IN_TOP5,Two or more top-5 rows of DIFFERENT entities share the same score to 4 decimals; ordering looks arbitrary without exposed tie-breakers.
7927561,L-Acoustics,Westlake Village,CA,med,DUPLICATE_ROUNDED_SCORES_IN_TOP5,Two or more top-5 rows of DIFFERENT entities share the same score to 4 decimals; ordering looks arbitrary without exposed tie-breakers.
7927562,Johnson & Johnson Innovative Med,Titusville,NJ,info,,No automated issues flagged; still spot-check for domain edge cases.
7927563,LivaNova HQ,Montgomery,TX,info,,No automated issues flagged; still spot-check for domain edge cases.
7927564,LRN,Summit,NJ,info,DUPLICATE_ROUNDED_SCORES_IN_TOP5,"Top-5 score ties are all the same entity (multi-office); expected, not a ranking defect (info only)."
7927565,MCA of Texas,Houston,TX,info,,No automated issues flagged; still spot-check for domain edge cases.
7927566,Medical Affairs Health Pei,Carpentersville,IL,med,DUPLICATE_ROUNDED_SCORES_IN_TOP5,Two or more top-5 rows of DIFFERENT entities share the same score to 4 decimals; ordering looks arbitrary without exposed tie-breakers.
7927567,Merit Medical Systems,Greenwood Village,CO,med,DUPLICATE_ROUNDED_SCORES_IN_TOP5,Two or more top-5 rows of DIFFERENT entities share the same score to 4 decimals; ordering looks arbitrary without exposed tie-breakers.
7927568,Meriton,Irving,TX,med,DUPLICATE_ROUNDED_SCORES_IN_TOP5,Two or more top-5 rows of DIFFERENT entities share the same score to 4 decimals; ordering looks arbitrary without exposed tie-breakers.
7927569,"MH Live Events, LLC",Blackduck,MN,med,DUPLICATE_ROUNDED_SCORES_IN_TOP5,Two or more top-5 rows of DIFFERENT entities share the same score to 4 decimals; ordering looks arbitrary without exposed tie-breakers.
7927570,Michelin (China) Investment Company Limited,Irvine,CA,med,DUPLICATE_ROUNDED_SCORES_IN_TOP5,Two or more top-5 rows of DIFFERENT entities share the same score to 4 decimals; ordering looks arbitrary without exposed tie-breakers.
7927571,Goldman Dental Management,Tampa,FL,info,,No automated issues flagged; still spot-check for domain edge cases.
7927572,GEA Farm Tech,Romeoville,IL,med,DUPLICATE_ROUNDED_SCORES_IN_TOP5,Two or more top-5 rows of DIFFERENT entities share the same score to 4 decimals; ordering looks arbitrary without exposed tie-breakers.
7927573,Getinge,Knoxville,TN,info,DUPLICATE_ROUNDED_SCORES_IN_TOP5,"Top-5 score ties are all the same entity (multi-office); expected, not a ranking defect (info only)."
7927574,Gitlab,Kitchener,ON,info,,No automated issues flagged; still spot-check for domain edge cases.
7927575,Evolent Health Headquarters,San Diego,CA,info,,No automated issues flagged; still spot-check for domain edge cases.
7927576,Evolutio,Chicago,IL,info,,No automated issues flagged; still spot-check for domain edge cases.
7927577,F5,Elkhorn,NE,info,,No automated issues flagged; still spot-check for domain edge cases.
7927578,Fastest Labs,Overland Park,KS,med,DUPLICATE_ROUNDED_SCORES_IN_TOP5,Two or more top-5 rows of DIFFERENT entities share the same score to 4 decimals; ordering looks arbitrary without exposed tie-breakers.
7927579,First Tee Phoenix,Roanoke,TX,med,DUPLICATE_ROUNDED_SCORES_IN_TOP5,Two or more top-5 rows of DIFFERENT entities share the same score to 4 decimals; ordering looks arbitrary without exposed tie-breakers.
7927580,Fleetworthy,Jonesboro,TN,med,DUPLICATE_ROUNDED_SCORES_IN_TOP5,Two or more top-5 rows of DIFFERENT entities share the same score to 4 decimals; ordering looks arbitrary without exposed tie-breakers.
7927581,Foley,Hartford,CT,med,STRONG_SCORE_NON_EXACT_NAME;DUPLICATE_ROUNDED_SCORES_IN_TOP5;HYBRID_SEMANTIC_LED_AT_CEILING,Top-1 is a related but non-identical name (query_and_top1_names_related_non_equal) at 0.9661; rationale should justify suffix/token gaps. Two or more top-5 rows of DIFFERENT entities share the same score to 4 decimals; ordering looks arbitrary without exposed tie-breakers. Hybrid (semantic-led) at a ceiling score with non-exact name overlap — defensibility risk for SMEs.
7927582,FoxFarm Soil and Fertilizer Company,Samoa,CA,med,DUPLICATE_ROUNDED_SCORES_IN_TOP5,Two or more top-5 rows of DIFFERENT entities share the same score to 4 decimals; ordering looks arbitrary without exposed tie-breakers.
7927583,Epiq Global,Overland Park,KS,info,,No automated issues flagged; still spot-check for domain edge cases.
7927584,Everon,Jacksonville,FL,info,,No automated issues flagged; still spot-check for domain edge cases.
7927585,Como Alumni Community Inc,Fort Worth,TX,med,DUPLICATE_ROUNDED_SCORES_IN_TOP5,Two or more top-5 rows of DIFFERENT entities share the same score to 4 decimals; ordering looks arbitrary without exposed tie-breakers.
7927586,CI Investments,Whitby,ON,info,,No automated issues flagged; still spot-check for domain edge cases.
7927587,Cohere Health,Boston,MA,info,,No automated issues flagged; still spot-check for domain edge cases.
7927588,Crown Imports LLC dba Constellation Brands Beer Division,Bradenton,FL,info,DUPLICATE_ROUNDED_SCORES_IN_TOP5,"Top-5 score ties are all the same entity (multi-office); expected, not a ranking defect (info only)."
7927589,Consortium Affiliate - PepsiCo,Elgin,IL,med,DUPLICATE_ROUNDED_SCORES_IN_TOP5,Two or more top-5 rows of DIFFERENT entities share the same score to 4 decimals; ordering looks arbitrary without exposed tie-breakers.
7927590,Contemporary Concepts,Loveland,OH,med,DUPLICATE_ROUNDED_SCORES_IN_TOP5,Two or more top-5 rows of DIFFERENT entities share the same score to 4 decimals; ordering looks arbitrary without exposed tie-breakers.
7927591,Censis Technologies HQ,Weaverville,NC,med,DUPLICATE_ROUNDED_SCORES_IN_TOP5,Two or more top-5 rows of DIFFERENT entities share the same score to 4 decimals; ordering looks arbitrary without exposed tie-breakers.
7927592,Certinia,Austin,TX,info,,No automated issues flagged; still spot-check for domain edge cases.
7927593,CFGI,Hendersonville,TN,info,,No automated issues flagged; still spot-check for domain edge cases.
7927594,Chazin & Company,Germantown,MD,info,,No automated issues flagged; still spot-check for domain edge cases.
7927595,Bohler,Mount Juliet,TN,info,,No automated issues flagged; still spot-check for domain edge cases.
7927596,Brightspring Health Services,Atlanta,GA,info,,No automated issues flagged; still spot-check for domain edge cases.
7927597,BlackBox,"Mexico City, DF",Estado de Mexico,info,DUPLICATE_ROUNDED_SCORES_IN_TOP5,"Top-5 score ties are all the same entity (multi-office); expected, not a ranking defect (info only)."
7927598,ASHRAE Nashville Chapter,Nashville,TN,info,,No automated issues flagged; still spot-check for domain edge cases.
7927599,BAMA/Toyota Motor North America,Saline,MI,med,DUPLICATE_ROUNDED_SCORES_IN_TOP5,Two or more top-5 rows of DIFFERENT entities share the same score to 4 decimals; ordering looks arbitrary without exposed tie-breakers.
7927600,"BD (Becton, Dickinson and Company)",Poway,CA,med,DUPLICATE_ROUNDED_SCORES_IN_TOP5,Two or more top-5 rows of DIFFERENT entities share the same score to 4 decimals; ordering looks arbitrary without exposed tie-breakers.
7927601,Ascensia,West Des Moines,IA,info,DUPLICATE_ROUNDED_SCORES_IN_TOP5,"Top-5 score ties are all the same entity (multi-office); expected, not a ranking defect (info only)."
7927602,"ASCII Group, Incorporated",Parsippany,NJ,info,DUPLICATE_ROUNDED_SCORES_IN_TOP5,"Top-5 score ties are all the same entity (multi-office); expected, not a ranking defect (info only)."
7927603,Amrize,Minneapolis,MN,info,,No automated issues flagged; still spot-check for domain edge cases.
7927604,"Another Broken Egg of America Franchising, LLC",Morrisville,NC,med,DUPLICATE_ROUNDED_SCORES_IN_TOP5,Two or more top-5 rows of DIFFERENT entities share the same score to 4 decimals; ordering looks arbitrary without exposed tie-breakers.
7927605,Apex Midwest,Hazelwood,MO,info,,No automated issues flagged; still spot-check for domain edge cases.
7927606,ARC Cardinal,Totowa,NJ,info,DUPLICATE_ROUNDED_SCORES_IN_TOP5,"Top-5 score ties are all the same entity (multi-office); expected, not a ranking defect (info only)."
7927607,Arizent,Golden,CO,info,DUPLICATE_ROUNDED_SCORES_IN_TOP5,"Top-5 score ties are all the same entity (multi-office); expected, not a ranking defect (info only)."
7927608,AlexRenew,Alexandria,VA,info,,No automated issues flagged; still spot-check for domain edge cases.
7927609,Allied Universal Security Services,Washington,DC,info,,No automated issues flagged; still spot-check for domain edge cases.
7927610,Allstates WorldCargo,Orlando,FL,info,,No automated issues flagged; still spot-check for domain edge cases.
7927611,Ambleside Schools International,Fredericksburg,TX,med,DUPLICATE_ROUNDED_SCORES_IN_TOP5,Two or more top-5 rows of DIFFERENT entities share the same score to 4 decimals; ordering looks arbitrary without exposed tie-breakers.
7927612,AMDA,Chicago,IL,info,,No automated issues flagged; still spot-check for domain edge cases.
7927613,America's Auto Auction,Carmel,IN,info,,No automated issues flagged; still spot-check for domain edge cases.
7927614,American Cast Iron and Pipe Company,Auburn,AL,med,DUPLICATE_ROUNDED_SCORES_IN_TOP5,Two or more top-5 rows of DIFFERENT entities share the same score to 4 decimals; ordering looks arbitrary without exposed tie-breakers.
7927615,Abatement Technologies,Fort Erie,ON,info,,No automated issues flagged; still spot-check for domain edge cases.
7927616,Abbott Laboratories MAIN,Caledonia,WI,med,DUPLICATE_ROUNDED_SCORES_IN_TOP5,Two or more top-5 rows of DIFFERENT entities share the same score to 4 decimals; ordering looks arbitrary without exposed tie-breakers.
7927617,ACCIS,San Diego,CA,info,DUPLICATE_ROUNDED_SCORES_IN_TOP5,"Top-5 score ties are all the same entity (multi-office); expected, not a ranking defect (info only)."
7927618,ACDR,El Cajon,CA,info,DUPLICATE_ROUNDED_SCORES_IN_TOP5,"Top-5 score ties are all the same entity (multi-office); expected, not a ranking defect (info only)."
7927619,AgileBits Inc. dba 1Password HQ,Toronto,ON,info,,No automated issues flagged; still spot-check for domain edge cases.
7927620,Aimbridge,Plano,TX,info,,No automated issues flagged; still spot-check for domain edge cases.
7927621,Alexandria Police Deparment,Alexandria,VA,info,,No automated issues flagged; still spot-check for domain edge cases.
7927623,IAG Travel Management LLC,,,info,NO_QUERY_GEO_RANK1_HAS_LOCATION;DUPLICATE_ROUNDED_SCORES_IN_TOP5,"Query omits city/state and rank-1 carries an address, but no same-name bare row ties it — acceptable when rank-1 is the best/only-named match (info only). Top-5 score ties are all the same entity (multi-office); expected, not a ranking defect (info only)."
7927624,Groups360,hudson,OH,info,DUPLICATE_ROUNDED_SCORES_IN_TOP5,"Top-5 score ties are all the same entity (multi-office); expected, not a ranking defect (info only)."
7927628,Petrone Associates,Cooper city,FL,info,,No automated issues flagged; still spot-check for domain edge cases.
7927629,Freshworks Inc.,OAKLEY,CA,med,DUPLICATE_ROUNDED_SCORES_IN_TOP5,Two or more top-5 rows of DIFFERENT entities share the same score to 4 decimals; ordering looks arbitrary without exposed tie-breakers.
7927630,ForeUp/Clubessential,Cincinnati,OH,info,DUPLICATE_ROUNDED_SCORES_IN_TOP5,"Top-5 score ties are all the same entity (multi-office); expected, not a ranking defect (info only)."
7927631,Timelycare,Fort Worth,Tx,info,,No automated issues flagged; still spot-check for domain edge cases.
7927632,"Midland Resource Recovery, Inc.",Philippi,WV,info,,No automated issues flagged; still spot-check for domain edge cases.
7927633,Evil Empire Speech Memorial Foundation,Washington,DC,info,,No automated issues flagged; still spot-check for domain edge cases.
7927634,The Wellness Club,Chadwick,Mo,info,,No automated issues flagged; still spot-check for domain edge cases.
7927635,California Association of Legal Document Assistants,Los Angeles,CA,info,,No automated issues flagged; still spot-check for domain edge cases.
7927636,Upstak,Seattle,WA,med,DUPLICATE_ROUNDED_SCORES_IN_TOP5,Two or more top-5 rows of DIFFERENT entities share the same score to 4 decimals; ordering looks arbitrary without exposed tie-breakers.
7927637,Psi Quantum,Los Angeles,CA,info,,No automated issues flagged; still spot-check for domain edge cases.
7927638,Center for Multicultural Wellness and Prevention (CMWP),Winter Park,FL,med,DUPLICATE_ROUNDED_SCORES_IN_TOP5,Two or more top-5 rows of DIFFERENT entities share the same score to 4 decimals; ordering looks arbitrary without exposed tie-breakers.
7927643,East Valley Pentacostal Church,Los Angeles,CA,info,,No automated issues flagged; still spot-check for domain edge cases.
7927646,"Eugenus, Inc.",Los Angeles,CA,med,DUPLICATE_ROUNDED_SCORES_IN_TOP5,Two or more top-5 rows of DIFFERENT entities share the same score to 4 decimals; ordering looks arbitrary without exposed tie-breakers.
7927647,St. Andrews Links,,,med,NO_QUERY_GEO_RANK1_HAS_LOCATION;DUPLICATE_ROUNDED_SCORES_IN_TOP5,"Query omits city/state and rank-1 carries an address, but no same-name bare row ties it — acceptable when rank-1 is the best/only-named match (info only). Two or more top-5 rows of DIFFERENT entities share the same score to 4 decimals; ordering looks arbitrary without exposed tie-breakers."
7927648,Major League Soccer HQ,San Clemente,CA,info,DUPLICATE_ROUNDED_SCORES_IN_TOP5,"Top-5 score ties are all the same entity (multi-office); expected, not a ranking defect (info only)."
7927649,Major League Soccer HQ,New York,NY,info,,No automated issues flagged; still spot-check for domain edge cases.
7927650,Fairlawn High School comp cheer team,Fairlawn,NJ,info,,No automated issues flagged; still spot-check for domain edge cases.
7927652,TAG Global Travel,Jaipur,Rajasthan,info,DUPLICATE_ROUNDED_SCORES_IN_TOP5,"Top-5 score ties are all the same entity (multi-office); expected, not a ranking defect (info only)."
7927653,DidaTravel International Limited.,,,info,NO_QUERY_GEO_RANK1_HAS_LOCATION,"Query omits city/state and rank-1 carries an address, but no same-name bare row ties it — acceptable when rank-1 is the best/only-named match (info only)."
7927654,Skynyd United Touring,Jackson,WY,info,,No automated issues flagged; still spot-check for domain edge cases.
7927655,Metro Tour USA,,,med,NO_QUERY_GEO_RANK1_HAS_LOCATION;DUPLICATE_ROUNDED_SCORES_IN_TOP5,"Query omits city/state and rank-1 carries an address, but no same-name bare row ties it — acceptable when rank-1 is the best/only-named match (info only). Two or more top-5 rows of DIFFERENT entities share the same score to 4 decimals; ordering looks arbitrary without exposed tie-breakers."
7927656,TicketSpice,Sacramento,CA,info,,No automated issues flagged; still spot-check for domain edge cases.
7927657,Life Moves,Los Angeles,CA,info,,No automated issues flagged; still spot-check for domain edge cases.
7927658,Peak Technology Enterprises Inc.,San Jose,CA,info,,No automated issues flagged; still spot-check for domain edge cases.
7927659,Global Anti Scam Alliance,,,info,DUPLICATE_ROUNDED_SCORES_IN_TOP5,"Top-5 score ties are all the same entity (multi-office); expected, not a ranking defect (info only)."
7927660,FLLPT U.S. Department of Agriculture,Washington,DC,info,,No automated issues flagged; still spot-check for domain edge cases.
7927661,Florida Cocoa Church of God Youth Convention,Orlando,FL,info,,No automated issues flagged; still spot-check for domain edge cases.
7927662,Great Commission Association of Southern Baptist Churches,,,info,NO_QUERY_GEO_RANK1_HAS_LOCATION;DUPLICATE_ROUNDED_SCORES_IN_TOP5,"Query omits city/state and rank-1 carries an address, but no same-name bare row ties it — acceptable when rank-1 is the best/only-named match (info only). Top-5 score ties are all the same entity (multi-office); expected, not a ranking defect (info only)."
7927663,New Breath Foundation,Los Angeles,CA,info,,No automated issues flagged; still spot-check for domain edge cases.
7927664,DAA,Orlando,FL,info,,No automated issues flagged; still spot-check for domain edge cases.
7927665,"TheSociety, Incorporated",Alexandria,VA,info,,No automated issues flagged; still spot-check for domain edge cases.
7927666,National Postal Mail Handlers Union AFL-CIO,Washington,DC,info,,No automated issues flagged; still spot-check for domain edge cases.
7927667,Plasterers & Cement Masons State Union,,,info,NO_QUERY_GEO_RANK1_HAS_LOCATION,"Query omits city/state and rank-1 carries an address, but no same-name bare row ties it — acceptable when rank-1 is the best/only-named match (info only)."
7927668,10U Ashburn Shooting Stars,Buffalo,NY,info,,No automated issues flagged; still spot-check for domain edge cases.
7927669,52817-HelmsBriscoe,Henley,MO,info,,No automated issues flagged; still spot-check for domain edge cases.
7927670,52817-HelmsBriscoe,Littleton,CO,info,,No automated issues flagged; still spot-check for domain edge cases.
7927671,52817-HelmsBriscoe,Mechanicsburg,PA,info,DUPLICATE_ROUNDED_SCORES_IN_TOP5,"Top-5 score ties are all the same entity (multi-office); expected, not a ranking defect (info only)."
7927672,52817-HelmsBriscoe,Middleburg Heights,OH,info,,No automated issues flagged; still spot-check for domain edge cases.
7927673,52817-HelmsBriscoe,Nashville,TN,med,DUPLICATE_ROUNDED_SCORES_IN_TOP5,Two or more top-5 rows of DIFFERENT entities share the same score to 4 decimals; ordering looks arbitrary without exposed tie-breakers.
7927674,52817-HelmsBriscoe,Stratford,CT,med,DUPLICATE_ROUNDED_SCORES_IN_TOP5,Two or more top-5 rows of DIFFERENT entities share the same score to 4 decimals; ordering looks arbitrary without exposed tie-breakers.
7927675,Ashlee Nelson Curated Events,,,info,NO_QUERY_GEO_RANK1_HAS_LOCATION;DUPLICATE_ROUNDED_SCORES_IN_TOP5,"Query omits city/state and rank-1 carries an address, but no same-name bare row ties it — acceptable when rank-1 is the best/only-named match (info only). Top-5 score ties are all the same entity (multi-office); expected, not a ranking defect (info only)."
7927676,CTM Meetings & Events North America - Do NOT Use,,,info,,No automated issues flagged; still spot-check for domain edge cases.
7927677,Cultural Vacations,,,med,NO_QUERY_GEO_RANK1_HAS_LOCATION;DUPLICATE_ROUNDED_SCORES_IN_TOP5,"Query omits city/state and rank-1 carries an address, but no same-name bare row ties it — acceptable when rank-1 is the best/only-named match (info only). Two or more top-5 rows of DIFFERENT entities share the same score to 4 decimals; ordering looks arbitrary without exposed tie-breakers."
7927678,Entertainment Travel Associates (Eta Travel),,,info,NO_QUERY_GEO_RANK1_HAS_LOCATION;DUPLICATE_ROUNDED_SCORES_IN_TOP5,"Query omits city/state and rank-1 carries an address, but no same-name bare row ties it — acceptable when rank-1 is the best/only-named match (info only). Top-5 score ties are all the same entity (multi-office); expected, not a ranking defect (info only)."
7927679,GrupBlox,,,info,,No automated issues flagged; still spot-check for domain edge cases.
7927680,hanike,,,info,DUPLICATE_ROUNDED_SCORES_IN_TOP5,"Top-5 score ties are all the same entity (multi-office); expected, not a ranking defect (info only)."
7927682,MTB Events Limited,,,med,NO_QUERY_GEO_RANK1_HAS_LOCATION;DUPLICATE_ROUNDED_SCORES_IN_TOP5,"Query omits city/state and rank-1 carries an address, but no same-name bare row ties it — acceptable when rank-1 is the best/only-named match (info only). Two or more top-5 rows of DIFFERENT entities share the same score to 4 decimals; ordering looks arbitrary without exposed tie-breakers."
7927683,QVC,WOC,MD,info,DUPLICATE_ROUNDED_SCORES_IN_TOP5,"Top-5 score ties are all the same entity (multi-office); expected, not a ranking defect (info only)."
7927684,The Transport Project,,,info,DUPLICATE_ROUNDED_SCORES_IN_TOP5,"Top-5 score ties are all the same entity (multi-office); expected, not a ranking defect (info only)."
7927685,Tom & Jerry Inc.,Washington,DC,info,,No automated issues flagged; still spot-check for domain edge cases.
7927686,Travel & Transport Corporate Travel Management,,,info,,No automated issues flagged; still spot-check for domain edge cases.
7927687,Villa Tours S.A. de C.V.,,,info,NO_QUERY_GEO_RANK1_HAS_LOCATION;DUPLICATE_ROUNDED_SCORES_IN_TOP5,"Query omits city/state and rank-1 carries an address, but no same-name bare row ties it — acceptable when rank-1 is the best/only-named match (info only). Top-5 score ties are all the same entity (multi-office); expected, not a ranking defect (info only)."
7927688,2026 San Diego VIP Fishing Experience NTNTVK6R88D,,,info,,No automated issues flagged; still spot-check for domain edge cases.
7927689,59897 Hospital Government Sales Summit FMNDQWVTRC8,,,info,NO_QUERY_GEO_RANK1_HAS_LOCATION;DUPLICATE_ROUNDED_SCORES_IN_TOP5,"Query omits city/state and rank-1 carries an address, but no same-name bare row ties it — acceptable when rank-1 is the best/only-named match (info only). Top-5 score ties are all the same entity (multi-office); expected, not a ranking defect (info only)."
7927690,6 PM Sports,"Mexico City, DF",Estado de Mexico,info,,No automated issues flagged; still spot-check for domain edge cases.
7927691,Allergan Aesthetics,Hainesport,NJ,med,DUPLICATE_ROUNDED_SCORES_IN_TOP5,Two or more top-5 rows of DIFFERENT entities share the same score to 4 decimals; ordering looks arbitrary without exposed tie-breakers.
7927692,Ambit Consulting,Tempe,AZ,med,DUPLICATE_ROUNDED_SCORES_IN_TOP5,Two or more top-5 rows of DIFFERENT entities share the same score to 4 decimals; ordering looks arbitrary without exposed tie-breakers.
7927693,Bridge House Advisors,Chicago,IL,info,,No automated issues flagged; still spot-check for domain edge cases.
7927694,CannGen Insurance Services,Roseville,CA,med,DUPLICATE_ROUNDED_SCORES_IN_TOP5,Two or more top-5 rows of DIFFERENT entities share the same score to 4 decimals; ordering looks arbitrary without exposed tie-breakers.
7927695,Colortokens,Gurgaon,Haryana,med,DUPLICATE_ROUNDED_SCORES_IN_TOP5,Two or more top-5 rows of DIFFERENT entities share the same score to 4 decimals; ordering looks arbitrary without exposed tie-breakers.
7927696,DistroKid,Portland,OR,info,DUPLICATE_ROUNDED_SCORES_IN_TOP5,"Top-5 score ties are all the same entity (multi-office); expected, not a ranking defect (info only)."
7927697,Doordash,Tempe,AZ,med,DUPLICATE_ROUNDED_SCORES_IN_TOP5,Two or more top-5 rows of DIFFERENT entities share the same score to 4 decimals; ordering looks arbitrary without exposed tie-breakers.
7927698,Elementl Power,Pittsburgh,PA,med,DUPLICATE_ROUNDED_SCORES_IN_TOP5,Two or more top-5 rows of DIFFERENT entities share the same score to 4 decimals; ordering looks arbitrary without exposed tie-breakers.
7927699,"First Church, San Diego California, Saturday Night Service MCNYTYTMM5K",,,info,NO_QUERY_GEO_RANK1_HAS_LOCATION,"Query omits city/state and rank-1 carries an address, but no same-name bare row ties it — acceptable when rank-1 is the best/only-named match (info only)."
7927700,FIT4MOM,Los Angeles,CA,info,,No automated issues flagged; still spot-check for domain edge cases.
7927701,GFI,San Diego,CA,med,DUPLICATE_ROUNDED_SCORES_IN_TOP5,Two or more top-5 rows of DIFFERENT entities share the same score to 4 decimals; ordering looks arbitrary without exposed tie-breakers.
7927702,Givebutter,Denver,CO,info,,No automated issues flagged; still spot-check for domain edge cases.
7927703,GTIA,Nagoya,Aichi,med,DUPLICATE_ROUNDED_SCORES_IN_TOP5,Two or more top-5 rows of DIFFERENT entities share the same score to 4 decimals; ordering looks arbitrary without exposed tie-breakers.
7927704,HealthSherpa,Oneida,WI,info,DUPLICATE_ROUNDED_SCORES_IN_TOP5,"Top-5 score ties are all the same entity (multi-office); expected, not a ranking defect (info only)."
7927705,JPMC CWM Field Leadership Offsite ZWNJHH7687K,,,info,,No automated issues flagged; still spot-check for domain edge cases.
7927706,Kee Safety,Dubai,,info,DUPLICATE_ROUNDED_SCORES_IN_TOP5,"Top-5 score ties are all the same entity (multi-office); expected, not a ranking defect (info only)."
7927707,Lenovo US Headquarters,Research Triangle Park,NC,info,,No automated issues flagged; still spot-check for domain edge cases.
7927708,Lexia 2026 Southwest Summit (Feb 2026) San Diego XVNSYHDH3J7,,,info,,No automated issues flagged; still spot-check for domain edge cases.
7927709,Ostfriesische Teegesellschaft GmbH & Company KG,Seevetal,,info,,No automated issues flagged; still spot-check for domain edge cases.
7927710,Shark Ninja APAC Holding Pte Ltd,Needham Heights,MA,info,DUPLICATE_ROUNDED_SCORES_IN_TOP5,"Top-5 score ties are all the same entity (multi-office); expected, not a ranking defect (info only)."
7927711,Sleepres,Los Angeles,CA,med,DUPLICATE_ROUNDED_SCORES_IN_TOP5,Two or more top-5 rows of DIFFERENT entities share the same score to 4 decimals; ordering looks arbitrary without exposed tie-breakers.
7927713,Tracksuit Productions,Sewell,NJ,info,,No automated issues flagged; still spot-check for domain edge cases.
7927714,United Airlines Incorporated Singapore Branch,Singapore,,info,,No automated issues flagged; still spot-check for domain edge cases.
7927715,"Vet Vacation CE, Incorporated",Troy,MI,info,,No automated issues flagged; still spot-check for domain edge cases.
7927716,2027 CPS Symposium,SALINAS,CA,info,,No automated issues flagged; still spot-check for domain edge cases.
7927717,3608 Pfizer Pharma GmbH,New York,NY,info,,No automated issues flagged; still spot-check for domain edge cases.
7927718,3XC Events,Plano,TX,info,DUPLICATE_ROUNDED_SCORES_IN_TOP5,"Top-5 score ties are all the same entity (multi-office); expected, not a ranking defect (info only)."
7927719,ALSAC - St. Jude,,,info,NO_QUERY_GEO_RANK1_HAS_LOCATION;DUPLICATE_ROUNDED_SCORES_IN_TOP5,"Query omits city/state and rank-1 carries an address, but no same-name bare row ties it — acceptable when rank-1 is the best/only-named match (info only). Top-5 score ties are all the same entity (multi-office); expected, not a ranking defect (info only)."
7927720,American College of Physicians TX Chapter,,,info,NO_QUERY_GEO_RANK1_HAS_LOCATION,"Query omits city/state and rank-1 carries an address, but no same-name bare row ties it — acceptable when rank-1 is the best/only-named match (info only)."
7927722,BeyondTrust Corporation via Etherio Group,,,info,NO_QUERY_GEO_RANK1_HAS_LOCATION;DUPLICATE_ROUNDED_SCORES_IN_TOP5,"Query omits city/state and rank-1 carries an address, but no same-name bare row ties it — acceptable when rank-1 is the best/only-named match (info only). Top-5 score ties are all the same entity (multi-office); expected, not a ranking defect (info only)."
7927723,Blachy SRL,santo domingo,,info,,No automated issues flagged; still spot-check for domain edge cases.
7927724,Byrider Franchising LLC,,,info,NO_QUERY_GEO_RANK1_HAS_LOCATION;DUPLICATE_ROUNDED_SCORES_IN_TOP5,"Query omits city/state and rank-1 carries an address, but no same-name bare row ties it — acceptable when rank-1 is the best/only-named match (info only). Top-5 score ties are all the same entity (multi-office); expected, not a ranking defect (info only)."
7927725,Carbon Direct,Seattle,WA,info,,No automated issues flagged; still spot-check for domain edge cases.
7927726,Carletta Jordan Dream Vacations,,,info,NO_QUERY_GEO_RANK1_HAS_LOCATION;DUPLICATE_ROUNDED_SCORES_IN_TOP5,"Query omits city/state and rank-1 carries an address, but no same-name bare row ties it — acceptable when rank-1 is the best/only-named match (info only). Top-5 score ties are all the same entity (multi-office); expected, not a ranking defect (info only)."
7927727,Circle Internet Financial,Makati City,,info,DUPLICATE_ROUNDED_SCORES_IN_TOP5,"Top-5 score ties are all the same entity (multi-office); expected, not a ranking defect (info only)."
7927728,Claroty Inc.,,,info,NO_QUERY_GEO_RANK1_HAS_LOCATION;DUPLICATE_ROUNDED_SCORES_IN_TOP5,"Query omits city/state and rank-1 carries an address, but no same-name bare row ties it — acceptable when rank-1 is the best/only-named match (info only). Top-5 score ties are all the same entity (multi-office); expected, not a ranking defect (info only)."
7927729,CMS Pictures Inc.,Culver City,CA,info,DUPLICATE_ROUNDED_SCORES_IN_TOP5,"Top-5 score ties are all the same entity (multi-office); expected, not a ranking defect (info only)."
7927730,Colombi Viagens e Turismo Ltda,Sao Paulo,SP,info,,No automated issues flagged; still spot-check for domain edge cases.
7927731,Countdown City Classic,San Antonio,TX,info,,No automated issues flagged; still spot-check for domain edge cases.
7927732,CP Group,Miami,FL,med,STRONG_SCORE_NON_EXACT_NAME;HYBRID_SEMANTIC_LED_AT_CEILING,Top-1 is a related but non-identical name (query_and_top1_names_related_non_equal) at 0.9716; rationale should justify suffix/token gaps. Hybrid (semantic-led) at a ceiling score with non-exact name overlap — defensibility risk for SMEs.
7927733,Departure Lounge Exchange - Oct 2027,,,info,,No automated issues flagged; still spot-check for domain edge cases.
7927734,Desert Sands Travel Group Trip,,,info,NO_QUERY_GEO_RANK1_HAS_LOCATION,"Query omits city/state and rank-1 carries an address, but no same-name bare row ties it — acceptable when rank-1 is the best/only-named match (info only)."
7927735,DHL Group,Westerville,OH,med,STRONG_SCORE_NON_EXACT_NAME;HYBRID_SEMANTIC_LED_AT_CEILING,Top-1 is a related but non-identical name (query_and_top1_names_related_non_equal) at 0.9722; rationale should justify suffix/token gaps. Hybrid (semantic-led) at a ceiling score with non-exact name overlap — defensibility risk for SMEs.
7927736,Documenting Hope,,,info,NO_QUERY_GEO_RANK1_HAS_LOCATION,"Query omits city/state and rank-1 carries an address, but no same-name bare row ties it — acceptable when rank-1 is the best/only-named match (info only)."
7927737,Dreggors David,,,info,,No automated issues flagged; still spot-check for domain edge cases.
7927738,Fastbreak.ai,Makati,,info,,No automated issues flagged; still spot-check for domain edge cases.
7927739,FC Concierge,Washington,DC,info,,No automated issues flagged; still spot-check for domain edge cases.
7927740,Fidlann LLC,HERNDON,VA,info,,No automated issues flagged; still spot-check for domain edge cases.
7927741,First Metro First Friends,,,info,DUPLICATE_ROUNDED_SCORES_IN_TOP5,"Top-5 score ties are all the same entity (multi-office); expected, not a ranking defect (info only)."
7927742,Fora Travel -  Group Block - October 2026 - San Antonio Riverwalk,,,info,NO_QUERY_GEO_RANK1_HAS_LOCATION;DUPLICATE_ROUNDED_SCORES_IN_TOP5,"Query omits city/state and rank-1 carries an address, but no same-name bare row ties it — acceptable when rank-1 is the best/only-named match (info only). Top-5 score ties are all the same entity (multi-office); expected, not a ranking defect (info only)."
7927743,Fusion 360 degree,Grand Rapids,MI,info,,No automated issues flagged; still spot-check for domain edge cases.
7927744,General Counsel AI,Phoenix,AZ,info,,No automated issues flagged; still spot-check for domain edge cases.
7927745,General Counsel AI,San Francisco,CA,info,,No automated issues flagged; still spot-check for domain edge cases.
7927746,Groups360,golden beach,FL,info,,No automated issues flagged; still spot-check for domain edge cases.
7927747,Groups360,Logan,UT,info,DUPLICATE_ROUNDED_SCORES_IN_TOP5,"Top-5 score ties are all the same entity (multi-office); expected, not a ranking defect (info only)."
7927748,Groups360,Seattle,WA,info,DUPLICATE_ROUNDED_SCORES_IN_TOP5,"Top-5 score ties are all the same entity (multi-office); expected, not a ranking defect (info only)."
7927749,Groups360,Miami,FL,info,,No automated issues flagged; still spot-check for domain edge cases.
7927750,Groups360,Miami,FL,info,,No automated issues flagged; still spot-check for domain edge cases.
7927751,Herbert Smith Freehills Kramer,,,info,NO_QUERY_GEO_RANK1_HAS_LOCATION;DUPLICATE_ROUNDED_SCORES_IN_TOP5,"Query omits city/state and rank-1 carries an address, but no same-name bare row ties it — acceptable when rank-1 is the best/only-named match (info only). Top-5 score ties are all the same entity (multi-office); expected, not a ranking defect (info only)."
7927752,Holiday Inn Toronto Downtown C,Toronto,ON,med,STRONG_SCORE_NON_EXACT_NAME;HYBRID_SEMANTIC_LED_AT_CEILING,Top-1 is a related but non-identical name (query_and_top1_names_related_non_equal) at 0.9576; rationale should justify suffix/token gaps. Hybrid (semantic-led) at a ceiling score with non-exact name overlap — defensibility risk for SMEs.
7927773,IIAR - International Insitute of Ammonia Refrigeration,Chicago,IL,med,DUPLICATE_ROUNDED_SCORES_IN_TOP5,Two or more top-5 rows of DIFFERENT entities share the same score to 4 decimals; ordering looks arbitrary without exposed tie-breakers.
7927774,INMEX-Informed Meetings Exchange ASDC Q4 2026 Meeting,,,info,,No automated issues flagged; still spot-check for domain edge cases.
7927775,"Island Technology, Inc.",,,info,NO_QUERY_GEO_RANK1_HAS_LOCATION;DUPLICATE_ROUNDED_SCORES_IN_TOP5,"Query omits city/state and rank-1 carries an address, but no same-name bare row ties it — acceptable when rank-1 is the best/only-named match (info only). Top-5 score ties are all the same entity (multi-office); expected, not a ranking defect (info only)."
7927776,JetSet Modern Pilates,Carmel Valley,CA,med,DUPLICATE_ROUNDED_SCORES_IN_TOP5,Two or more top-5 rows of DIFFERENT entities share the same score to 4 decimals; ordering looks arbitrary without exposed tie-breakers.
7927777,Joist AI,Los Angeles,CA,info,,No automated issues flagged; still spot-check for domain edge cases.
7927778,Kinematics,Phoenix,AZ,info,,No automated issues flagged; still spot-check for domain edge cases.
7927779,KSB,Richmond,VA,info,,No automated issues flagged; still spot-check for domain edge cases.
7927780,Lantern Q2 Offsite May 2026 HXJ3BC,,,info,DUPLICATE_ROUNDED_SCORES_IN_TOP5,"Top-5 score ties are all the same entity (multi-office); expected, not a ranking defect (info only)."
7927781,Malu Events Group World Cup 2026 EMBRACON MIA- June 2026,,,info,,No automated issues flagged; still spot-check for domain edge cases.
7927782,Maritz  ATYL,,,info,DUPLICATE_ROUNDED_SCORES_IN_TOP5,"Top-5 score ties are all the same entity (multi-office); expected, not a ranking defect (info only)."
7927784,"Meeting Your Needs, LLC for SAEOPP 2028 Annual Conference l MIAHA",,,info,NO_QUERY_GEO_RANK1_HAS_LOCATION;DUPLICATE_ROUNDED_SCORES_IN_TOP5,"Query omits city/state and rank-1 carries an address, but no same-name bare row ties it — acceptable when rank-1 is the best/only-named match (info only). Top-5 score ties are all the same entity (multi-office); expected, not a ranking defect (info only)."
7927785,Mercedes AMG,,,med,NO_QUERY_GEO_RANK1_HAS_LOCATION;DUPLICATE_ROUNDED_SCORES_IN_TOP5,"Query omits city/state and rank-1 carries an address, but no same-name bare row ties it — acceptable when rank-1 is the best/only-named match (info only). Two or more top-5 rows of DIFFERENT entities share the same score to 4 decimals; ordering looks arbitrary without exposed tie-breakers."
7927786,MIAHA Marketing Events 2026,,,info,DUPLICATE_ROUNDED_SCORES_IN_TOP5,"Top-5 score ties are all the same entity (multi-office); expected, not a ranking defect (info only)."
7927801,Miami Black Law Alumni,,,info,NO_QUERY_GEO_RANK1_HAS_LOCATION;DUPLICATE_ROUNDED_SCORES_IN_TOP5,"Query omits city/state and rank-1 carries an address, but no same-name bare row ties it — acceptable when rank-1 is the best/only-named match (info only). Top-5 score ties are all the same entity (multi-office); expected, not a ranking defect (info only)."
7927802,Miller Tanner Associates MTA - ICO72168,,,info,,No automated issues flagged; still spot-check for domain edge cases.
7927803,Miller Tanner Associates MTA - ICO72313,,,info,,No automated issues flagged; still spot-check for domain edge cases.
7927804,Morris Meetings and Incentives for Carta Business School - Sep 2026,,,info,DUPLICATE_ROUNDED_SCORES_IN_TOP5,"Top-5 score ties are all the same entity (multi-office); expected, not a ranking defect (info only)."
7927805,Multi-State Tax Corporation,,,info,NO_QUERY_GEO_RANK1_HAS_LOCATION;DUPLICATE_ROUNDED_SCORES_IN_TOP5,"Query omits city/state and rank-1 carries an address, but no same-name bare row ties it — acceptable when rank-1 is the best/only-named match (info only). Top-5 score ties are all the same entity (multi-office); expected, not a ranking defect (info only)."
7927806,National Association of College & University Food Services NACUFSiversity Food,,,med,DUPLICATE_ROUNDED_SCORES_IN_TOP5,Two or more top-5 rows of DIFFERENT entities share the same score to 4 decimals; ordering looks arbitrary without exposed tie-breakers.
7927807,Newell-Jackson,,,info,NO_QUERY_GEO_RANK1_HAS_LOCATION,"Query omits city/state and rank-1 carries an address, but no same-name bare row ties it — acceptable when rank-1 is the best/only-named match (info only)."
7927808,NHS,Cleveland,OH,info,,No automated issues flagged; still spot-check for domain edge cases.
7927809,Nordic Pharma,Cutchogue,NY,info,,No automated issues flagged; still spot-check for domain edge cases.
7927810,Nourish,,,info,DUPLICATE_ROUNDED_SCORES_IN_TOP5,"Top-5 score ties are all the same entity (multi-office); expected, not a ranking defect (info only)."
7927811,Onyx Security LTD,,,info,NO_QUERY_GEO_RANK1_HAS_LOCATION;DUPLICATE_ROUNDED_SCORES_IN_TOP5,"Query omits city/state and rank-1 carries an address, but no same-name bare row ties it — acceptable when rank-1 is the best/only-named match (info only). Top-5 score ties are all the same entity (multi-office); expected, not a ranking defect (info only)."
7927812,Planner Hero Nolan-2027 Mar-Annual Grand Summit Conference,,,info,NO_QUERY_GEO_RANK1_HAS_LOCATION;DUPLICATE_ROUNDED_SCORES_IN_TOP5,"Query omits city/state and rank-1 carries an address, but no same-name bare row ties it — acceptable when rank-1 is the best/only-named match (info only). Top-5 score ties are all the same entity (multi-office); expected, not a ranking defect (info only)."
7927813,PostTensioning Institute,,,info,,No automated issues flagged; still spot-check for domain edge cases.
7927814,Premier Dental,,,info,NO_QUERY_GEO_RANK1_HAS_LOCATION,"Query omits city/state and rank-1 carries an address, but no same-name bare row ties it — acceptable when rank-1 is the best/only-named match (info only)."
7927815,ProMeta Incentive Hisense MIA- June 2026,,,info,NO_QUERY_GEO_RANK1_HAS_LOCATION,"Query omits city/state and rank-1 carries an address, but no same-name bare row ties it — acceptable when rank-1 is the best/only-named match (info only)."
7927816,Prosci,Houston,TX,info,,No automated issues flagged; still spot-check for domain edge cases.
7927817,Redbird Realty,Selma,TX,info,,No automated issues flagged; still spot-check for domain edge cases.
7927821,Secondary Materials and Recycled Textiles SMART,,,med,NO_QUERY_GEO_RANK1_HAS_LOCATION;DUPLICATE_ROUNDED_SCORES_IN_TOP5,"Query omits city/state and rank-1 carries an address, but no same-name bare row ties it — acceptable when rank-1 is the best/only-named match (info only). Two or more top-5 rows of DIFFERENT entities share the same score to 4 decimals; ordering looks arbitrary without exposed tie-breakers."
7927822,Shiloh Event Management,SAN FRANCISCO,CA,info,,No automated issues flagged; still spot-check for domain edge cases.
7927823,SiteSearch Travel Services,,,info,DUPLICATE_ROUNDED_SCORES_IN_TOP5,"Top-5 score ties are all the same entity (multi-office); expected, not a ranking defect (info only)."
7927824,"SMASHOUSE Creative Events Agency, Inc.",,,info,,No automated issues flagged; still spot-check for domain edge cases.
7927825,Sojourn Travel Advisors,,,high,GATE_A_TOP5_TIE_CLUSTER,No automated issues flagged; still spot-check for domain edge cases.
7927826,"SonarSource US, Inc.",,,info,DUPLICATE_ROUNDED_SCORES_IN_TOP5,"Top-5 score ties are all the same entity (multi-office); expected, not a ranking defect (info only)."
7927827,Star Mountain Fund Management,New York,NY,info,,No automated issues flagged; still spot-check for domain edge cases.
7927828,Strategic Analysis for ARPA-H,,,info,DUPLICATE_ROUNDED_SCORES_IN_TOP5,"Top-5 score ties are all the same entity (multi-office); expected, not a ranking defect (info only)."
7927829,Strategic Association Management TxANA Annual Conference 2026,,,info,,No automated issues flagged; still spot-check for domain edge cases.
7927830,SUPERHUMAN,Makati City,,info,DUPLICATE_ROUNDED_SCORES_IN_TOP5,"Top-5 score ties are all the same entity (multi-office); expected, not a ranking defect (info only)."
7927831,Terranova Advising & Productions,Baltimore,MD,info,,No automated issues flagged; still spot-check for domain edge cases.
7927832,Texas Association for Education and Rehabilitation of the Blind,,,med,DUPLICATE_ROUNDED_SCORES_IN_TOP5,Two or more top-5 rows of DIFFERENT entities share the same score to 4 decimals; ordering looks arbitrary without exposed tie-breakers.
7927833,Texas Association of Behavioral Health Systems,,,info,NO_QUERY_GEO_RANK1_HAS_LOCATION;DUPLICATE_ROUNDED_SCORES_IN_TOP5,"Query omits city/state and rank-1 carries an address, but no same-name bare row ties it — acceptable when rank-1 is the best/only-named match (info only). Top-5 score ties are all the same entity (multi-office); expected, not a ranking defect (info only)."
7927834,The Chefs Warehouse,,,info,NO_QUERY_GEO_RANK1_HAS_LOCATION,"Query omits city/state and rank-1 carries an address, but no same-name bare row ties it — acceptable when rank-1 is the best/only-named match (info only)."
7927835,The Forum,,,info,NO_QUERY_GEO_RANK1_HAS_LOCATION,"Query omits city/state and rank-1 carries an address, but no same-name bare row ties it — acceptable when rank-1 is the best/only-named match (info only)."
7927836,TOSKANI,Barcelona,UNK,info,,No automated issues flagged; still spot-check for domain edge cases.
7927837,Tour Connections,Nashville,TN,info,,No automated issues flagged; still spot-check for domain edge cases.
7927838,traveling usa,,,info,NO_QUERY_GEO_RANK1_HAS_LOCATION,"Query omits city/state and rank-1 carries an address, but no same-name bare row ties it — acceptable when rank-1 is the best/only-named match (info only)."
7927839,Viajes Arista,makati,,info,DUPLICATE_ROUNDED_SCORES_IN_TOP5,"Top-5 score ties are all the same entity (multi-office); expected, not a ranking defect (info only)."
7927840,Whirling the World,Houston,TX,info,,No automated issues flagged; still spot-check for domain edge cases.
7927841,Whitney LLP 2027 Practice Group Retreat,,,info,,No automated issues flagged; still spot-check for domain edge cases.
7927842,Workforce Acceleration Initiative,Atlanta,GA,info,,No automated issues flagged; still spot-check for domain edge cases.
7927843,Yuzu Health,New York,NY,info,,No automated issues flagged; still spot-check for domain edge cases.
7927845,As You Go Travel,,,info,DUPLICATE_ROUNDED_SCORES_IN_TOP5,"Top-5 score ties are all the same entity (multi-office); expected, not a ranking defect (info only)."
7927846,EXV Travel,,,info,DUPLICATE_ROUNDED_SCORES_IN_TOP5,"Top-5 score ties are all the same entity (multi-office); expected, not a ranking defect (info only)."
7927847,FC Concierge,,,info,DUPLICATE_ROUNDED_SCORES_IN_TOP5,"Top-5 score ties are all the same entity (multi-office); expected, not a ranking defect (info only)."
7927848,FROSCH,Hartford,CT,info,,No automated issues flagged; still spot-check for domain edge cases.
7927849,General Counsel AI,Scottsdale,AZ,info,,No automated issues flagged; still spot-check for domain edge cases.
7927850,General Counsel AI,San Diego,CA,info,,No automated issues flagged; still spot-check for domain edge cases.
7927851,General Counsel AI,Hanover,MA,med,DUPLICATE_ROUNDED_SCORES_IN_TOP5,Two or more top-5 rows of DIFFERENT entities share the same score to 4 decimals; ordering looks arbitrary without exposed tie-breakers.
7927852,General Counsel AI,Scottsdale,AZ,info,,No automated issues flagged; still spot-check for domain edge cases.
7927853,General Counsel AI,Scottsdale,AZ,info,,No automated issues flagged; still spot-check for domain edge cases.
7927854,General Counsel AI,Fort Lee,NJ,med,DUPLICATE_ROUNDED_SCORES_IN_TOP5,Two or more top-5 rows of DIFFERENT entities share the same score to 4 decimals; ordering looks arbitrary without exposed tie-breakers.
7927855,General Counsel AI,Tilburg,,info,,No automated issues flagged; still spot-check for domain edge cases.
7927856,General Counsel AI,Hillsborough,NH,med,DUPLICATE_ROUNDED_SCORES_IN_TOP5,Two or more top-5 rows of DIFFERENT entities share the same score to 4 decimals; ordering looks arbitrary without exposed tie-breakers.
7927857,Global Travel Collection - Entertainment,Naucalpan,Estado de Mexico,med,DUPLICATE_ROUNDED_SCORES_IN_TOP5,Two or more top-5 rows of DIFFERENT entities share the same score to 4 decimals; ordering looks arbitrary without exposed tie-breakers.
7927859,Hunton Andrews Kurth LLP,Miami Beach,FL,info,,No automated issues flagged; still spot-check for domain edge cases.
7927860,LamontCo LLC dba Lamont Associates,Las Vegas,NV,med,STRONG_SCORE_NON_EXACT_NAME;HYBRID_SEMANTIC_LED_AT_CEILING,Top-1 is a related but non-identical name (query_and_top1_names_related_non_equal) at 0.9658; rationale should justify suffix/token gaps. Hybrid (semantic-led) at a ceiling score with non-exact name overlap — defensibility risk for SMEs.
7927861,LuxRally Travel LLC,CIBOLO,TX,info,,No automated issues flagged; still spot-check for domain edge cases.
7927862,Maritz Alcon Vision LLC,Fort Worth,TX,med,STRONG_SCORE_NON_EXACT_NAME;HYBRID_SEMANTIC_LED_AT_CEILING,Top-1 is a related but non-identical name (token_subset_mismatch) at 0.9658; rationale should justify suffix/token gaps. Hybrid (semantic-led) at a ceiling score with non-exact name overlap — defensibility risk for SMEs.
7927864,MDT,Cutchogue,NY,med,DUPLICATE_ROUNDED_SCORES_IN_TOP5,Two or more top-5 rows of DIFFERENT entities share the same score to 4 decimals; ordering looks arbitrary without exposed tie-breakers.
7927865,Meetings  Incentives Worldwid In,Parsippany,NJ,info,,No automated issues flagged; still spot-check for domain edge cases.
7927866,"Meetings Made Easy, LLC",Kasas City,,info,DUPLICATE_ROUNDED_SCORES_IN_TOP5,"Top-5 score ties are all the same entity (multi-office); expected, not a ranking defect (info only)."
7927867,miami 2,Atlanta,GA,info,DUPLICATE_ROUNDED_SCORES_IN_TOP5,"Top-5 score ties are all the same entity (multi-office); expected, not a ranking defect (info only)."
7927868,PCM Network 3rd party commiss,Bradenton,FL,info,,No automated issues flagged; still spot-check for domain edge cases.
7927869,Prestige | Global Meeting Source,,,info,,No automated issues flagged; still spot-check for domain edge cases.
7927870,ProMeta,,,info,NO_QUERY_GEO_RANK1_HAS_LOCATION;DUPLICATE_ROUNDED_SCORES_IN_TOP5,"Query omits city/state and rank-1 carries an address, but no same-name bare row ties it — acceptable when rank-1 is the best/only-named match (info only). Top-5 score ties are all the same entity (multi-office); expected, not a ranking defect (info only)."
7927871,"SMASHOUSE Creative Events Agency, Inc.",,,info,,No automated issues flagged; still spot-check for domain edge cases.
7927872,ZRN Viagens e Turismo,,,med,DUPLICATE_ROUNDED_SCORES_IN_TOP5,Two or more top-5 rows of DIFFERENT entities share the same score to 4 decimals; ordering looks arbitrary without exposed tie-breakers.
